model,wis,coverage_50,coverage_90
lgbm_quantile,82.30872049143366,0.44950580146110874,0.8691448216587881
ensemble_vincent,91.5636997413482,0.5255694026643747,0.8663515255694026
climatological_quantile,94.44961213173853,0.5472711645896003,0.8364847443059733
seasonal_naive,97.77998364608702,0.4911903738719381,0.8865492049849591
mechanistic_traj,101.00068340256888,0.5148259561667383,0.8523850451224753
naive,123.11144821658789,0.39965620971207566,0.791577137945853
