interval_level,factor
50,1.0336844960411902
80,0.9994079030129676
90,1.2267198939340618
95,1.7284102093824167
