model,1,2,3,4
climatological_quantile,386.1662121959237,3588.2651647764633,516.125436493261,174.23637286324785
ensemble_invwis,328.1555069046048,3606.6159932907754,419.72003550105933,202.42693012209858
ensemble_vincent,342.8293807884101,3586.602260681719,428.9507406246888,166.77904007034167
gru_negbin,339.2795438856016,3954.6016181788295,354.2304939184747,176.3634596804162
lgbm_quantile,351.20814975335117,3348.265510568663,652.9088611445704,350.4644066770674
naive,726.1453548241288,3833.4457518696586,1055.7196622287968,255.10961515235965
seasonal_naive,500.39082223865876,3847.9630116905,581.457471030572,206.12480258268297
