model,1,2,3,4
climatological_quantile,386.1662121959237,3588.2651647764633,516.125436493261,174.23637286324785
ensemble_invwis,322.1686961681267,3600.8007939795593,420.9166601256443,198.03536762589556
ensemble_vincent,339.4743250474974,3568.361568004324,425.3937834132738,170.4608280437422
gru_negbin,339.2795438856016,3954.6016181788295,354.2304939184747,176.3634596804162
lgbm_quantile,352.2289194779794,3326.907212054028,643.9442032575597,338.4249788609741
mechanistic_traj,468.3128259574293,3370.6724741124262,550.6899448348126,215.663343320327
naive,726.1453548241288,3833.4457518696586,1055.7196622287968,255.10961515235965
seasonal_naive,500.39082223865876,3847.9630116905,581.457471030572,206.12480258268297
