model,wis,coverage_50,coverage_80,coverage_90,coverage_95
ensemble_vincent,1287.551965310326,0.44972067039106145,0.752041254834551,0.8420713364847443,0.874731413837559
ensemble_invwis,1291.0021187096265,0.46991834980661795,0.7657928663515255,0.8528147829823808,0.8927804039535883
mechanistic_traj,1296.2097793713892,0.5292221744735711,0.7829823807477438,0.850236355822948,0.8891276321443919
lgbm_quantile,1309.411019384553,0.48538891276321444,0.7963042544048131,0.8854748603351955,0.9267296948861194
climatological_quantile,1326.9072115981476,0.4761495487752471,0.7342071336484745,0.8210141813493769,0.8495917490330898
gru_negbin,1372.9506462779925,0.32380747743876237,0.5672539750752041,0.677481736140954,0.74881822088526
seasonal_naive,1458.6092643425013,0.4488611946712505,0.7990975504941985,0.8824666953158573,0.9245810055865922
naive,1664.0429113546293,0.40180489901160293,0.7206703910614525,0.8046841426729695,0.8586162440911044
