model,wis,coverage_50,coverage_80,coverage_90,coverage_95
ensemble_vincent,1289.2361799297983,0.4507950150408251,0.7526858616244091,0.8386334336055007,0.8723678556080791
ensemble_invwis,1292.9015081764414,0.4673399226471852,0.7688010313708638,0.8461538461538461,0.8910614525139665
mechanistic_traj,1296.2097793713892,0.5292221744735711,0.7829823807477438,0.850236355822948,0.8891276321443919
lgbm_quantile,1311.282442728065,0.4903308981521272,0.799527288354104,0.8781693167168028,0.9230769230769231
climatological_quantile,1326.9072115981476,0.4761495487752471,0.7342071336484745,0.8210141813493769,0.8495917490330898
gru_negbin,1372.9506462779925,0.32380747743876237,0.5672539750752041,0.677481736140954,0.74881822088526
seasonal_naive,1458.6092643425013,0.4488611946712505,0.7990975504941985,0.8824666953158573,0.9245810055865922
naive,1664.0429113546293,0.40180489901160293,0.7206703910614525,0.8046841426729695,0.8586162440911044
