model,disease,fold_id,uf,date,horizon_weeks,origin_date,lower_95,lower_90,lower_80,lower_50,pred,upper_50,upper_80,upper_90,upper_95,observed_value,wis,dispersion,overprediction,underprediction,ae_median,coverage_50,coverage_80,coverage_90,coverage_95
gru_negbin,dengue,1,AC,2022-10-09,16,2022-06-19,11.6,15.2,19.8,29.6,44.2,62.6,82.8,96.6,109.8,31,6.15,6.15,0.0,0.0,13.200000000000003,True,True,True,True
gru_negbin,dengue,1,AC,2022-10-16,17,2022-06-19,13.0,17.0,22.4,34.4,51.8,74.2,99.0,116.2,132.4,38,7.212222222222222,7.212222222222222,0.0,0.0,13.799999999999997,True,True,True,True
gru_negbin,dengue,1,AC,2022-10-23,18,2022-06-19,14.4,18.8,25.6,39.6,60.6,88.4,119.2,140.4,160.6,43,8.91,8.91,0.0,0.0,17.6,True,True,True,True
gru_negbin,dengue,1,AC,2022-10-30,19,2022-06-19,15.6,21.0,28.6,45.6,71.4,105.4,143.8,170.4,195.8,35,14.943333333333337,12.587777777777779,2.355555555555556,0.0,36.400000000000006,False,True,True,True
gru_negbin,dengue,1,AC,2022-11-06,20,2022-06-19,16.8,23.2,32.0,52.2,83.4,125.2,172.8,205.8,237.8,40,17.974444444444444,15.263333333333334,2.7111111111111117,0.0,43.400000000000006,False,True,True,True
gru_negbin,dengue,1,AC,2022-11-13,21,2022-06-19,17.4,24.6,35.0,58.4,95.6,146.2,204.2,245.2,284.6,30,27.284444444444446,19.862222222222222,7.422222222222222,0.0,65.6,False,False,True,True
gru_negbin,dengue,1,AC,2022-11-20,22,2022-06-19,18.2,26.0,37.2,64.4,108.0,168.2,238.4,288.2,336.2,20,39.717777777777776,24.69555555555555,15.022222222222224,0.0,88.0,False,False,False,True
gru_negbin,dengue,1,AC,2022-11-27,23,2022-06-19,18.2,26.8,39.2,69.8,120.4,190.6,273.6,332.6,389.8,30,38.31555555555556,27.426666666666666,10.88888888888889,0.0,90.4,False,False,True,True
gru_negbin,dengue,1,AC,2022-12-04,24,2022-06-19,18.6,27.2,41.4,74.6,130.6,210.2,304.0,371.4,436.6,12,57.98222222222223,32.693333333333335,25.28888888888889,0.0,118.6,False,False,False,False
gru_negbin,dengue,1,AC,2022-12-11,25,2022-06-19,18.8,28.2,42.8,79.0,140.6,228.8,334.0,409.6,482.6,12,62.74111111111112,35.89666666666667,26.844444444444445,0.0,128.6,False,False,False,False
gru_negbin,dengue,1,AC,2022-12-18,26,2022-06-19,20.2,29.8,45.6,84.8,151.6,247.6,362.4,444.8,524.8,13,67.43222222222222,38.898888888888884,28.533333333333335,0.0,138.6,False,False,False,False
gru_negbin,dengue,1,AC,2022-12-25,27,2022-06-19,21.6,32.2,49.2,91.4,163.4,267.2,390.8,479.6,565.8,44,50.30777777777779,38.6188888888889,11.68888888888889,0.0,119.4,False,False,True,True
gru_negbin,dengue,1,AC,2023-01-01,28,2022-06-19,24.8,37.0,55.6,101.8,180.0,291.4,424.0,518.8,611.0,133,32.55222222222222,32.55222222222222,0.0,0.0,47.0,True,True,True,True
gru_negbin,dengue,1,AC,2023-01-08,29,2022-06-19,28.6,42.0,62.6,112.8,197.0,315.8,456.0,556.0,653.2,127,36.97888888888889,36.97888888888889,0.0,0.0,70.0,True,True,True,True
gru_negbin,dengue,1,AC,2023-01-15,30,2022-06-19,33.6,48.6,71.2,125.2,213.6,337.2,481.8,584.6,684.0,155,36.98222222222222,36.98222222222222,0.0,0.0,58.599999999999994,True,True,True,True
gru_negbin,dengue,1,AC,2023-01-22,31,2022-06-19,39.4,55.6,79.8,136.2,226.4,350.4,493.8,595.0,692.6,180,35.87777777777777,35.87777777777777,0.0,0.0,46.400000000000006,True,True,True,True
gru_negbin,dengue,1,AC,2023-01-29,32,2022-06-19,45.8,63.0,88.4,146.8,237.8,360.8,502.0,600.8,696.0,191,35.867777777777775,35.867777777777775,0.0,0.0,46.80000000000001,True,True,True,True
gru_negbin,dengue,1,AC,2023-02-05,33,2022-06-19,51.8,69.6,95.6,154.4,244.6,365.0,501.4,597.0,688.2,196,35.513333333333335,35.513333333333335,0.0,0.0,48.599999999999994,True,True,True,True
gru_negbin,dengue,1,AC,2023-02-12,34,2022-06-19,56.2,74.6,100.8,157.6,244.2,357.8,485.6,574.4,659.4,204,33.044444444444444,33.044444444444444,0.0,0.0,40.19999999999999,True,True,True,True
gru_negbin,dengue,1,AC,2023-02-19,35,2022-06-19,58.8,76.6,101.8,155.6,235.8,340.4,456.4,536.8,613.6,192,31.208888888888882,31.208888888888882,0.0,0.0,43.80000000000001,True,True,True,True
gru_negbin,dengue,1,AC,2023-02-26,36,2022-06-19,59.2,75.6,98.8,148.8,221.6,315.2,419.2,490.4,558.4,257,27.68,27.68,0.0,0.0,35.400000000000006,True,True,True,True
gru_negbin,dengue,1,AC,2023-03-05,37,2022-06-19,57.2,72.6,93.8,138.4,203.0,285.4,375.8,438.4,496.8,231,24.05111111111111,24.05111111111111,0.0,0.0,28.0,True,True,True,True
gru_negbin,dengue,1,AC,2023-03-12,38,2022-06-19,55.0,68.8,87.8,127.8,184.8,256.6,335.4,389.2,440.0,288,36.801111111111105,29.82333333333333,0.0,6.9777777777777725,103.19999999999999,False,True,True,True
gru_negbin,dengue,1,AC,2023-03-19,39,2022-06-19,52.4,65.0,82.4,117.8,168.6,232.2,301.0,348.2,392.2,231,23.18111111111111,23.18111111111111,0.0,0.0,62.400000000000006,True,True,True,True
gru_negbin,dengue,1,AC,2023-03-26,40,2022-06-19,49.6,61.0,76.6,108.4,153.0,208.6,268.8,310.0,348.6,197,19.154444444444447,19.154444444444447,0.0,0.0,44.0,True,True,True,True
gru_negbin,dengue,1,AC,2023-04-02,41,2022-06-19,46.8,57.2,71.0,99.2,138.6,187.4,239.6,275.2,308.2,177,16.787777777777777,16.787777777777777,0.0,0.0,38.400000000000006,True,True,True,True
gru_negbin,dengue,1,AC,2023-04-09,42,2022-06-19,43.4,52.8,65.0,90.0,124.8,167.0,212.6,243.2,271.6,198,25.963333333333328,19.074444444444445,0.0,6.888888888888889,73.2,False,True,True,True
gru_negbin,dengue,1,AC,2023-04-16,43,2022-06-19,39.6,48.0,58.8,80.6,110.6,147.4,186.2,212.4,237.0,203,35.821111111111115,19.732222222222223,0.0,16.08888888888889,92.4,False,False,True,True
gru_negbin,dengue,1,AC,2023-04-23,44,2022-06-19,37.0,44.4,54.4,74.2,101.4,134.2,169.2,192.8,214.6,126,11.253333333333332,11.253333333333332,0.0,0.0,24.599999999999994,True,True,True,True
gru_negbin,dengue,1,AC,2023-04-30,45,2022-06-19,34.2,41.0,49.6,67.8,92.0,122.0,153.0,174.0,193.8,134,15.006666666666668,12.339999999999998,0.0,2.6666666666666665,42.0,False,True,True,True
gru_negbin,dengue,1,AC,2023-05-07,46,2022-06-19,31.2,37.4,45.8,61.8,84.2,110.4,139.0,157.8,175.4,87,7.22111111111111,7.22111111111111,0.0,0.0,2.799999999999997,True,True,True,True
gru_negbin,dengue,1,AC,2023-05-14,47,2022-06-19,28.6,34.0,41.4,56.2,75.8,99.6,124.8,141.6,157.2,103,9.952222222222224,9.196666666666665,0.0,0.7555555555555569,27.200000000000003,False,True,True,True
gru_negbin,dengue,1,AC,2023-05-21,48,2022-06-19,26.0,31.2,37.4,50.6,68.4,89.4,111.8,126.6,140.4,77,6.46,6.46,0.0,0.0,8.599999999999994,True,True,True,True
gru_negbin,dengue,1,AC,2023-05-28,49,2022-06-19,23.2,27.8,33.6,45.0,60.8,79.2,98.2,111.4,123.6,60,4.9111111111111105,4.9111111111111105,0.0,0.0,0.7999999999999972,True,True,True,True
gru_negbin,dengue,1,AC,2023-06-04,50,2022-06-19,20.2,24.4,29.4,39.4,53.0,69.2,86.2,97.6,108.0,60,4.996666666666666,4.996666666666666,0.0,0.0,7.0,True,True,True,True
gru_negbin,dengue,1,AC,2023-06-11,51,2022-06-19,17.6,21.2,25.8,34.6,46.6,61.0,75.8,85.4,94.6,27,7.5855555555555565,5.8966666666666665,1.688888888888889,0.0,19.6,False,True,True,True
gru_negbin,dengue,1,AC,2023-06-18,52,2022-06-19,15.4,18.6,22.8,30.4,41.2,53.6,67.0,76.0,83.8,41,3.3111111111111113,3.3111111111111113,0.0,0.0,0.20000000000000284,True,True,True,True
gru_negbin,dengue,1,AC,2023-06-25,53,2022-06-19,13.8,16.6,20.4,27.2,36.8,48.4,59.8,67.4,74.8,29,3.823333333333333,3.823333333333333,0.0,0.0,7.799999999999997,True,True,True,True
gru_negbin,dengue,1,AC,2023-07-02,54,2022-06-19,12.2,14.8,18.2,24.8,33.0,43.4,54.0,61.0,67.4,27,3.3155555555555556,3.3155555555555556,0.0,0.0,6.0,True,True,True,True
gru_negbin,dengue,1,AC,2023-07-09,55,2022-06-19,11.4,13.8,16.8,22.4,30.6,40.0,49.6,56.4,62.4,37,3.1744444444444446,3.1744444444444446,0.0,0.0,6.399999999999999,True,True,True,True
gru_negbin,dengue,1,AC,2023-07-16,56,2022-06-19,10.4,12.6,15.2,20.8,28.6,37.4,46.8,53.0,58.4,33,2.828888888888889,2.828888888888889,0.0,0.0,4.399999999999999,True,True,True,True
gru_negbin,dengue,1,AC,2023-07-23,57,2022-06-19,9.8,11.6,14.8,19.8,27.0,36.0,44.8,50.8,56.2,23,2.7044444444444444,2.7044444444444444,0.0,0.0,4.0,True,True,True,True
gru_negbin,dengue,1,AC,2023-07-30,58,2022-06-19,9.0,11.0,13.6,19.2,26.2,34.6,43.8,49.4,55.0,32,2.8533333333333335,2.8533333333333335,0.0,0.0,5.800000000000001,True,True,True,True
gru_negbin,dengue,1,AC,2023-08-06,59,2022-06-19,8.6,10.6,13.2,18.2,26.0,34.2,43.4,49.4,55.2,40,5.094444444444445,3.8055555555555554,0.0,1.2888888888888883,14.0,False,True,True,True
gru_negbin,dengue,1,AC,2023-08-13,60,2022-06-19,8.0,10.4,13.2,18.2,25.4,34.2,43.4,50.0,55.8,34,3.2211111111111115,3.2211111111111115,0.0,0.0,8.600000000000001,True,True,True,True
gru_negbin,dengue,1,AC,2023-08-20,61,2022-06-19,7.8,9.8,12.6,18.0,25.6,34.6,44.6,50.8,57.4,26,2.408888888888889,2.408888888888889,0.0,0.0,0.3999999999999986,True,True,True,True
gru_negbin,dengue,1,AC,2023-08-27,62,2022-06-19,7.4,9.8,12.6,18.2,26.2,35.6,46.2,53.0,59.6,37,3.994444444444444,3.683333333333333,0.0,0.3111111111111108,10.8,False,True,True,True
gru_negbin,dengue,1,AC,2023-09-03,63,2022-06-19,7.4,9.4,12.4,18.6,26.8,37.6,48.6,56.6,63.8,18,3.808888888888889,3.6755555555555555,0.13333333333333364,0.0,8.8,False,True,True,True
gru_negbin,dengue,1,AC,2023-09-10,64,2022-06-19,7.4,9.6,13.0,19.6,28.8,40.4,53.2,62.0,70.2,33,3.4466666666666668,3.4466666666666668,0.0,0.0,4.199999999999999,True,True,True,True
gru_negbin,dengue,1,AC,2023-09-17,65,2022-06-19,7.8,10.6,14.0,21.6,32.0,45.4,60.0,70.2,79.6,52,7.094444444444445,5.627777777777777,0.0,1.466666666666667,20.0,False,True,True,True
gru_negbin,dengue,1,AC,2023-09-24,66,2022-06-19,8.8,11.8,15.8,24.0,36.0,51.8,69.0,81.0,92.2,36,3.958888888888889,3.958888888888889,0.0,0.0,0.0,True,True,True,True
gru_negbin,dengue,1,AC,2023-10-01,67,2022-06-19,9.8,13.0,17.4,27.0,41.6,60.6,81.2,95.4,109.4,55,6.242222222222221,6.242222222222221,0.0,0.0,13.399999999999999,True,True,True,True
gru_negbin,dengue,1,AL,2022-10-09,16,2022-06-19,54.4,72.8,99.8,161.8,261.6,398.6,557.2,669.6,777.6,133,54.65777777777779,48.25777777777778,6.400000000000002,0.0,128.60000000000002,False,True,True,True
gru_negbin,dengue,1,AL,2022-10-16,17,2022-06-19,49.6,67.0,92.8,153.2,250.8,386.4,543.6,655.8,764.0,138,49.395555555555546,46.01777777777778,3.377777777777775,0.0,112.80000000000001,False,True,True,True
gru_negbin,dengue,1,AL,2022-10-23,18,2022-06-19,44.8,61.0,85.8,144.0,239.6,373.2,530.4,642.0,750.2,79,66.78777777777776,50.832222222222214,15.955555555555556,0.0,160.6,False,False,True,True
gru_negbin,dengue,1,AL,2022-10-30,19,2022-06-19,39.6,55.0,78.4,134.6,227.8,359.2,514.8,626.0,734.0,79,61.266666666666666,48.91111111111111,12.355555555555554,0.0,148.8,False,True,True,True
gru_negbin,dengue,1,AL,2022-11-06,20,2022-06-19,34.6,49.0,71.0,124.6,214.6,343.6,496.4,606.0,712.6,79,56.77555555555555,46.64222222222222,10.133333333333333,0.0,135.6,False,True,True,True
gru_negbin,dengue,1,AL,2022-11-13,21,2022-06-19,30.0,42.8,63.4,113.6,200.2,324.6,474.0,581.6,686.2,79,51.63444444444445,43.94555555555556,7.688888888888887,0.0,121.19999999999999,False,True,True,True
gru_negbin,dengue,1,AL,2022-11-20,22,2022-06-19,25.4,37.0,55.6,102.2,183.6,302.4,446.0,550.0,651.4,62,51.42,42.486666666666665,8.933333333333334,0.0,121.6,False,True,True,True
gru_negbin,dengue,1,AL,2022-11-27,23,2022-06-19,21.4,31.8,49.0,92.4,168.8,283.0,421.4,522.0,620.4,40,55.59444444444445,41.95,13.644444444444446,0.0,128.8,False,False,True,True
gru_negbin,dengue,1,AL,2022-12-04,24,2022-06-19,18.4,28.0,43.4,83.6,156.4,265.2,398.6,495.6,590.8,40,49.73555555555555,39.291111111111114,10.444444444444443,0.0,116.4,False,False,True,True
gru_negbin,dengue,1,AL,2022-12-11,25,2022-06-19,16.4,25.0,39.4,77.2,146.0,249.8,377.8,471.6,563.8,22,55.690000000000005,38.89,16.799999999999997,0.0,124.0,False,False,False,True
gru_negbin,dengue,1,AL,2022-12-18,26,2022-06-19,15.2,23.4,37.0,72.4,137.4,236.0,357.8,447.2,534.8,21,52.257777777777775,36.74666666666666,15.511111111111113,0.0,116.4,False,False,False,True
gru_negbin,dengue,1,AL,2022-12-25,27,2022-06-19,14.4,22.2,35.2,69.0,130.8,225.6,342.4,427.8,512.0,19,50.642222222222216,35.22,15.422222222222224,0.0,111.80000000000001,False,False,False,True
gru_negbin,dengue,1,AL,2023-01-01,28,2022-06-19,14.0,21.6,34.0,67.0,127.6,219.6,333.8,417.4,499.4,50,34.63444444444444,30.856666666666666,3.7777777777777777,0.0,77.6,False,True,True,True
gru_negbin,dengue,1,AL,2023-01-08,29,2022-06-19,14.2,21.6,34.4,67.0,126.6,217.8,330.2,412.0,493.2,55,32.57222222222222,29.90555555555556,2.6666666666666665,0.0,71.6,False,True,True,True
gru_negbin,dengue,1,AL,2023-01-15,30,2022-06-19,14.8,22.6,35.0,68.2,128.6,219.6,332.0,414.2,495.2,46,36.142222222222216,31.20888888888889,4.933333333333334,0.0,82.6,False,True,True,True
gru_negbin,dengue,1,AL,2023-01-22,31,2022-06-19,15.8,23.8,36.8,71.2,132.4,225.2,339.2,422.4,504.4,35,41.68555555555556,33.24111111111111,8.444444444444445,0.0,97.4,False,False,True,True
gru_negbin,dengue,1,AL,2023-01-29,32,2022-06-19,16.8,25.4,39.0,74.4,138.0,233.6,350.8,436.2,520.0,51,38.0,32.8,5.200000000000001,0.0,87.0,False,True,True,True
gru_negbin,dengue,1,AL,2023-02-05,33,2022-06-19,18.2,27.2,41.6,79.0,145.8,245.6,367.4,456.6,544.0,68,35.27666666666667,32.83222222222222,2.4444444444444446,0.0,77.80000000000001,False,True,True,True
gru_negbin,dengue,1,AL,2023-02-12,34,2022-06-19,20.2,29.6,45.2,85.0,156.0,261.4,390.0,483.8,575.6,54,43.81666666666666,36.92777777777778,6.888888888888889,0.0,102.0,False,True,True,True
gru_negbin,dengue,1,AL,2023-02-19,35,2022-06-19,21.0,31.0,47.0,87.6,158.8,263.8,391.6,483.8,574.4,56,43.99666666666666,36.97444444444445,7.022222222222221,0.0,102.80000000000001,False,True,True,True
gru_negbin,dengue,1,AL,2023-02-26,36,2022-06-19,22.0,32.6,48.4,89.6,160.6,264.2,390.4,481.2,570.0,78,37.084444444444436,34.50666666666667,2.5777777777777766,0.0,82.6,False,True,True,True
gru_negbin,dengue,1,AL,2023-03-05,37,2022-06-19,23.4,33.8,50.6,91.4,161.8,263.2,384.8,472.6,558.2,74,38.44,34.57333333333333,3.866666666666668,0.0,87.80000000000001,False,True,True,True
gru_negbin,dengue,1,AL,2023-03-12,38,2022-06-19,24.8,35.6,52.6,93.6,163.0,262.6,380.8,465.6,548.0,91,32.94444444444444,32.36666666666667,0.5777777777777765,0.0,72.0,False,True,True,True
gru_negbin,dengue,1,AL,2023-03-19,39,2022-06-19,26.0,37.0,54.6,95.8,165.0,262.8,378.4,461.0,541.2,110,30.15777777777778,30.15777777777778,0.0,0.0,55.0,True,True,True,True
gru_negbin,dengue,1,AL,2023-03-26,40,2022-06-19,27.4,39.0,57.0,99.2,169.0,267.6,383.4,465.8,545.6,121,29.56333333333334,29.56333333333334,0.0,0.0,48.0,True,True,True,True
gru_negbin,dengue,1,AL,2023-04-02,41,2022-06-19,29.8,41.8,60.8,105.0,177.6,279.4,398.4,483.4,565.2,159,27.13888888888889,27.13888888888889,0.0,0.0,18.599999999999994,True,True,True,True
gru_negbin,dengue,1,AL,2023-04-09,42,2022-06-19,32.0,45.0,65.2,112.4,188.6,295.2,419.6,507.6,592.6,163,29.130000000000003,29.130000000000003,0.0,0.0,25.599999999999994,True,True,True,True
gru_negbin,dengue,1,AL,2023-04-16,43,2022-06-19,34.4,48.4,69.4,118.6,198.4,308.8,437.6,528.4,616.2,146,33.13666666666667,33.13666666666667,0.0,0.0,52.400000000000006,True,True,True,True
gru_negbin,dengue,1,AL,2023-04-23,44,2022-06-19,37.0,51.6,73.4,124.2,206.0,319.2,450.2,543.0,632.2,127,36.75111111111111,36.75111111111111,0.0,0.0,79.0,True,True,True,True
gru_negbin,dengue,1,AL,2023-04-30,45,2022-06-19,38.8,54.0,76.2,128.2,211.0,324.6,456.4,549.6,639.2,147,35.31333333333334,35.31333333333334,0.0,0.0,64.0,True,True,True,True
gru_negbin,dengue,1,AL,2023-05-07,46,2022-06-19,41.0,56.4,79.2,131.4,214.6,327.8,459.2,551.6,640.4,137,36.81,36.81,0.0,0.0,77.6,True,True,True,True
gru_negbin,dengue,1,AL,2023-05-14,47,2022-06-19,42.4,57.4,80.0,131.2,212.0,322.2,448.6,537.8,623.2,111,43.07777777777777,38.58888888888888,4.488888888888886,0.0,101.0,False,True,True,True
gru_negbin,dengue,1,AL,2023-05-21,48,2022-06-19,43.6,58.4,80.8,130.6,209.0,314.6,435.6,520.4,601.8,126,36.58555555555555,35.56333333333333,1.022222222222221,0.0,83.0,False,True,True,True
gru_negbin,dengue,1,AL,2023-05-28,49,2022-06-19,43.8,58.8,80.0,128.0,202.2,302.0,415.4,495.4,571.6,124,34.48111111111111,33.59222222222222,0.8888888888888888,0.0,78.19999999999999,False,True,True,True
gru_negbin,dengue,1,AL,2023-06-04,50,2022-06-19,43.4,57.4,77.8,122.8,192.2,285.2,391.0,465.0,535.8,137,29.379999999999995,29.379999999999995,0.0,0.0,55.19999999999999,True,True,True,True
gru_negbin,dengue,1,AL,2023-06-11,51,2022-06-19,41.8,55.2,74.4,116.6,182.0,269.0,368.0,437.2,503.6,151,25.245555555555555,25.245555555555555,0.0,0.0,31.0,True,True,True,True
gru_negbin,dengue,1,AL,2023-06-18,52,2022-06-19,40.0,52.4,70.2,110.2,171.4,253.2,346.0,410.8,473.0,131,24.950000000000003,24.950000000000003,0.0,0.0,40.400000000000006,True,True,True,True
gru_negbin,dengue,1,AL,2023-06-25,53,2022-06-19,37.8,49.4,66.2,103.4,160.8,237.4,324.4,385.2,443.8,130,22.59111111111111,22.59111111111111,0.0,0.0,30.80000000000001,True,True,True,True
gru_negbin,dengue,1,AL,2023-07-02,54,2022-06-19,35.4,46.2,62.0,97.0,150.4,222.2,303.6,360.6,415.2,121,21.194444444444443,21.194444444444443,0.0,0.0,29.400000000000006,True,True,True,True
gru_negbin,dengue,1,AL,2023-07-09,55,2022-06-19,33.6,44.0,58.6,91.0,140.0,205.8,280.2,332.2,381.8,149,17.43888888888889,17.43888888888889,0.0,0.0,9.0,True,True,True,True
gru_negbin,dengue,1,AL,2023-07-16,56,2022-06-19,32.0,42.0,55.4,85.6,131.6,192.0,260.8,308.6,354.0,117,16.84888888888889,16.84888888888889,0.0,0.0,14.599999999999994,True,True,True,True
gru_negbin,dengue,1,AL,2023-07-23,57,2022-06-19,30.6,39.4,52.2,80.4,123.2,179.6,243.4,288.0,330.2,112,15.431111111111111,15.431111111111111,0.0,0.0,11.200000000000003,True,True,True,True
gru_negbin,dengue,1,AL,2023-07-30,58,2022-06-19,28.0,36.6,49.0,75.0,114.6,167.6,227.0,268.0,307.4,121,13.934444444444445,13.934444444444445,0.0,0.0,6.400000000000006,True,True,True,True
gru_negbin,dengue,1,AL,2023-08-06,59,2022-06-19,26.0,33.8,45.4,70.0,107.0,156.2,212.2,251.0,287.8,121,13.918888888888889,13.918888888888889,0.0,0.0,14.0,True,True,True,True
gru_negbin,dengue,1,AL,2023-08-13,60,2022-06-19,23.8,31.4,41.8,65.0,100.6,147.0,199.8,236.6,271.4,102,11.877777777777778,11.877777777777778,0.0,0.0,1.4000000000000057,True,True,True,True
gru_negbin,dengue,1,AL,2023-08-20,61,2022-06-19,21.4,28.2,38.2,60.6,94.2,139.2,189.4,224.6,258.2,85,12.246666666666666,12.246666666666666,0.0,0.0,9.200000000000003,True,True,True,True
gru_negbin,dengue,1,AL,2023-08-27,62,2022-06-19,19.0,26.0,35.4,56.2,88.6,131.4,180.2,214.2,246.8,86,11.04111111111111,11.04111111111111,0.0,0.0,2.5999999999999943,True,True,True,True
gru_negbin,dengue,1,AL,2023-09-03,63,2022-06-19,17.6,23.8,33.0,52.8,84.2,125.4,172.4,205.4,236.8,71,11.833333333333334,11.833333333333334,0.0,0.0,13.200000000000003,True,True,True,True
gru_negbin,dengue,1,AL,2023-09-10,64,2022-06-19,16.4,22.2,30.6,50.0,80.2,120.4,166.4,198.8,229.6,63,11.986666666666668,11.986666666666668,0.0,0.0,17.200000000000003,True,True,True,True
gru_negbin,dengue,1,AL,2023-09-17,65,2022-06-19,14.6,20.6,28.4,47.4,76.4,115.6,160.4,192.0,222.4,47,13.136666666666667,13.047777777777778,0.08888888888888857,0.0,29.400000000000006,False,True,True,True
gru_negbin,dengue,1,AL,2023-09-24,66,2022-06-19,14.0,19.2,27.0,44.6,72.6,110.8,154.4,185.0,214.8,62,10.644444444444442,10.644444444444442,0.0,0.0,10.599999999999994,True,True,True,True
gru_negbin,dengue,1,AL,2023-10-01,67,2022-06-19,12.8,18.0,25.0,42.4,69.2,106.2,148.4,178.2,206.8,53,10.944444444444445,10.944444444444445,0.0,0.0,16.200000000000003,True,True,True,True
gru_negbin,dengue,1,AM,2022-10-09,16,2022-06-19,15.8,18.8,22.8,30.6,40.4,52.2,64.6,72.6,80.2,250,188.68444444444447,26.37333333333333,0.0,162.31111111111113,209.6,False,False,False,False
gru_negbin,dengue,1,AM,2022-10-16,17,2022-06-19,15.2,18.2,22.2,30.2,40.4,52.4,65.2,73.8,81.4,196,134.06333333333333,20.46333333333333,0.0,113.59999999999998,155.6,False,False,False,False
gru_negbin,dengue,1,AM,2022-10-23,18,2022-06-19,14.4,17.4,21.6,29.2,40.0,52.6,66.0,74.6,83.0,161,98.4811111111111,16.747777777777777,0.0,81.73333333333333,121.0,False,False,False,False
gru_negbin,dengue,1,AM,2022-10-30,19,2022-06-19,14.0,17.2,21.4,29.2,40.4,53.6,67.8,77.2,86.0,147,82.72,15.297777777777775,0.0,67.42222222222223,106.6,False,False,False,False
gru_negbin,dengue,1,AM,2022-11-06,20,2022-06-19,13.4,16.6,20.8,29.2,41.0,55.4,70.6,81.2,90.6,129,61.97555555555555,13.486666666666665,0.0,48.488888888888894,88.0,False,False,False,False
gru_negbin,dengue,1,AM,2022-11-13,21,2022-06-19,12.8,16.2,20.6,29.6,42.6,57.8,74.8,86.2,96.8,117,46.148888888888884,12.282222222222224,0.0,33.86666666666666,74.4,False,False,False,False
gru_negbin,dengue,1,AM,2022-11-20,22,2022-06-19,13.0,16.2,21.2,30.4,44.0,61.0,79.6,92.2,104.0,118,42.614444444444445,12.57,0.0,30.04444444444444,74.0,False,False,False,False
gru_negbin,dengue,1,AM,2022-11-27,23,2022-06-19,12.8,16.2,21.0,31.6,46.0,64.6,85.0,98.6,111.8,110,30.010000000000005,11.83222222222222,0.0,18.17777777777778,64.0,False,False,False,True
gru_negbin,dengue,1,AM,2022-12-04,24,2022-06-19,12.8,16.8,21.8,32.6,48.6,68.8,91.6,106.8,121.6,87,13.47777777777778,9.433333333333334,0.0,4.044444444444445,38.4,False,True,True,True
gru_negbin,dengue,1,AM,2022-12-11,25,2022-06-19,13.0,17.0,22.6,34.4,51.6,74.0,99.2,116.4,132.6,52,5.7155555555555555,5.7155555555555555,0.0,0.0,0.3999999999999986,True,True,True,True
gru_negbin,dengue,1,AM,2022-12-18,26,2022-06-19,13.8,17.8,23.4,36.2,55.0,79.8,107.6,126.8,144.8,44,7.4544444444444435,7.4544444444444435,0.0,0.0,11.0,True,True,True,True
gru_negbin,dengue,1,AM,2022-12-25,27,2022-06-19,14.4,18.8,25.0,38.6,59.4,86.6,117.2,138.4,158.6,81,9.245555555555555,9.245555555555555,0.0,0.0,21.6,True,True,True,True
gru_negbin,dengue,1,AM,2023-01-01,28,2022-06-19,15.6,20.4,27.2,42.2,64.8,95.2,129.0,152.6,175.6,198,75.60888888888888,22.36444444444444,0.0,53.24444444444445,133.2,False,False,False,False
gru_negbin,dengue,1,AM,2023-01-08,29,2022-06-19,17.2,22.8,29.8,46.0,71.0,104.0,141.4,167.2,192.0,195,61.03333333333333,22.055555555555557,0.0,38.97777777777778,124.0,False,False,False,False
gru_negbin,dengue,1,AM,2023-01-15,30,2022-06-19,20.0,25.8,34.2,51.6,78.4,113.4,152.8,180.0,206.0,198,54.94888888888889,22.104444444444443,0.0,32.84444444444444,119.6,False,False,False,True
gru_negbin,dengue,1,AM,2023-01-22,31,2022-06-19,23.8,30.2,39.2,58.2,86.4,123.4,163.8,191.6,218.8,214,59.712222222222216,23.44555555555555,0.0,36.266666666666666,127.6,False,False,False,True
gru_negbin,dengue,1,AM,2023-01-29,32,2022-06-19,28.0,34.8,44.8,64.8,94.0,131.2,172.4,200.6,227.2,251,87.49555555555555,26.917777777777772,0.0,60.57777777777778,157.0,False,False,False,False
gru_negbin,dengue,1,AM,2023-02-05,33,2022-06-19,32.2,39.4,49.4,70.0,99.0,135.8,175.8,202.6,228.4,277,110.34555555555555,29.145555555555557,0.0,81.19999999999999,178.0,False,False,False,False
gru_negbin,dengue,1,AM,2023-02-12,34,2022-06-19,35.8,43.6,53.6,74.6,103.6,139.6,178.6,204.8,229.4,180,27.03333333333334,17.744444444444447,0.0,9.288888888888891,76.4,False,False,True,True
gru_negbin,dengue,1,AM,2023-02-19,35,2022-06-19,38.6,46.6,56.8,77.4,105.8,141.0,178.0,203.4,226.8,148,15.258888888888887,13.703333333333333,0.0,1.5555555555555556,42.2,False,True,True,True
gru_negbin,dengue,1,AM,2023-02-26,36,2022-06-19,40.0,47.8,58.2,78.8,106.8,141.2,178.0,202.4,225.6,167,21.299999999999997,15.566666666666666,0.0,5.733333333333336,60.2,False,True,True,True
gru_negbin,dengue,1,AM,2023-03-05,37,2022-06-19,41.2,49.0,59.0,79.2,107.0,141.0,176.4,200.8,223.4,143,13.185555555555556,12.741111111111111,0.0,0.4444444444444444,36.0,False,True,True,True
gru_negbin,dengue,1,AM,2023-03-12,38,2022-06-19,41.6,49.2,59.4,79.6,107.0,140.4,176.0,199.8,222.2,125,10.645555555555555,10.645555555555555,0.0,0.0,18.0,True,True,True,True
gru_negbin,dengue,1,AM,2023-03-19,39,2022-06-19,41.4,49.0,59.2,79.4,107.0,140.8,177.0,201.2,223.6,119,10.065555555555555,10.065555555555555,0.0,0.0,12.0,True,True,True,True
gru_negbin,dengue,1,AM,2023-03-26,40,2022-06-19,41.4,49.2,59.0,79.2,106.8,140.6,176.6,200.8,223.4,122,10.408888888888889,10.408888888888889,0.0,0.0,15.200000000000003,True,True,True,True
gru_negbin,dengue,1,AM,2023-04-02,41,2022-06-19,41.2,48.8,58.6,78.4,105.2,138.4,173.6,197.2,219.2,125,10.726666666666667,10.726666666666667,0.0,0.0,19.799999999999997,True,True,True,True
gru_negbin,dengue,1,AM,2023-04-09,42,2022-06-19,40.4,47.6,57.2,76.2,102.4,134.4,168.6,191.4,212.6,106,8.663333333333334,8.663333333333334,0.0,0.0,3.5999999999999943,True,True,True,True
gru_negbin,dengue,1,AM,2023-04-16,43,2022-06-19,38.6,45.4,54.6,73.0,97.6,128.0,160.2,181.8,202.0,153,19.53666666666667,13.981111111111112,0.0,5.555555555555555,55.400000000000006,False,True,True,True
gru_negbin,dengue,1,AM,2023-04-23,44,2022-06-19,36.2,42.8,51.6,68.6,91.8,120.6,150.8,171.2,190.2,135,15.375555555555557,12.175555555555555,0.0,3.200000000000001,43.2,False,True,True,True
gru_negbin,dengue,1,AM,2023-04-30,45,2022-06-19,33.8,40.0,47.8,64.0,85.6,112.2,140.4,159.4,177.2,143,20.65888888888889,13.236666666666666,0.0,7.422222222222221,57.400000000000006,False,False,True,True
gru_negbin,dengue,1,AM,2023-05-07,46,2022-06-19,31.2,36.8,43.8,58.4,78.4,102.4,127.8,145.0,161.2,127,17.102222222222217,11.635555555555554,0.0,5.466666666666665,48.599999999999994,False,True,True,True
gru_negbin,dengue,1,AM,2023-05-14,47,2022-06-19,28.4,33.2,40.0,53.0,71.0,92.6,115.4,131.0,145.4,131,24.278888888888886,12.27888888888889,0.0,12.0,60.0,False,False,True,True
gru_negbin,dengue,1,AM,2023-05-21,48,2022-06-19,25.4,29.8,35.8,47.8,64.0,83.2,103.6,117.4,130.4,89,9.096666666666668,7.807777777777777,0.0,1.2888888888888883,25.0,False,True,True,True
gru_negbin,dengue,1,AM,2023-05-28,49,2022-06-19,22.6,26.8,32.2,43.0,57.6,74.6,93.4,105.6,116.8,65,5.336666666666666,5.336666666666666,0.0,0.0,7.399999999999999,True,True,True,True
gru_negbin,dengue,1,AM,2023-06-04,50,2022-06-19,20.4,24.2,29.4,39.2,52.2,67.8,84.4,95.2,105.6,75,8.206666666666667,6.6066666666666665,0.0,1.6000000000000005,22.799999999999997,False,True,True,True
gru_negbin,dengue,1,AM,2023-06-11,51,2022-06-19,19.0,22.6,26.8,35.8,48.0,62.2,77.2,87.2,96.6,69,7.58,6.068888888888889,0.0,1.5111111111111104,21.0,False,True,True,True
gru_negbin,dengue,1,AM,2023-06-18,52,2022-06-19,17.6,21.0,25.4,33.4,44.8,57.8,71.6,81.0,89.4,78,13.04777777777778,7.136666666666667,0.0,5.911111111111113,33.2,False,False,True,True
gru_negbin,dengue,1,AM,2023-06-25,53,2022-06-19,17.2,20.2,24.2,32.2,42.6,55.2,68.4,76.8,85.0,90,25.11,8.532222222222222,0.0,16.577777777777776,47.4,False,False,False,False
gru_negbin,dengue,1,AM,2023-07-02,54,2022-06-19,17.0,20.0,23.8,31.4,41.6,53.6,66.0,74.4,81.8,103,40.224444444444444,9.957777777777778,0.0,30.266666666666666,61.4,False,False,False,False
gru_negbin,dengue,1,AM,2023-07-09,55,2022-06-19,16.8,19.8,23.8,31.2,41.4,52.8,65.2,73.2,80.8,115,53.02444444444445,11.246666666666666,0.0,41.77777777777778,73.6,False,False,False,False
gru_negbin,dengue,1,AM,2023-07-16,56,2022-06-19,17.0,20.2,24.0,31.4,41.2,53.2,65.0,72.8,80.6,93,31.126666666666665,8.815555555555555,0.0,22.311111111111114,51.8,False,False,False,False
gru_negbin,dengue,1,AM,2023-07-23,57,2022-06-19,17.0,19.8,23.6,31.4,41.2,52.8,64.8,72.8,80.2,89,27.333333333333332,8.355555555555554,0.0,18.977777777777778,47.8,False,False,False,False
gru_negbin,dengue,1,AM,2023-07-30,58,2022-06-19,17.0,20.0,24.0,31.8,41.6,53.2,65.6,73.8,81.0,57,5.622222222222222,4.777777777777778,0.0,0.8444444444444438,15.399999999999999,False,True,True,True
gru_negbin,dengue,1,AM,2023-08-06,59,2022-06-19,17.0,20.2,24.2,31.6,41.8,53.6,66.0,74.6,82.0,46,3.5833333333333335,3.5833333333333335,0.0,0.0,4.200000000000003,True,True,True,True
gru_negbin,dengue,1,AM,2023-08-13,60,2022-06-19,17.0,19.8,23.8,31.2,41.4,53.4,65.4,73.6,80.8,75,14.087777777777777,6.843333333333334,0.0,7.2444444444444445,33.6,False,False,False,True
gru_negbin,dengue,1,AM,2023-08-20,61,2022-06-19,16.2,19.2,23.2,30.6,40.6,52.2,64.2,72.0,79.6,65,8.783333333333331,5.761111111111111,0.0,3.022222222222221,24.4,False,False,True,True
gru_negbin,dengue,1,AM,2023-08-27,62,2022-06-19,15.4,18.4,22.0,29.4,39.2,51.0,62.8,71.0,78.2,67,10.617777777777778,6.128888888888888,0.0,4.48888888888889,27.799999999999997,False,False,True,True
gru_negbin,dengue,1,AM,2023-09-03,63,2022-06-19,14.6,17.4,20.8,28.4,38.0,49.4,61.6,69.2,76.6,77,18.704444444444444,7.326666666666666,0.0,11.377777777777778,39.0,False,False,False,False
gru_negbin,dengue,1,AM,2023-09-10,64,2022-06-19,14.0,16.8,20.4,27.4,36.8,48.2,60.4,68.2,75.6,75,17.913333333333334,7.202222222222223,0.0,10.71111111111111,38.2,False,False,False,True
gru_negbin,dengue,1,AM,2023-09-17,65,2022-06-19,13.4,16.0,20.0,26.6,36.2,47.2,59.2,67.2,74.6,73,17.10222222222222,7.013333333333332,0.0,10.088888888888887,36.8,False,False,False,True
gru_negbin,dengue,1,AM,2023-09-24,66,2022-06-19,12.6,15.8,19.2,26.2,35.6,47.2,58.8,67.0,74.2,57,7.513333333333332,5.335555555555555,0.0,2.177777777777777,21.4,False,True,True,True
gru_negbin,dengue,1,AM,2023-10-01,67,2022-06-19,12.4,15.4,18.8,25.6,35.4,47.0,59.0,67.0,74.8,72,16.624444444444446,7.068888888888889,0.0,9.555555555555555,36.6,False,False,False,True
gru_negbin,dengue,1,AP,2022-10-09,16,2022-06-19,0.0,0.0,0.0,1.0,2.6,4.8,7.6,9.6,11.8,5,0.8633333333333334,0.8188888888888889,0.0,0.04444444444444448,2.4,False,True,True,True
gru_negbin,dengue,1,AP,2022-10-16,17,2022-06-19,0.0,0.0,0.0,1.0,2.6,4.8,8.0,10.2,12.4,4,0.7266666666666666,0.7266666666666666,0.0,0.0,1.4,True,True,True,True
gru_negbin,dengue,1,AP,2022-10-23,18,2022-06-19,0.0,0.0,0.0,1.0,2.4,4.8,8.4,10.6,13.2,1,0.7444444444444444,0.7444444444444444,0.0,0.0,1.4,True,True,True,True
gru_negbin,dengue,1,AP,2022-10-30,19,2022-06-19,0.0,0.0,0.0,1.0,2.4,5.2,8.2,11.2,13.8,1,0.7722222222222223,0.7722222222222223,0.0,0.0,1.4,True,True,True,True
gru_negbin,dengue,1,AP,2022-11-06,20,2022-06-19,0.0,0.0,0.0,0.8,2.4,5.2,8.6,11.6,14.4,3,0.7111111111111111,0.7111111111111111,0.0,0.0,0.6000000000000001,True,True,True,True
gru_negbin,dengue,1,AP,2022-11-13,21,2022-06-19,0.0,0.0,0.0,0.8,2.4,5.2,8.8,12.0,14.8,2,0.6999999999999998,0.6999999999999998,0.0,0.0,0.3999999999999999,True,True,True,True
gru_negbin,dengue,1,AP,2022-11-20,22,2022-06-19,0.0,0.0,0.0,0.8,2.6,5.2,9.2,12.0,15.0,3,0.71,0.71,0.0,0.0,0.3999999999999999,True,True,True,True
gru_negbin,dengue,1,AP,2022-11-27,23,2022-06-19,0.0,0.0,0.0,1.0,2.4,5.0,9.0,12.0,14.8,3,0.7044444444444444,0.7044444444444444,0.0,0.0,0.6000000000000001,True,True,True,True
gru_negbin,dengue,1,AP,2022-12-04,24,2022-06-19,0.0,0.0,0.0,0.8,2.4,5.0,9.0,12.0,14.6,2,0.6922222222222223,0.6922222222222223,0.0,0.0,0.3999999999999999,True,True,True,True
gru_negbin,dengue,1,AP,2022-12-11,25,2022-06-19,0.0,0.0,0.0,0.8,2.6,5.2,8.8,11.6,14.6,0,1.1166666666666667,0.938888888888889,0.17777777777777778,0.0,2.6,False,True,True,True
gru_negbin,dengue,1,AP,2022-12-18,26,2022-06-19,0.0,0.0,0.0,0.8,2.6,5.2,8.8,11.8,14.4,2,0.7177777777777778,0.7177777777777778,0.0,0.0,0.6000000000000001,True,True,True,True
gru_negbin,dengue,1,AP,2022-12-25,27,2022-06-19,0.0,0.0,0.0,0.8,2.6,5.2,8.8,11.6,14.4,8,1.8711111111111107,1.248888888888889,0.0,0.6222222222222222,5.4,False,True,True,True
gru_negbin,dengue,1,AP,2023-01-01,28,2022-06-19,0.0,0.0,0.0,0.8,2.6,5.4,9.0,11.6,14.6,12,3.9322222222222223,1.71,0.0,2.2222222222222223,9.4,False,False,False,True
gru_negbin,dengue,1,AP,2023-01-08,29,2022-06-19,0.0,0.0,0.0,1.2,2.8,5.8,9.4,12.2,14.6,13,4.392222222222222,1.8144444444444443,0.0,2.577777777777778,10.2,False,False,False,True
gru_negbin,dengue,1,AP,2023-01-15,30,2022-06-19,0.0,0.0,0.2,1.2,3.2,6.2,10.0,12.2,15.2,19,9.67111111111111,2.4711111111111115,0.0,7.200000000000001,15.8,False,False,False,False
gru_negbin,dengue,1,AP,2023-01-22,31,2022-06-19,0.0,0.0,0.2,1.6,3.6,6.6,10.0,12.4,15.2,28,18.495555555555555,3.428888888888889,0.0,15.066666666666666,24.4,False,False,False,False
gru_negbin,dengue,1,AP,2023-01-29,32,2022-06-19,0.0,0.2,0.4,1.6,4.0,6.8,10.2,12.6,15.4,27,17.285555555555554,3.285555555555556,0.0,14.0,23.0,False,False,False,False
gru_negbin,dengue,1,AP,2023-02-05,33,2022-06-19,0.0,0.2,1.0,2.0,4.2,7.2,10.2,12.6,15.0,12,3.0477777777777777,1.5811111111111111,0.0,1.4666666666666668,7.8,False,False,True,True
gru_negbin,dengue,1,AP,2023-02-12,34,2022-06-19,0.2,0.4,1.0,2.4,4.4,7.2,10.2,12.4,14.6,11,2.44,1.4177777777777778,0.0,1.0222222222222224,6.6,False,False,True,True
gru_negbin,dengue,1,AP,2023-02-19,35,2022-06-19,0.2,0.6,1.2,2.6,4.4,7.4,10.0,12.2,14.0,19,9.49,2.29,0.0,7.200000000000001,14.6,False,False,False,False
gru_negbin,dengue,1,AP,2023-02-26,36,2022-06-19,0.2,0.6,1.6,2.6,4.4,6.8,9.6,11.4,13.2,22,13.003333333333334,2.558888888888889,0.0,10.444444444444445,17.6,False,False,False,False
gru_negbin,dengue,1,AP,2023-03-05,37,2022-06-19,0.2,0.6,1.4,2.6,4.2,6.6,9.0,10.6,12.4,17,8.525555555555556,1.9922222222222221,0.0,6.533333333333333,12.8,False,False,False,False
gru_negbin,dengue,1,AP,2023-03-12,38,2022-06-19,0.2,0.6,1.4,2.4,4.0,6.0,8.6,10.2,12.0,18,9.91,2.087777777777778,0.0,7.822222222222223,14.0,False,False,False,False
gru_negbin,dengue,1,AP,2023-03-19,39,2022-06-19,0.2,0.4,1.2,2.4,3.8,6.0,8.2,9.8,11.0,14,6.319999999999999,1.6533333333333333,0.0,4.666666666666667,10.2,False,False,False,False
gru_negbin,dengue,1,AP,2023-03-26,40,2022-06-19,0.2,0.4,1.2,2.4,3.8,5.6,7.8,9.2,10.4,11,3.723333333333333,1.278888888888889,0.0,2.4444444444444446,7.2,False,False,False,False
gru_negbin,dengue,1,AP,2023-04-02,41,2022-06-19,0.2,0.4,1.2,2.2,3.4,5.2,7.6,8.8,10.0,9,2.278888888888889,1.0788888888888888,0.0,1.2,5.6,False,False,False,True
gru_negbin,dengue,1,AP,2023-04-09,42,2022-06-19,0.0,0.4,1.0,2.2,3.4,5.4,7.2,8.2,9.6,14,7.322222222222221,1.6333333333333333,0.0,5.688888888888889,10.6,False,False,False,False
gru_negbin,dengue,1,AP,2023-04-16,43,2022-06-19,0.0,0.2,1.0,2.0,3.2,5.2,6.8,8.4,9.4,17,10.472222222222221,1.9833333333333332,0.0,8.488888888888889,13.8,False,False,False,False
gru_negbin,dengue,1,AP,2023-04-23,44,2022-06-19,0.0,0.2,1.0,1.6,3.4,5.0,6.6,8.0,9.2,21,14.673333333333334,2.406666666666667,0.0,12.266666666666667,17.6,False,False,False,False
gru_negbin,dengue,1,AP,2023-04-30,45,2022-06-19,0.0,0.4,0.6,1.6,3.0,4.8,6.4,7.6,9.2,7,1.5044444444444443,0.8822222222222221,0.0,0.6222222222222222,4.0,False,False,True,True
gru_negbin,dengue,1,AP,2023-05-07,46,2022-06-19,0.0,0.2,0.6,1.6,2.8,4.6,6.2,7.6,8.6,12,6.109999999999999,1.4433333333333331,0.0,4.666666666666667,9.2,False,False,False,False
gru_negbin,dengue,1,AP,2023-05-14,47,2022-06-19,0.0,0.0,0.6,1.6,2.8,4.2,6.2,7.2,8.4,9,3.3066666666666666,1.0844444444444443,0.0,2.222222222222222,6.2,False,False,False,False
gru_negbin,dengue,1,AP,2023-05-21,48,2022-06-19,0.0,0.0,0.6,1.4,2.8,4.2,6.2,7.2,8.2,5,0.8277777777777778,0.65,0.0,0.17777777777777773,2.2,False,True,True,True
gru_negbin,dengue,1,AP,2023-05-28,49,2022-06-19,0.0,0.0,0.4,1.4,2.8,4.2,5.8,7.0,8.2,22,16.48777777777778,2.532222222222222,0.0,13.955555555555556,19.2,False,False,False,False
gru_negbin,dengue,1,AP,2023-06-04,50,2022-06-19,0.0,0.0,0.4,1.4,2.2,4.0,5.4,6.6,8.0,17,11.795555555555556,2.0177777777777783,0.0,9.777777777777779,14.8,False,False,False,False
gru_negbin,dengue,1,AP,2023-06-11,51,2022-06-19,0.0,0.0,0.4,1.2,2.2,3.4,5.2,6.4,7.2,13,8.162222222222223,1.54,0.0,6.622222222222223,10.8,False,False,False,False
gru_negbin,dengue,1,AP,2023-06-18,52,2022-06-19,0.0,0.0,0.4,0.8,2.2,3.4,5.0,6.0,7.0,15,10.35222222222222,1.7744444444444445,0.0,8.577777777777778,12.8,False,False,False,False
gru_negbin,dengue,1,AP,2023-06-25,53,2022-06-19,0.0,0.0,0.0,0.8,2.0,3.2,4.4,5.6,6.6,18,13.707777777777778,2.1077777777777778,0.0,11.6,16.0,False,False,False,False
gru_negbin,dengue,1,AP,2023-07-02,54,2022-06-19,0.0,0.0,0.0,0.8,2.0,3.0,4.4,5.4,6.4,17,12.826666666666664,1.982222222222222,0.0,10.844444444444445,15.0,False,False,False,False
gru_negbin,dengue,1,AP,2023-07-09,55,2022-06-19,0.0,0.0,0.0,0.8,2.0,3.0,4.2,5.4,6.4,19,14.866666666666665,2.2,0.0,12.666666666666666,17.0,False,False,False,False
gru_negbin,dengue,1,AP,2023-07-16,56,2022-06-19,0.0,0.0,0.0,0.8,1.8,3.0,4.4,5.4,6.4,18,13.848888888888887,2.1155555555555554,0.0,11.733333333333334,16.2,False,False,False,False
gru_negbin,dengue,1,AP,2023-07-23,57,2022-06-19,0.0,0.0,0.0,0.8,1.8,3.2,4.6,5.6,6.6,24,19.689999999999998,2.8011111111111107,0.0,16.88888888888889,22.2,False,False,False,False
gru_negbin,dengue,1,AP,2023-07-30,58,2022-06-19,0.0,0.0,0.2,0.8,1.8,3.2,4.6,5.8,7.0,43,38.556666666666665,4.912222222222223,0.0,33.64444444444444,41.2,False,False,False,False
gru_negbin,dengue,1,AP,2023-08-06,59,2022-06-19,0.0,0.0,0.2,1.0,1.8,3.6,4.8,6.2,7.4,56,51.26777777777778,6.378888888888889,0.0,44.888888888888886,54.2,False,False,False,False
gru_negbin,dengue,1,AP,2023-08-13,60,2022-06-19,0.0,0.0,0.2,1.2,1.8,3.6,5.4,6.6,7.8,43,37.965555555555554,4.943333333333333,0.0,33.022222222222226,41.2,False,False,False,False
gru_negbin,dengue,1,AP,2023-08-20,61,2022-06-19,0.0,0.0,0.2,1.2,2.0,3.6,5.4,6.8,8.0,80,74.85777777777777,9.035555555555558,0.0,65.82222222222222,78.0,False,False,False,False
gru_negbin,dengue,1,AP,2023-08-27,62,2022-06-19,0.0,0.0,0.2,1.2,2.0,3.8,5.6,7.2,8.4,98,92.61333333333334,11.057777777777778,0.0,81.55555555555556,96.0,False,False,False,False
gru_negbin,dengue,1,AP,2023-09-03,63,2022-06-19,0.0,0.0,0.2,1.0,1.8,4.0,6.0,7.2,8.6,49,43.489999999999995,5.667777777777777,0.0,37.82222222222222,47.2,False,False,False,False
gru_negbin,dengue,1,AP,2023-09-10,64,2022-06-19,0.0,0.0,0.0,0.8,2.0,4.0,6.0,8.0,9.2,50,44.18444444444444,5.7844444444444445,0.0,38.400000000000006,48.0,False,False,False,False
gru_negbin,dengue,1,AP,2023-09-17,65,2022-06-19,0.0,0.0,0.0,0.6,2.0,4.0,6.4,7.8,9.2,46,40.15777777777778,5.357777777777779,0.0,34.8,44.0,False,False,False,False
gru_negbin,dengue,1,AP,2023-09-24,66,2022-06-19,0.0,0.0,0.0,0.6,2.0,4.2,6.4,8.0,9.8,30,23.952222222222222,3.596666666666667,0.0,20.355555555555558,28.0,False,False,False,False
gru_negbin,dengue,1,AP,2023-10-01,67,2022-06-19,0.0,0.0,0.0,0.6,2.0,4.2,6.4,8.0,9.8,34,27.952222222222222,4.04111111111111,0.0,23.91111111111111,32.0,False,False,False,False
gru_negbin,dengue,1,BA,2022-10-09,16,2022-06-19,76.2,89.8,107.6,141.8,188.4,243.6,301.8,340.6,376.6,207,16.49333333333333,16.49333333333333,0.0,0.0,18.599999999999994,True,True,True,True
gru_negbin,dengue,1,BA,2022-10-16,17,2022-06-19,77.2,91.2,109.2,144.6,192.2,249.2,308.8,348.8,386.0,202,15.913333333333336,15.913333333333336,0.0,0.0,9.800000000000011,True,True,True,True
gru_negbin,dengue,1,BA,2022-10-23,18,2022-06-19,78.2,92.6,111.2,148.2,198.4,258.2,321.8,364.0,403.2,168,18.990000000000002,18.990000000000002,0.0,0.0,30.400000000000006,True,True,True,True
gru_negbin,dengue,1,BA,2022-10-30,19,2022-06-19,78.6,94.0,113.6,153.0,207.0,271.6,340.4,386.2,429.0,81,56.95555555555555,30.822222222222226,26.133333333333333,0.0,126.0,False,False,False,True
gru_negbin,dengue,1,BA,2022-11-06,20,2022-06-19,79.6,95.8,117.4,160.4,219.4,291.2,368.2,419.8,468.2,71,72.68777777777777,35.087777777777774,37.6,0.0,148.4,False,False,False,False
gru_negbin,dengue,1,BA,2022-11-13,21,2022-06-19,80.6,98.4,121.8,169.8,237.0,319.4,408.4,468.0,524.6,61,91.16444444444443,40.80888888888889,50.35555555555556,0.0,176.0,False,False,False,False
gru_negbin,dengue,1,BA,2022-11-20,22,2022-06-19,81.4,100.8,127.0,181.8,259.6,357.2,463.4,535.6,603.6,61,101.90777777777778,47.01888888888888,54.88888888888889,0.0,198.60000000000002,False,False,False,False
gru_negbin,dengue,1,BA,2022-11-27,23,2022-06-19,82.0,103.8,133.6,196.8,288.8,406.0,535.6,624.2,708.4,63,113.61777777777777,54.906666666666666,58.71111111111111,0.0,225.8,False,False,False,False
gru_negbin,dengue,1,BA,2022-12-04,24,2022-06-19,81.6,105.4,139.0,211.6,319.6,460.4,617.2,725.8,829.2,67,123.47333333333333,63.56222222222222,59.91111111111112,0.0,252.60000000000002,False,False,False,False
gru_negbin,dengue,1,BA,2022-12-11,25,2022-06-19,81.8,107.8,145.0,227.2,353.0,519.4,707.0,837.6,962.4,59,146.79,74.39000000000001,72.4,0.0,294.0,False,False,False,False
gru_negbin,dengue,1,BA,2022-12-18,26,2022-06-19,84.2,113.2,155.2,250.0,397.4,595.2,821.0,979.0,1130.0,60,167.47,86.89222222222222,80.57777777777777,0.0,337.4,False,False,False,False
gru_negbin,dengue,1,BA,2022-12-25,27,2022-06-19,92.2,125.4,174.4,286.0,461.2,699.0,971.0,1162.2,1346.2,194,109.26666666666667,88.82222222222222,20.444444444444443,0.0,267.2,False,True,True,True
gru_negbin,dengue,1,BA,2023-01-01,28,2022-06-19,109.6,149.6,208.8,343.8,558.2,849.2,1184.2,1419.8,1646.6,701,88.27222222222221,88.27222222222221,0.0,0.0,142.79999999999995,True,True,True,True
gru_negbin,dengue,1,BA,2023-01-08,29,2022-06-19,132.8,181.6,253.2,418.4,680.2,1037.4,1449.4,1739.6,2019.0,818,104.07222222222222,104.07222222222222,0.0,0.0,137.79999999999995,True,True,True,True
gru_negbin,dengue,1,BA,2023-01-15,30,2022-06-19,164.2,223.0,309.8,509.6,826.2,1257.8,1756.2,2107.0,2444.8,851,110.06777777777776,110.06777777777776,0.0,0.0,24.799999999999955,True,True,True,True
gru_negbin,dengue,1,BA,2023-01-22,31,2022-06-19,206.4,278.2,384.0,625.8,1006.8,1524.2,2119.4,2538.0,2940.8,1083,137.24222222222224,137.24222222222224,0.0,0.0,76.20000000000005,True,True,True,True
gru_negbin,dengue,1,BA,2023-01-29,32,2022-06-19,261.4,349.6,477.4,766.4,1216.4,1821.6,2513.6,2998.8,3463.8,1281,158.27555555555554,158.27555555555554,0.0,0.0,64.59999999999991,True,True,True,True
gru_negbin,dengue,1,BA,2023-02-05,33,2022-06-19,326.0,431.4,583.2,921.6,1442.6,2137.2,2925.0,3475.6,4002.4,1431,175.1111111111111,175.1111111111111,0.0,0.0,11.599999999999909,True,True,True,True
gru_negbin,dengue,1,BA,2023-02-12,34,2022-06-19,387.4,509.0,682.6,1065.8,1649.2,2421.6,3293.8,3900.6,4480.8,1142,250.12999999999997,250.12999999999997,0.0,0.0,507.20000000000005,True,True,True,True
gru_negbin,dengue,1,BA,2023-02-19,35,2022-06-19,441.4,576.4,768.4,1189.2,1824.8,2660.4,3599.6,4251.4,4873.6,1286,269.97222222222223,269.97222222222223,0.0,0.0,538.8,True,True,True,True
gru_negbin,dengue,1,BA,2023-02-26,36,2022-06-19,481.2,625.4,828.6,1271.4,1934.8,2801.6,3771.2,4442.8,5082.6,1302,288.6922222222222,288.6922222222222,0.0,0.0,632.8,True,True,True,True
gru_negbin,dengue,1,BA,2023-03-05,37,2022-06-19,503.8,652.4,861.0,1313.2,1987.2,2865.0,3844.4,4521.6,5166.0,1429,283.42333333333335,283.42333333333335,0.0,0.0,558.2,True,True,True,True
gru_negbin,dengue,1,BA,2023-03-12,38,2022-06-19,513.4,662.8,872.6,1325.2,1998.0,2872.2,3846.8,4519.6,5159.8,1375,289.9266666666667,289.9266666666667,0.0,0.0,623.0,True,True,True,True
gru_negbin,dengue,1,BA,2023-03-19,39,2022-06-19,516.2,664.0,871.2,1318.0,1981.0,2841.0,3798.4,4459.6,5088.2,1406,281.12222222222226,281.12222222222226,0.0,0.0,575.0,True,True,True,True
gru_negbin,dengue,1,BA,2023-03-26,40,2022-06-19,521.2,669.2,876.8,1324.6,1989.6,2852.6,3814.4,4478.6,5110.2,1230,323.4122222222222,302.39000000000004,21.0222222222222,0.0,759.5999999999999,False,True,True,True
gru_negbin,dengue,1,BA,2023-04-02,41,2022-06-19,525.8,672.8,878.6,1319.8,1972.2,2817.0,3755.8,4403.2,5018.4,1145,344.27888888888884,305.43444444444447,38.844444444444434,0.0,827.2,False,True,True,True
gru_negbin,dengue,1,BA,2023-04-09,42,2022-06-19,516.4,659.6,858.8,1285.4,1913.6,2724.0,3621.6,4240.0,4827.4,1430,258.7833333333333,258.7833333333333,0.0,0.0,483.5999999999999,True,True,True,True
gru_negbin,dengue,1,BA,2023-04-16,43,2022-06-19,490.8,626.6,816.0,1219.6,1814.0,2579.0,3426.6,4010.0,4563.8,1342,246.20111111111112,246.20111111111112,0.0,0.0,472.0,True,True,True,True
gru_negbin,dengue,1,BA,2023-04-23,44,2022-06-19,451.4,577.6,754.0,1130.4,1685.2,2400.2,3193.2,3739.0,4257.2,1393,213.48555555555555,213.48555555555555,0.0,0.0,292.20000000000005,True,True,True,True
gru_negbin,dengue,1,BA,2023-04-30,45,2022-06-19,405.8,521.2,683.2,1030.4,1544.4,2209.0,2947.0,3456.2,3940.0,1663,181.20777777777778,181.20777777777778,0.0,0.0,118.59999999999991,True,True,True,True
gru_negbin,dengue,1,BA,2023-05-07,46,2022-06-19,355.0,458.2,602.8,914.6,1377.8,1979.0,2648.6,3110.6,3550.4,1603,176.84111111111113,176.84111111111113,0.0,0.0,225.20000000000005,True,True,True,True
gru_negbin,dengue,1,BA,2023-05-14,47,2022-06-19,307.6,398.4,526.2,802.6,1214.8,1751.0,2349.2,2762.8,3156.4,1628,181.2088888888889,181.2088888888889,0.0,0.0,413.20000000000005,True,True,True,True
gru_negbin,dengue,1,BA,2023-05-21,48,2022-06-19,261.2,340.0,451.0,692.2,1054.2,1526.6,2055.0,2420.8,2769.2,1429,160.69777777777776,160.69777777777776,0.0,0.0,374.79999999999995,True,True,True,True
gru_negbin,dengue,1,BA,2023-05-28,49,2022-06-19,218.0,285.0,380.0,588.6,902.2,1314.2,1776.0,2096.6,2401.6,1602,245.3044444444444,181.34888888888884,0.0,63.95555555555555,699.8,False,True,True,True
gru_negbin,dengue,1,BA,2023-06-04,50,2022-06-19,181.2,238.4,319.4,497.4,767.2,1121.8,1521.2,1798.4,2063.2,1467,243.65111111111108,166.94,0.0,76.71111111111112,699.8,False,True,True,True
gru_negbin,dengue,1,BA,2023-06-11,51,2022-06-19,152.0,200.0,268.8,420.2,650.8,955.2,1298.8,1537.6,1765.6,1505,339.34888888888895,171.3488888888889,0.0,168.0,854.2,False,False,True,True
gru_negbin,dengue,1,BA,2023-06-18,52,2022-06-19,127.8,168.0,225.2,352.2,545.8,801.4,1090.2,1291.4,1483.8,1330,330.66,151.32666666666665,0.0,179.33333333333331,784.2,False,False,False,True
gru_negbin,dengue,1,BA,2023-06-25,53,2022-06-19,109.6,142.8,190.4,294.6,453.2,662.4,898.8,1062.6,1219.8,1258,406.07444444444445,141.98555555555555,0.0,264.08888888888896,804.8,False,False,False,False
gru_negbin,dengue,1,BA,2023-07-02,54,2022-06-19,96.0,123.8,163.0,248.0,376.4,544.8,733.4,864.0,988.6,1238,542.7922222222222,138.0811111111111,0.0,404.71111111111117,861.6,False,False,False,False
gru_negbin,dengue,1,BA,2023-07-09,55,2022-06-19,86.2,109.8,142.8,214.0,320.2,458.6,612.6,719.2,820.8,1328,747.0366666666666,146.85888888888888,0.0,600.1777777777778,1007.8,False,False,False,False
gru_negbin,dengue,1,BA,2023-07-16,56,2022-06-19,79.2,99.4,127.8,188.4,276.6,390.0,515.6,601.8,684.0,1285,796.0488888888889,140.80444444444444,0.0,655.2444444444445,1008.4,False,False,False,False
gru_negbin,dengue,1,BA,2023-07-23,57,2022-06-19,73.6,91.8,116.2,168.2,242.4,337.4,440.6,511.4,578.2,881,463.1188888888889,95.03000000000002,0.0,368.08888888888885,638.6,False,False,False,False
gru_negbin,dengue,1,BA,2023-07-30,58,2022-06-19,69.6,86.0,107.6,153.4,217.6,298.6,386.8,446.6,503.0,974,607.1744444444444,104.73,0.0,502.44444444444446,756.4,False,False,False,False
gru_negbin,dengue,1,BA,2023-08-06,59,2022-06-19,66.2,81.6,100.8,141.6,199.0,270.4,347.6,399.6,448.6,815,485.3644444444444,86.74222222222221,0.0,398.62222222222226,616.0,False,False,False,False
gru_negbin,dengue,1,BA,2023-08-13,60,2022-06-19,63.8,77.4,95.8,132.8,184.6,248.8,317.6,364.2,407.8,695,393.5377777777778,73.18222222222222,0.0,320.35555555555555,510.4,False,False,False,False
gru_negbin,dengue,1,BA,2023-08-20,61,2022-06-19,61.6,74.2,91.0,125.2,172.2,230.0,292.0,333.4,372.6,596,318.8744444444444,61.98555555555556,0.0,256.8888888888889,423.8,False,False,False,False
gru_negbin,dengue,1,BA,2023-08-27,62,2022-06-19,58.8,71.0,86.2,117.4,160.4,212.6,268.4,305.8,341.0,611,356.07,63.58111111111111,0.0,292.4888888888889,450.6,False,False,False,False
gru_negbin,dengue,1,BA,2023-09-03,63,2022-06-19,56.2,67.0,81.4,110.0,149.0,196.6,247.0,280.6,312.2,466,231.41999999999996,47.50888888888889,0.0,183.9111111111111,317.0,False,False,False,False
gru_negbin,dengue,1,BA,2023-09-10,64,2022-06-19,53.6,64.0,77.4,103.8,139.8,183.2,229.2,260.0,288.4,415,197.22222222222223,41.84444444444445,0.0,155.3777777777778,275.2,False,False,False,False
gru_negbin,dengue,1,BA,2023-09-17,65,2022-06-19,51.8,61.6,74.2,99.0,132.6,172.6,215.4,243.6,270.0,419,214.3722222222222,42.28333333333333,0.0,172.08888888888887,286.4,False,False,False,False
gru_negbin,dengue,1,BA,2023-09-24,66,2022-06-19,51.6,60.8,73.4,97.2,129.6,168.2,209.0,235.8,261.4,355,156.35666666666665,35.11222222222222,0.0,121.24444444444445,225.4,False,False,False,False
gru_negbin,dengue,1,BA,2023-10-01,67,2022-06-19,51.8,61.2,73.4,97.2,129.4,167.8,208.0,234.8,259.8,415,217.19777777777776,41.73111111111112,0.0,175.46666666666664,285.6,False,False,False,False
gru_negbin,dengue,1,CE,2022-10-09,16,2022-06-19,95.4,108.0,123.8,154.0,193.0,238.0,284.2,314.0,342.2,216,14.446666666666665,14.446666666666665,0.0,0.0,23.0,True,True,True,True
gru_negbin,dengue,1,CE,2022-10-16,17,2022-06-19,88.6,100.6,115.8,145.2,182.8,226.8,272.2,301.8,329.2,186,11.936666666666666,11.936666666666666,0.0,0.0,3.1999999999999886,True,True,True,True
gru_negbin,dengue,1,CE,2022-10-23,18,2022-06-19,83.0,94.4,109.8,138.4,175.8,219.8,264.8,294.6,322.0,132,17.80777777777778,16.385555555555555,1.4222222222222234,0.0,43.80000000000001,False,True,True,True
gru_negbin,dengue,1,CE,2022-10-30,19,2022-06-19,77.2,88.8,103.8,132.2,169.6,213.6,258.8,288.8,316.6,133,15.585555555555553,15.585555555555553,0.0,0.0,36.599999999999994,True,True,True,True
gru_negbin,dengue,1,CE,2022-11-06,20,2022-06-19,71.2,82.4,96.8,124.6,161.6,205.4,250.8,280.6,308.8,165,11.811111111111112,11.811111111111112,0.0,0.0,3.4000000000000057,True,True,True,True
gru_negbin,dengue,1,CE,2022-11-13,21,2022-06-19,65.8,76.2,90.4,118.0,154.4,198.2,244.2,274.4,302.6,161,12.124444444444443,12.124444444444443,0.0,0.0,6.599999999999994,True,True,True,True
gru_negbin,dengue,1,CE,2022-11-20,22,2022-06-19,59.6,70.4,84.2,111.6,148.6,193.4,240.4,271.6,301.2,143,12.215555555555556,12.215555555555556,0.0,0.0,5.599999999999994,True,True,True,True
gru_negbin,dengue,1,CE,2022-11-27,23,2022-06-19,54.0,64.6,78.8,106.4,144.6,191.4,240.8,274.2,305.2,142,12.335555555555555,12.335555555555555,0.0,0.0,2.5999999999999943,True,True,True,True
gru_negbin,dengue,1,CE,2022-12-04,24,2022-06-19,49.8,60.2,74.2,102.8,142.8,192.2,245.2,281.2,314.8,106,16.78333333333333,16.78333333333333,0.0,0.0,36.80000000000001,True,True,True,True
gru_negbin,dengue,1,CE,2022-12-11,25,2022-06-19,46.0,56.6,71.0,100.8,142.8,195.4,252.4,291.4,327.8,74,27.061111111111114,21.105555555555558,5.955555555555555,0.0,68.80000000000001,False,True,True,True
gru_negbin,dengue,1,CE,2022-12-18,26,2022-06-19,44.6,55.4,70.4,101.4,146.0,201.8,263.2,305.0,344.6,47,44.45777777777778,25.30222222222222,19.15555555555556,0.0,99.0,False,False,False,True
gru_negbin,dengue,1,CE,2022-12-25,27,2022-06-19,45.4,57.2,72.8,105.2,152.0,211.8,277.0,321.6,363.8,65,35.5,24.833333333333332,10.666666666666666,0.0,87.0,False,False,True,True
gru_negbin,dengue,1,CE,2023-01-01,28,2022-06-19,48.8,60.8,78.0,113.0,163.8,228.4,299.2,348.0,393.8,163,16.523333333333337,16.523333333333337,0.0,0.0,0.8000000000000114,True,True,True,True
gru_negbin,dengue,1,CE,2023-01-08,29,2022-06-19,54.6,68.0,86.6,126.0,182.4,254.2,333.0,387.4,438.6,127,24.435555555555553,24.435555555555553,0.0,0.0,55.400000000000006,True,True,True,True
gru_negbin,dengue,1,CE,2023-01-15,30,2022-06-19,64.0,79.2,100.8,145.6,210.2,292.6,382.8,444.6,503.2,170,25.4,25.4,0.0,0.0,40.19999999999999,True,True,True,True
gru_negbin,dengue,1,CE,2023-01-22,31,2022-06-19,76.2,94.6,119.2,171.2,246.0,340.8,445.0,516.2,583.6,226,26.387777777777778,26.387777777777778,0.0,0.0,20.0,True,True,True,True
gru_negbin,dengue,1,CE,2023-01-29,32,2022-06-19,94.2,116.0,145.8,207.0,295.0,405.8,526.6,609.2,687.0,240,34.391111111111115,34.391111111111115,0.0,0.0,55.0,True,True,True,True
gru_negbin,dengue,1,CE,2023-02-05,33,2022-06-19,118.0,144.2,179.6,252.0,354.4,482.6,621.8,716.0,805.4,246,46.187777777777775,44.85444444444445,1.3333333333333333,0.0,108.39999999999998,False,True,True,True
gru_negbin,dengue,1,CE,2023-02-12,34,2022-06-19,144.6,175.4,216.6,300.6,418.4,564.8,722.0,828.8,929.2,274,59.483333333333334,53.572222222222216,5.911111111111116,0.0,144.39999999999998,False,True,True,True
gru_negbin,dengue,1,CE,2023-02-19,35,2022-06-19,173.0,208.2,256.0,351.4,485.0,649.2,825.6,944.6,1056.2,354,56.846666666666664,56.846666666666664,0.0,0.0,131.0,True,True,True,True
gru_negbin,dengue,1,CE,2023-02-26,36,2022-06-19,202.6,243.2,297.4,405.6,555.8,740.0,937.0,1069.8,1194.0,482,55.68333333333332,55.68333333333332,0.0,0.0,73.79999999999995,True,True,True,True
gru_negbin,dengue,1,CE,2023-03-05,37,2022-06-19,234.0,280.0,341.4,463.8,632.8,839.0,1059.2,1207.4,1345.8,577,59.47666666666666,59.47666666666666,0.0,0.0,55.799999999999955,True,True,True,True
gru_negbin,dengue,1,CE,2023-03-12,38,2022-06-19,267.6,320.0,388.8,526.4,716.0,947.0,1192.8,1358.0,1512.6,561,76.90555555555554,76.90555555555554,0.0,0.0,155.0,True,True,True,True
gru_negbin,dengue,1,CE,2023-03-19,39,2022-06-19,300.6,358.6,435.4,588.8,799.6,1055.6,1328.4,1511.2,1682.4,614,86.88333333333334,86.88333333333334,0.0,0.0,185.60000000000002,True,True,True,True
gru_negbin,dengue,1,CE,2023-03-26,40,2022-06-19,331.8,396.8,482.4,653.6,888.6,1175.2,1480.2,1684.6,1876.2,581,124.35111111111112,108.21777777777778,16.13333333333334,0.0,307.6,False,True,True,True
gru_negbin,dengue,1,CE,2023-04-02,41,2022-06-19,363.2,435.6,531.2,722.6,986.8,1309.4,1653.0,1884.0,2100.2,444,224.87222222222223,143.58333333333334,81.2888888888889,0.0,542.8,False,False,True,True
gru_negbin,dengue,1,CE,2023-04-09,42,2022-06-19,401.8,482.6,589.0,802.6,1096.8,1457.0,1841.0,2099.2,2341.0,543,222.35777777777776,154.44666666666666,67.91111111111111,0.0,553.8,False,False,True,True
gru_negbin,dengue,1,CE,2023-04-16,43,2022-06-19,445.4,534.0,651.8,888.6,1215.0,1614.0,2039.4,2325.6,2593.8,509,303.06666666666666,181.42222222222222,121.64444444444445,0.0,706.0,False,False,False,True
gru_negbin,dengue,1,CE,2023-04-23,44,2022-06-19,486.4,582.8,710.4,966.6,1319.2,1749.8,2209.2,2518.0,2807.2,476,392.05777777777774,204.90222222222224,187.15555555555554,0.0,843.2,False,False,False,False
gru_negbin,dengue,1,CE,2023-04-30,45,2022-06-19,521.6,623.6,758.0,1027.6,1397.8,1849.4,2329.6,2652.2,2953.8,636,315.41,201.27666666666667,114.13333333333331,0.0,761.8,False,False,True,True
gru_negbin,dengue,1,CE,2023-05-07,46,2022-06-19,543.6,648.8,787.2,1064.0,1443.8,1906.2,2397.8,2727.8,3036.4,689,308.55111111111114,203.39555555555555,105.15555555555557,0.0,754.8,False,False,True,True
gru_negbin,dengue,1,CE,2023-05-14,47,2022-06-19,549.8,655.4,794.4,1072.0,1452.4,1915.0,2406.4,2736.2,3044.8,666,325.77,207.01444444444445,118.75555555555555,0.0,786.4000000000001,False,False,True,True
gru_negbin,dengue,1,CE,2023-05-21,48,2022-06-19,536.8,639.0,774.0,1042.6,1411.2,1858.8,2334.4,2653.2,2951.2,615,339.9688888888889,204.28,135.68888888888887,0.0,796.2,False,False,False,True
gru_negbin,dengue,1,CE,2023-05-28,49,2022-06-19,508.4,605.0,732.4,986.0,1333.6,1755.8,2204.6,2505.4,2786.8,512,375.5222222222222,200.54444444444442,174.97777777777776,0.0,821.5999999999999,False,False,False,True
gru_negbin,dengue,1,CE,2023-06-04,50,2022-06-19,473.0,562.8,680.8,916.4,1239.2,1631.6,2049.0,2328.8,2590.6,475,349.76888888888885,186.43555555555554,163.33333333333331,0.0,764.2,False,False,False,True
gru_negbin,dengue,1,CE,2023-06-11,51,2022-06-19,436.0,518.4,627.0,843.8,1140.8,1502.6,1887.0,2145.2,2386.6,514,262.53444444444443,163.15666666666664,99.37777777777777,0.0,626.8,False,False,False,True
gru_negbin,dengue,1,CE,2023-06-18,52,2022-06-19,407.4,483.4,583.6,783.2,1057.0,1390.0,1743.8,1981.4,2203.6,424,284.93888888888887,156.45,128.4888888888889,0.0,633.0,False,False,False,True
gru_negbin,dengue,1,CE,2023-06-25,53,2022-06-19,379.6,449.2,540.6,722.4,970.6,1272.4,1592.4,1806.8,2007.0,362,288.74333333333334,145.67666666666668,143.0666666666667,0.0,608.6,False,False,False,False
gru_negbin,dengue,1,CE,2023-07-02,54,2022-06-19,354.4,418.0,501.8,667.2,893.0,1166.4,1456.0,1649.8,1830.8,340,261.4711111111111,132.27111111111114,129.2,0.0,553.0,False,False,False,False
gru_negbin,dengue,1,CE,2023-07-09,55,2022-06-19,330.2,388.6,465.0,616.0,821.6,1070.0,1333.0,1508.8,1673.0,339,218.61777777777777,118.04000000000002,100.57777777777778,0.0,482.6,False,False,False,True
gru_negbin,dengue,1,CE,2023-07-16,56,2022-06-19,305.4,358.0,427.4,563.8,749.4,972.8,1209.0,1366.8,1514.2,291,217.9711111111111,108.94888888888889,109.0222222222222,0.0,458.4,False,False,False,False
gru_negbin,dengue,1,CE,2023-07-23,57,2022-06-19,282.8,330.2,392.6,515.0,680.4,879.6,1089.2,1229.4,1359.8,253,212.2211111111111,99.19888888888889,113.02222222222223,0.0,427.4,False,False,False,False
gru_negbin,dengue,1,CE,2023-07-30,58,2022-06-19,256.4,298.6,353.6,462.0,608.0,783.2,967.6,1091.0,1206.0,272,149.1688888888889,82.90222222222222,66.26666666666668,0.0,336.0,False,False,False,True
gru_negbin,dengue,1,CE,2023-08-06,59,2022-06-19,231.4,268.0,316.0,409.8,535.8,686.2,844.2,949.2,1047.0,216,154.99333333333334,74.72666666666667,80.26666666666668,0.0,319.79999999999995,False,False,False,False
gru_negbin,dengue,1,CE,2023-08-13,60,2022-06-19,205.2,237.0,278.0,358.2,464.8,591.8,724.4,812.8,894.4,210,115.48000000000002,61.43555555555557,54.044444444444444,0.0,254.8,False,False,False,True
gru_negbin,dengue,1,CE,2023-08-20,61,2022-06-19,180.4,207.6,242.6,310.4,400.6,507.4,618.2,692.0,760.0,224,70.84888888888888,47.51555555555556,23.33333333333333,0.0,176.60000000000002,False,False,True,True
gru_negbin,dengue,1,CE,2023-08-27,62,2022-06-19,158.2,181.8,212.0,270.2,347.0,438.2,532.2,594.6,652.6,188,65.04888888888888,41.44888888888889,23.599999999999998,0.0,159.0,False,False,True,True
gru_negbin,dengue,1,CE,2023-09-03,63,2022-06-19,138.2,158.8,185.2,235.8,302.4,381.2,462.6,516.2,566.4,134,79.74777777777777,39.303333333333335,40.44444444444444,0.0,168.39999999999998,False,False,False,False
gru_negbin,dengue,1,CE,2023-09-10,64,2022-06-19,120.4,138.8,161.6,206.0,264.8,334.0,405.2,452.4,496.0,133,56.606666666666676,32.74,23.866666666666667,0.0,131.8,False,False,False,True
gru_negbin,dengue,1,CE,2023-09-17,65,2022-06-19,106.6,122.4,142.8,182.0,233.6,294.2,357.2,398.4,436.8,104,60.92111111111111,30.298888888888882,30.622222222222224,0.0,129.6,False,False,False,False
gru_negbin,dengue,1,CE,2023-09-24,66,2022-06-19,95.2,109.6,127.8,163.0,209.4,263.8,319.8,357.4,391.8,88,59.66777777777778,27.756666666666668,31.911111111111104,0.0,121.4,False,False,False,False
gru_negbin,dengue,1,CE,2023-10-01,67,2022-06-19,85.4,98.4,115.0,147.0,189.0,238.2,289.6,323.2,354.2,122,25.937777777777775,20.382222222222218,5.555555555555555,0.0,67.0,False,True,True,True
gru_negbin,dengue,1,DF,2022-10-09,16,2022-06-19,35.4,42.0,50.6,67.0,89.6,116.4,144.8,163.6,181.2,435,297.37666666666667,45.37666666666666,0.0,252.0,345.4,False,False,False,False
gru_negbin,dengue,1,DF,2022-10-16,17,2022-06-19,35.4,42.0,50.8,68.0,91.4,119.8,149.6,169.2,187.8,469,326.97777777777776,49.288888888888884,0.0,277.68888888888887,377.6,False,False,False,False
gru_negbin,dengue,1,DF,2022-10-23,18,2022-06-19,35.4,42.4,51.6,70.0,94.6,125.0,157.0,178.2,198.6,365,215.90222222222224,37.85777777777778,0.0,178.04444444444442,270.4,False,False,False,False
gru_negbin,dengue,1,DF,2022-10-30,19,2022-06-19,35.4,43.0,52.6,72.4,99.4,132.4,168.0,191.6,213.6,236,76.69444444444443,23.71666666666666,0.0,52.97777777777778,136.6,False,False,False,False
gru_negbin,dengue,1,DF,2022-11-06,20,2022-06-19,35.6,43.6,54.4,75.8,105.6,142.4,182.2,209.0,234.2,319,146.12555555555554,33.19222222222223,0.0,112.93333333333334,213.4,False,False,False,False
gru_negbin,dengue,1,DF,2022-11-13,21,2022-06-19,35.4,44.0,55.6,79.2,112.8,154.6,200.0,230.8,260.0,356,166.3211111111111,37.74333333333333,0.0,128.57777777777775,243.2,False,False,False,False
gru_negbin,dengue,1,DF,2022-11-20,22,2022-06-19,34.8,44.2,56.2,82.4,119.8,167.8,220.0,256.0,290.0,401,192.33333333333334,43.4,0.0,148.93333333333334,281.2,False,False,False,False
gru_negbin,dengue,1,DF,2022-11-27,23,2022-06-19,34.4,44.0,57.2,85.8,127.8,182.8,243.4,285.0,324.8,436,205.39555555555555,48.062222222222225,0.0,157.33333333333334,308.2,False,False,False,False
gru_negbin,dengue,1,DF,2022-12-04,24,2022-06-19,34.0,44.0,58.6,90.2,137.2,199.4,268.2,316.4,362.0,532,277.6622222222222,59.440000000000005,0.0,218.22222222222226,394.8,False,False,False,False
gru_negbin,dengue,1,DF,2022-12-11,25,2022-06-19,33.6,44.8,60.4,95.0,147.6,217.4,296.6,351.2,403.8,548,267.10999999999996,61.99888888888889,0.0,205.11111111111111,400.4,False,False,False,False
gru_negbin,dengue,1,DF,2022-12-18,26,2022-06-19,34.2,46.4,63.6,101.8,160.8,240.0,329.4,392.2,451.8,439,129.63555555555556,50.65777777777777,0.0,78.97777777777779,278.2,False,False,False,True
gru_negbin,dengue,1,DF,2022-12-25,27,2022-06-19,36.2,49.2,67.6,110.2,175.8,264.0,364.8,435.0,502.8,456,120.76111111111108,53.16111111111112,0.0,67.6,280.2,False,False,False,True
gru_negbin,dengue,1,DF,2023-01-01,28,2022-06-19,40.4,55.0,75.6,123.2,196.6,295.4,408.4,487.6,563.4,692,304.8744444444444,79.71888888888888,0.0,225.15555555555557,495.4,False,False,False,False
gru_negbin,dengue,1,DF,2023-01-08,29,2022-06-19,47.0,63.4,86.8,140.0,222.4,332.0,457.4,544.6,628.4,699,265.6788888888889,80.43444444444445,0.0,185.24444444444444,476.6,False,False,False,False
gru_negbin,dengue,1,DF,2023-01-15,30,2022-06-19,58.4,77.4,105.0,166.0,258.8,382.2,521.4,618.2,710.6,794,300.0522222222222,90.36333333333334,0.0,209.6888888888889,535.2,False,False,False,False
gru_negbin,dengue,1,DF,2023-01-22,31,2022-06-19,74.8,98.0,130.6,201.6,308.0,447.4,603.0,711.0,814.0,718,167.8711111111111,80.62666666666667,0.0,87.24444444444445,410.0,False,False,False,True
gru_negbin,dengue,1,DF,2023-01-29,32,2022-06-19,95.6,123.0,160.8,241.8,361.2,515.2,686.4,804.0,915.8,891,246.17000000000002,97.85888888888888,0.0,148.3111111111111,529.8,False,False,False,True
gru_negbin,dengue,1,DF,2023-02-05,33,2022-06-19,118.2,149.2,192.4,283.0,415.2,583.0,767.6,894.2,1014.0,940,228.83666666666664,101.01444444444445,0.0,127.82222222222221,524.8,False,False,False,True
gru_negbin,dengue,1,DF,2023-02-12,34,2022-06-19,140.2,175.0,223.0,323.0,466.6,648.0,846.2,981.6,1109.4,790,113.74,82.18444444444444,0.0,31.555555555555557,323.4,False,True,True,True
gru_negbin,dengue,1,DF,2023-02-19,35,2022-06-19,161.4,200.6,253.2,362.4,517.4,712.4,924.0,1068.2,1204.0,883,128.3166666666667,90.40555555555555,0.0,37.91111111111112,365.6,False,True,True,True
gru_negbin,dengue,1,DF,2023-02-26,36,2022-06-19,184.4,227.4,285.0,403.8,571.8,781.6,1009.0,1163.2,1308.4,875,108.16444444444444,87.4088888888889,0.0,20.75555555555555,303.20000000000005,False,True,True,True
gru_negbin,dengue,1,DF,2023-03-05,37,2022-06-19,207.8,254.6,318.0,447.2,629.4,856.2,1100.6,1266.6,1422.0,976,123.23666666666665,96.61444444444444,0.0,26.622222222222213,346.6,False,True,True,True
gru_negbin,dengue,1,DF,2023-03-12,38,2022-06-19,232.0,283.8,353.2,494.6,693.2,939.8,1205.2,1384.8,1553.8,934,89.99888888888887,89.99888888888887,0.0,0.0,240.79999999999995,True,True,True,True
gru_negbin,dengue,1,DF,2023-03-19,39,2022-06-19,263.2,320.4,397.0,552.8,769.8,1038.2,1326.4,1521.2,1704.2,1095,117.72333333333336,105.10111111111114,0.0,12.622222222222213,325.20000000000005,False,True,True,True
gru_negbin,dengue,1,DF,2023-03-26,40,2022-06-19,296.6,358.6,441.2,608.2,839.4,1123.8,1428.0,1633.2,1825.6,1086,100.63,100.63,0.0,0.0,246.60000000000002,True,True,True,True
gru_negbin,dengue,1,DF,2023-04-02,41,2022-06-19,325.6,391.6,479.0,654.6,897.2,1193.8,1510.4,1723.4,1923.2,921,79.19333333333333,79.19333333333333,0.0,0.0,23.799999999999955,True,True,True,True
gru_negbin,dengue,1,DF,2023-04-09,42,2022-06-19,347.0,415.6,506.4,688.8,939.4,1245.8,1571.8,1791.2,1996.2,1207,108.80000000000001,108.80000000000001,0.0,0.0,267.6,True,True,True,True
gru_negbin,dengue,1,DF,2023-04-16,43,2022-06-19,357.0,426.6,519.2,704.4,959.0,1270.0,1601.2,1823.6,2032.0,1097,95.62777777777778,95.62777777777778,0.0,0.0,138.0,True,True,True,True
gru_negbin,dengue,1,DF,2023-04-23,44,2022-06-19,357.0,427.0,518.8,703.4,957.4,1267.2,1597.4,1819.6,2027.2,1032,88.33222222222224,88.33222222222224,0.0,0.0,74.60000000000002,True,True,True,True
gru_negbin,dengue,1,DF,2023-04-30,45,2022-06-19,344.4,411.4,500.2,678.0,922.8,1221.4,1539.8,1753.6,1954.2,1092,95.94777777777779,95.94777777777779,0.0,0.0,169.20000000000005,True,True,True,True
gru_negbin,dengue,1,DF,2023-05-07,46,2022-06-19,323.2,386.4,470.0,637.2,868.0,1150.0,1450.8,1652.8,1841.8,935,80.23666666666666,80.23666666666666,0.0,0.0,67.0,True,True,True,True
gru_negbin,dengue,1,DF,2023-05-14,47,2022-06-19,292.4,350.4,426.6,580.4,792.4,1051.6,1328.4,1514.6,1689.0,958,85.31222222222222,85.31222222222222,0.0,0.0,165.60000000000002,True,True,True,True
gru_negbin,dengue,1,DF,2023-05-21,48,2022-06-19,256.6,308.0,376.0,513.2,702.2,934.2,1182.2,1349.0,1505.6,730,62.89888888888889,62.89888888888889,0.0,0.0,27.799999999999955,True,True,True,True
gru_negbin,dengue,1,DF,2023-05-28,49,2022-06-19,218.6,263.2,321.8,441.0,606.0,808.6,1025.2,1171.4,1308.2,745,67.64222222222222,67.64222222222222,0.0,0.0,139.0,True,True,True,True
gru_negbin,dengue,1,DF,2023-06-04,50,2022-06-19,181.6,219.2,269.2,370.2,511.2,684.2,869.2,994.6,1111.8,655,60.53888888888889,60.53888888888889,0.0,0.0,143.8,True,True,True,True
gru_negbin,dengue,1,DF,2023-06-11,51,2022-06-19,147.4,178.6,220.0,303.2,419.8,562.8,716.2,819.8,917.2,706,100.47222222222223,68.65,0.0,31.822222222222234,286.2,False,True,True,True
gru_negbin,dengue,1,DF,2023-06-18,52,2022-06-19,119.2,144.0,177.8,245.6,340.4,456.6,582.0,666.2,745.6,589,88.58666666666667,57.60888888888889,0.0,30.977777777777774,248.60000000000002,False,False,True,True
gru_negbin,dengue,1,DF,2023-06-25,53,2022-06-19,96.4,116.6,144.2,199.4,276.4,371.2,473.2,542.0,606.6,438,57.21666666666666,42.37222222222222,0.0,14.844444444444447,161.60000000000002,False,True,True,True
gru_negbin,dengue,1,DF,2023-07-02,54,2022-06-19,79.6,96.4,118.8,164.0,227.0,304.2,387.2,443.0,495.8,466,105.05000000000001,46.47222222222223,0.0,58.57777777777778,239.0,False,False,False,True
gru_negbin,dengue,1,DF,2023-07-09,55,2022-06-19,68.4,82.2,101.2,138.6,190.8,254.6,323.2,369.4,412.4,500,193.14666666666668,50.83555555555555,0.0,142.31111111111113,309.2,False,False,False,False
gru_negbin,dengue,1,DF,2023-07-16,56,2022-06-19,59.6,71.6,87.4,118.8,162.2,215.6,272.2,310.4,345.8,406,147.48333333333332,40.81666666666666,0.0,106.66666666666669,243.8,False,False,False,False
gru_negbin,dengue,1,DF,2023-07-23,57,2022-06-19,52.2,62.6,76.2,103.4,140.2,185.6,233.4,265.4,295.2,361,139.39666666666668,36.196666666666665,0.0,103.2,220.8,False,False,False,False
gru_negbin,dengue,1,DF,2023-07-30,58,2022-06-19,46.4,55.6,67.4,91.2,123.2,162.8,204.2,232.2,257.8,445,251.0211111111111,45.91,0.0,205.11111111111111,321.8,False,False,False,False
gru_negbin,dengue,1,DF,2023-08-06,59,2022-06-19,41.4,49.4,60.0,80.8,109.6,144.0,180.0,204.8,227.2,382,210.75888888888892,39.20333333333334,0.0,171.55555555555554,272.4,False,False,False,False
gru_negbin,dengue,1,DF,2023-08-13,60,2022-06-19,37.2,44.2,53.6,72.4,98.2,129.0,161.2,183.4,203.6,396,242.60666666666663,41.095555555555556,0.0,201.5111111111111,297.8,False,False,False,False
gru_negbin,dengue,1,DF,2023-08-20,61,2022-06-19,33.4,40.2,49.0,65.8,89.2,117.4,147.0,166.8,185.4,365,225.3622222222222,37.94000000000001,0.0,187.42222222222222,275.8,False,False,False,False
gru_negbin,dengue,1,DF,2023-08-27,62,2022-06-19,30.6,37.0,44.8,61.0,82.2,108.0,135.2,153.6,170.6,399,270.47111111111116,41.89333333333333,0.0,228.57777777777775,316.8,False,False,False,False
gru_negbin,dengue,1,DF,2023-09-03,63,2022-06-19,28.8,34.6,42.0,56.6,76.0,99.6,124.6,141.2,156.6,437,318.6744444444445,46.22999999999999,0.0,272.44444444444446,361.0,False,False,False,False
gru_negbin,dengue,1,DF,2023-09-10,64,2022-06-19,27.8,33.0,39.8,53.4,72.2,94.4,117.4,133.0,147.4,444,332.37777777777785,47.08888888888889,0.0,285.28888888888895,371.8,False,False,False,False
gru_negbin,dengue,1,DF,2023-09-17,65,2022-06-19,26.6,32.2,38.6,52.0,69.6,90.8,113.0,128.0,141.8,395,287.5355555555555,41.66888888888888,0.0,245.86666666666667,325.4,False,False,False,False
gru_negbin,dengue,1,DF,2023-09-24,66,2022-06-19,26.4,31.2,38.0,51.0,68.4,89.6,111.6,126.2,140.2,371,264.95666666666665,39.09,0.0,225.86666666666665,302.6,False,False,False,False
gru_negbin,dengue,1,DF,2023-10-01,67,2022-06-19,26.0,31.0,37.8,50.6,68.6,90.0,112.4,127.6,141.8,359,252.09666666666666,37.83,0.0,214.26666666666668,290.4,False,False,False,False
gru_negbin,dengue,1,GO,2022-10-09,16,2022-06-19,328.0,369.2,421.2,518.6,643.8,787.8,934.2,1029.8,1117.4,921,98.48111111111112,68.88111111111111,0.0,29.60000000000001,277.20000000000005,False,True,True,True
gru_negbin,dengue,1,GO,2022-10-16,17,2022-06-19,334.6,378.4,434.0,539.6,675.8,833.6,994.6,1099.8,1197.2,867,70.26555555555555,62.843333333333334,0.0,7.422222222222217,191.20000000000005,False,True,True,True
gru_negbin,dengue,1,GO,2022-10-23,18,2022-06-19,342.0,390.0,451.2,567.4,719.2,896.4,1078.4,1198.0,1308.6,763,51.43,51.43,0.0,0.0,43.799999999999955,True,True,True,True
gru_negbin,dengue,1,GO,2022-10-30,19,2022-06-19,348.2,400.8,468.0,597.4,767.8,968.8,1176.8,1314.0,1441.0,650,65.69111111111108,65.69111111111108,0.0,0.0,117.79999999999995,True,True,True,True
gru_negbin,dengue,1,GO,2022-11-06,20,2022-06-19,354.0,411.0,485.2,629.0,820.8,1048.8,1286.6,1444.4,1591.0,951,73.95222222222223,73.95222222222223,0.0,0.0,130.20000000000005,True,True,True,True
gru_negbin,dengue,1,GO,2022-11-13,21,2022-06-19,361.0,424.2,506.8,669.6,889.2,1153.8,1432.0,1617.4,1790.2,961,76.63555555555554,76.63555555555554,0.0,0.0,71.79999999999995,True,True,True,True
gru_negbin,dengue,1,GO,2022-11-20,22,2022-06-19,369.4,439.8,533.2,718.6,972.8,1282.6,1611.0,1831.6,2037.6,923,85.55,85.55,0.0,0.0,49.799999999999955,True,True,True,True
gru_negbin,dengue,1,GO,2022-11-27,23,2022-06-19,378.0,457.2,562.2,775.4,1072.0,1437.2,1829.4,2093.8,2342.0,926,110.24444444444444,110.24444444444444,0.0,0.0,146.0,True,True,True,True
gru_negbin,dengue,1,GO,2022-12-04,24,2022-06-19,386.0,474.0,593.0,837.0,1182.4,1613.0,2080.0,2396.8,2695.2,845,147.83777777777777,147.83777777777777,0.0,0.0,337.4000000000001,True,True,True,True
gru_negbin,dengue,1,GO,2022-12-11,25,2022-06-19,403.6,502.0,636.0,915.0,1314.6,1818.4,2368.0,2743.0,3096.8,682,250.60666666666668,198.82888888888886,51.77777777777778,0.0,632.5999999999999,False,True,True,True
gru_negbin,dengue,1,GO,2022-12-18,26,2022-06-19,435.4,546.4,698.6,1018.0,1479.4,2065.2,2707.2,3146.6,3562.0,328,585.0966666666667,277.00777777777773,308.0888888888889,0.0,1151.4,False,False,False,False
gru_negbin,dengue,1,GO,2022-12-25,27,2022-06-19,490.2,616.4,789.8,1154.6,1682.8,2354.8,3092.8,3597.6,4075.4,527,517.0533333333333,299.32,217.7333333333333,0.0,1155.8,False,False,False,True
gru_negbin,dengue,1,GO,2023-01-01,28,2022-06-19,586.0,732.0,931.0,1347.8,1947.8,2707.6,3539.0,4107.4,4644.6,1532,239.75222222222223,239.75222222222223,0.0,0.0,415.79999999999995,True,True,True,True
gru_negbin,dengue,1,GO,2023-01-08,29,2022-06-19,702.0,868.6,1095.6,1566.0,2238.8,3085.2,4008.0,4637.0,5230.2,1554,294.9033333333334,292.23666666666674,2.6666666666666665,0.0,684.8000000000002,False,True,True,True
gru_negbin,dengue,1,GO,2023-01-15,30,2022-06-19,854.6,1047.4,1307.8,1843.2,2600.6,3546.8,4572.0,5268.2,5924.4,1787,345.13444444444445,332.6455555555556,12.4888888888889,0.0,813.5999999999999,False,True,True,True
gru_negbin,dengue,1,GO,2023-01-22,31,2022-06-19,1032.6,1252.0,1546.0,2143.8,2980.2,4015.8,5130.4,5884.0,6592.2,1598,540.8733333333334,419.5844444444444,121.28888888888893,0.0,1382.1999999999998,False,True,True,True
gru_negbin,dengue,1,GO,2023-01-29,32,2022-06-19,1239.6,1487.0,1815.4,2475.6,3388.8,4508.2,5704.4,6509.8,7264.6,2097,516.2922222222222,432.1588888888889,84.13333333333331,0.0,1291.8000000000002,False,True,True,True
gru_negbin,dengue,1,GO,2023-02-05,33,2022-06-19,1476.8,1753.4,2116.4,2840.0,3828.6,5028.2,6300.6,7153.6,7950.4,2118,661.0266666666666,500.5822222222222,160.44444444444446,0.0,1710.6,False,True,True,True
gru_negbin,dengue,1,GO,2023-02-12,34,2022-06-19,1729.2,2034.0,2431.2,3214.0,4272.8,5546.2,6887.4,7782.8,8616.8,1869,1058.3111111111111,597.8222222222222,460.4888888888888,0.0,2403.8,False,False,False,True
gru_negbin,dengue,1,GO,2023-02-19,35,2022-06-19,1985.6,2317.6,2748.4,3590.8,4720.0,6068.4,7481.0,8420.6,9294.2,1864,1376.6499999999999,668.5611111111111,708.088888888889,0.0,2856.0,False,False,False,False
gru_negbin,dengue,1,GO,2023-02-26,36,2022-06-19,2236.2,2595.0,3058.2,3958.4,5157.2,6580.8,8065.6,9050.4,9964.4,2234,1343.4922222222222,696.4255555555555,647.0666666666666,0.0,2923.2,False,False,False,False
gru_negbin,dengue,1,GO,2023-03-05,37,2022-06-19,2488.6,2874.6,3371.0,4331.0,5602.8,7105.6,8667.6,9701.2,10659.0,2320,1598.9999999999998,757.8444444444444,841.1555555555556,0.0,3282.8,False,False,False,False
gru_negbin,dengue,1,GO,2023-03-12,38,2022-06-19,2728.6,3141.4,3670.4,4690.2,6036.2,7621.2,9264.2,10349.8,11354.2,2424,1824.1977777777777,816.508888888889,1007.688888888889,0.0,3612.2,False,False,False,False
gru_negbin,dengue,1,GO,2023-03-19,39,2022-06-19,2916.8,3352.6,3910.8,4985.0,6399.8,8064.0,9786.4,10923.6,11975.6,3044,1501.4733333333331,808.94,692.5333333333333,0.0,3355.8,False,False,False,True
gru_negbin,dengue,1,GO,2023-03-26,40,2022-06-19,3059.6,3514.2,4096.2,5214.6,6687.0,8417.2,10207.8,11389.2,12482.6,2970,1756.4966666666667,866.5855555555556,889.911111111111,0.0,3717.0,False,False,False,False
gru_negbin,dengue,1,GO,2023-04-02,41,2022-06-19,3207.6,3681.0,4286.0,5448.6,6978.2,8774.2,10631.4,11856.8,12990.0,2275,2665.353333333333,993.5311111111112,1671.8222222222223,0.0,4703.2,False,False,False,False
gru_negbin,dengue,1,GO,2023-04-09,42,2022-06-19,3355.0,3845.2,4471.8,5674.6,7255.2,9110.6,11028.6,12293.0,13462.8,2847,2300.547777777778,976.4144444444446,1324.1333333333334,0.0,4408.2,False,False,False,False
gru_negbin,dengue,1,GO,2023-04-16,43,2022-06-19,3422.8,3918.4,4551.4,5766.8,7362.8,9235.4,11170.0,12445.2,13624.8,2611,2622.6000000000004,1019.1777777777778,1603.4222222222224,0.0,4751.8,False,False,False,False
gru_negbin,dengue,1,GO,2023-04-23,44,2022-06-19,3357.8,3841.8,4460.4,5647.0,7205.8,9034.6,10924.0,12169.8,13321.6,2396,2730.3677777777775,1014.1455555555555,1716.2222222222222,0.0,4809.8,False,False,False,False
gru_negbin,dengue,1,GO,2023-04-30,45,2022-06-19,3180.0,3638.6,4225.0,5351.2,6831.4,8568.4,10364.2,11548.6,12644.0,2600,2257.96,925.7822222222223,1332.1777777777777,0.0,4231.4,False,False,False,False
gru_negbin,dengue,1,GO,2023-05-07,46,2022-06-19,2920.2,3344.0,3886.6,4928.8,6300.0,7911.6,9578.6,10678.6,11696.8,2382,2091.4766666666665,857.7877777777777,1233.6888888888889,0.0,3918.0,False,False,False,False
gru_negbin,dengue,1,GO,2023-05-14,47,2022-06-19,2590.8,2970.6,3457.0,4393.8,5628.2,7080.8,8585.6,9579.2,10498.8,2105,1881.4533333333331,772.0755555555556,1109.3777777777777,0.0,3523.2,False,False,False,False
gru_negbin,dengue,1,GO,2023-05-21,48,2022-06-19,2233.6,2564.8,2989.4,3808.4,4890.2,6165.0,7487.2,8361.4,9170.8,1511,1943.108888888889,709.2866666666666,1233.8222222222223,0.0,3379.2,False,False,False,False
gru_negbin,dengue,1,GO,2023-05-28,49,2022-06-19,1895.2,2180.2,2545.8,3252.4,4187.2,5290.8,6437.0,7195.4,7898.0,1360,1588.166666666667,602.9222222222221,985.2444444444445,0.0,2827.2,False,False,False,False
gru_negbin,dengue,1,GO,2023-06-04,50,2022-06-19,1560.2,1797.4,2102.2,2692.2,3473.8,4398.4,5359.2,5995.4,6585.4,1077,1362.2622222222221,508.0400000000001,854.2222222222222,0.0,2396.8,False,False,False,False
gru_negbin,dengue,1,GO,2023-06-11,51,2022-06-19,1256.6,1449.2,1697.2,2177.2,2814.6,3567.8,4352.2,4871.6,5353.4,1077,895.042222222222,390.1088888888889,504.9333333333333,0.0,1737.6,False,False,False,False
gru_negbin,dengue,1,GO,2023-06-18,52,2022-06-19,1006.6,1161.6,1360.8,1747.0,2259.4,2866.6,3498.0,3916.4,4303.8,868,714.1088888888888,313.22,400.8888888888889,0.0,1391.4,False,False,False,False
gru_negbin,dengue,1,GO,2023-06-25,53,2022-06-19,823.2,946.8,1105.6,1412.2,1818.4,2297.8,2795.8,3125.0,3430.2,727,553.3344444444444,246.71222222222227,306.6222222222222,0.0,1091.4,False,False,False,False
gru_negbin,dengue,1,GO,2023-07-02,54,2022-06-19,678.8,777.0,903.2,1145.4,1464.8,1839.8,2228.4,2485.0,2722.4,622,417.86888888888893,192.00222222222223,225.86666666666667,0.0,842.8,False,False,False,False
gru_negbin,dengue,1,GO,2023-07-09,55,2022-06-19,568.2,648.0,749.4,944.0,1198.4,1496.8,1804.2,2006.6,2193.8,616,252.63333333333335,142.98888888888888,109.64444444444445,0.0,582.4000000000001,False,False,False,True
gru_negbin,dengue,1,GO,2023-07-16,56,2022-06-19,485.6,551.0,634.6,793.6,1000.8,1242.6,1491.0,1654.2,1804.6,577,171.58333333333334,110.64999999999999,60.933333333333344,0.0,423.79999999999995,False,False,True,True
gru_negbin,dengue,1,GO,2023-07-23,57,2022-06-19,421.8,476.6,546.6,678.4,850.0,1048.8,1252.4,1386.0,1509.2,528,125.74111111111112,88.18555555555554,37.55555555555556,0.0,322.0,False,False,True,True
gru_negbin,dengue,1,GO,2023-07-30,58,2022-06-19,374.0,421.6,481.4,594.4,740.6,909.2,1081.6,1194.4,1298.2,599,60.28111111111112,60.28111111111112,0.0,0.0,141.60000000000002,True,True,True,True
gru_negbin,dengue,1,GO,2023-08-06,59,2022-06-19,338.6,380.8,434.0,534.2,663.0,811.8,963.2,1061.8,1152.4,567,49.93666666666666,49.93666666666666,0.0,0.0,96.0,True,True,True,True
gru_negbin,dengue,1,GO,2023-08-13,60,2022-06-19,312.6,351.0,399.8,491.6,608.8,744.2,881.8,971.4,1054.0,689,44.667777777777786,44.667777777777786,0.0,0.0,80.20000000000005,True,True,True,True
gru_negbin,dengue,1,GO,2023-08-20,61,2022-06-19,293.4,330.0,375.8,462.8,574.2,702.2,832.8,917.8,996.0,627,39.75666666666666,39.75666666666666,0.0,0.0,52.799999999999955,True,True,True,True
gru_negbin,dengue,1,GO,2023-08-27,62,2022-06-19,281.0,317.2,362.2,447.6,557.6,683.8,813.0,897.4,974.6,683,47.37333333333332,47.37333333333332,0.0,0.0,125.39999999999998,True,True,True,True
gru_negbin,dengue,1,GO,2023-09-03,63,2022-06-19,271.4,307.4,352.0,437.0,546.4,673.2,802.2,886.4,964.2,676,48.43111111111111,47.808888888888895,0.0,0.6222222222222121,129.60000000000002,False,True,True,True
gru_negbin,dengue,1,GO,2023-09-10,64,2022-06-19,265.2,300.8,345.2,429.8,539.2,665.8,795.4,879.6,957.6,820,104.32666666666667,64.59333333333332,0.0,39.73333333333335,280.79999999999995,False,False,True,True
gru_negbin,dengue,1,GO,2023-09-17,65,2022-06-19,265.6,301.6,346.8,432.6,544.4,673.2,805.2,892.0,971.4,869,127.78999999999999,70.10111111111112,0.0,57.68888888888887,324.6,False,False,True,True
gru_negbin,dengue,1,GO,2023-09-24,66,2022-06-19,269.4,306.6,353.6,443.0,559.6,695.0,833.8,924.8,1009.0,735,64.02666666666666,55.13777777777777,0.0,8.88888888888889,175.39999999999998,False,True,True,True
gru_negbin,dengue,1,GO,2023-10-01,67,2022-06-19,275.2,314.6,364.4,459.6,584.2,729.6,879.2,977.4,1068.4,860,97.83333333333333,68.85555555555555,0.0,28.977777777777774,275.79999999999995,False,True,True,True
gru_negbin,dengue,1,MA,2022-10-09,16,2022-06-19,16.0,19.0,23.4,32.0,43.6,57.6,72.2,82.0,91.0,58,5.312222222222221,5.223333333333333,0.0,0.08888888888888857,14.399999999999999,False,True,True,True
gru_negbin,dengue,1,MA,2022-10-16,17,2022-06-19,15.6,19.0,23.6,32.2,44.0,58.6,73.8,83.8,93.2,68,8.488888888888889,6.4,0.0,2.0888888888888886,24.0,False,True,True,True
gru_negbin,dengue,1,MA,2022-10-23,18,2022-06-19,15.6,19.0,23.6,32.6,44.8,59.6,75.2,85.8,95.6,28,6.722222222222222,5.699999999999999,1.0222222222222226,0.0,16.799999999999997,False,True,True,True
gru_negbin,dengue,1,MA,2022-10-30,19,2022-06-19,15.6,19.0,24.0,33.4,46.4,62.2,79.0,90.4,101.0,58,5.3788888888888895,5.3788888888888895,0.0,0.0,11.600000000000001,True,True,True,True
gru_negbin,dengue,1,MA,2022-11-06,20,2022-06-19,15.6,19.4,24.6,34.8,48.8,66.4,85.4,98.0,109.6,51,4.746666666666667,4.746666666666667,0.0,0.0,2.200000000000003,True,True,True,True
gru_negbin,dengue,1,MA,2022-11-13,21,2022-06-19,16.0,19.8,25.4,36.8,52.8,72.6,94.2,109.0,122.6,57,5.567777777777779,5.567777777777779,0.0,0.0,4.200000000000003,True,True,True,True
gru_negbin,dengue,1,MA,2022-11-20,22,2022-06-19,15.8,20.4,26.4,39.2,57.6,80.4,105.6,123.0,139.0,45,7.273333333333334,7.273333333333334,0.0,0.0,12.600000000000001,True,True,True,True
gru_negbin,dengue,1,MA,2022-11-27,23,2022-06-19,16.2,20.8,27.8,42.0,63.2,90.4,120.2,140.8,160.4,31,12.898888888888889,10.454444444444444,2.4444444444444446,0.0,32.2,False,True,True,True
gru_negbin,dengue,1,MA,2022-12-04,24,2022-06-19,16.4,21.8,29.4,46.2,71.2,103.0,139.6,164.6,188.4,34,14.991111111111113,12.28,2.7111111111111117,0.0,37.2,False,True,True,True
gru_negbin,dengue,1,MA,2022-12-11,25,2022-06-19,17.4,23.6,32.6,52.0,81.8,121.2,166.0,197.0,226.6,16,30.897777777777776,17.20888888888889,13.68888888888889,0.0,65.8,False,False,False,False
gru_negbin,dengue,1,MA,2022-12-18,26,2022-06-19,19.4,26.2,36.4,59.8,96.0,144.4,200.0,238.6,276.0,8,46.29888888888888,21.89888888888889,24.399999999999995,0.0,88.0,False,False,False,False
gru_negbin,dengue,1,MA,2022-12-25,27,2022-06-19,21.4,29.4,41.6,69.8,114.2,174.2,243.2,291.6,338.4,39,30.732222222222227,23.310000000000002,7.422222222222222,0.0,75.2,False,False,True,True
gru_negbin,dengue,1,MA,2023-01-01,28,2022-06-19,26.0,36.4,51.8,86.8,142.0,217.4,304.2,365.4,424.0,95,23.953333333333333,23.953333333333333,0.0,0.0,47.0,True,True,True,True
gru_negbin,dengue,1,MA,2023-01-08,29,2022-06-19,35.2,48.4,67.8,112.4,182.4,277.4,386.2,462.6,536.0,78,42.87111111111111,35.22666666666666,7.644444444444446,0.0,104.4,False,True,True,True
gru_negbin,dengue,1,MA,2023-01-15,30,2022-06-19,46.6,63.6,88.2,144.0,231.0,348.4,482.6,576.6,666.8,96,54.93222222222223,44.26555555555556,10.666666666666666,0.0,135.0,False,True,True,True
gru_negbin,dengue,1,MA,2023-01-22,31,2022-06-19,60.4,80.8,111.0,177.6,280.6,418.6,575.2,684.8,789.6,112,67.77777777777777,53.2,14.577777777777776,0.0,168.60000000000002,False,True,True,True
gru_negbin,dengue,1,MA,2023-01-29,32,2022-06-19,76.8,101.6,136.6,215.4,334.8,492.8,671.0,795.2,913.8,149,75.04333333333334,60.287777777777784,14.755555555555556,0.0,185.8,False,True,True,True
gru_negbin,dengue,1,MA,2023-02-05,33,2022-06-19,93.4,122.2,163.0,252.2,386.6,562.2,759.8,896.6,1027.2,175,84.94333333333333,67.78777777777778,17.15555555555555,0.0,211.60000000000002,False,True,True,True
gru_negbin,dengue,1,MA,2023-02-12,34,2022-06-19,109.6,142.0,187.8,286.8,434.2,626.4,841.2,989.4,1130.4,144,122.18444444444442,80.71777777777778,41.46666666666667,0.0,290.2,False,False,True,True
gru_negbin,dengue,1,MA,2023-02-19,35,2022-06-19,123.6,159.2,208.2,314.0,469.8,671.0,894.6,1049.0,1195.0,198,109.17,81.12555555555556,28.04444444444444,0.0,271.8,False,False,True,True
gru_negbin,dengue,1,MA,2023-02-26,36,2022-06-19,135.4,172.2,223.8,333.2,493.0,698.2,925.4,1081.2,1229.0,304,79.53333333333333,73.04444444444444,6.488888888888886,0.0,189.0,False,True,True,True
gru_negbin,dengue,1,MA,2023-03-05,37,2022-06-19,143.4,181.4,233.8,344.8,506.2,712.0,938.0,1093.4,1240.4,339,72.14333333333333,70.85444444444444,1.2888888888888914,0.0,167.2,False,True,True,True
gru_negbin,dengue,1,MA,2023-03-12,38,2022-06-19,146.0,184.0,236.4,346.8,505.8,708.6,930.6,1082.6,1226.2,304,83.44555555555556,73.93444444444445,9.511111111111113,0.0,201.8,False,True,True,True
gru_negbin,dengue,1,MA,2023-03-19,39,2022-06-19,145.0,182.6,234.0,342.4,498.6,696.6,913.6,1062.4,1202.6,255,96.92,77.49777777777778,19.422222222222217,0.0,243.60000000000002,False,True,True,True
gru_negbin,dengue,1,MA,2023-03-26,40,2022-06-19,143.4,180.2,230.6,335.8,487.2,679.2,889.2,1033.0,1168.6,192,122.21777777777775,81.68444444444442,40.53333333333333,0.0,295.2,False,False,True,True
gru_negbin,dengue,1,MA,2023-04-02,41,2022-06-19,139.4,174.8,223.2,324.8,470.8,655.6,858.0,995.8,1126.4,162,134.02333333333334,81.4011111111111,52.62222222222223,0.0,308.8,False,False,False,True
gru_negbin,dengue,1,MA,2023-04-09,42,2022-06-19,130.2,163.4,209.4,304.8,442.6,617.2,808.2,939.0,1062.0,200,96.79,71.41222222222223,25.37777777777778,0.0,242.60000000000002,False,False,True,True
gru_negbin,dengue,1,MA,2023-04-16,43,2022-06-19,116.2,146.2,188.0,275.2,402.0,562.8,739.2,860.2,974.2,206,78.08222222222223,62.70444444444445,15.377777777777775,0.0,196.0,False,True,True,True
gru_negbin,dengue,1,MA,2023-04-23,44,2022-06-19,101.8,128.8,166.0,244.2,358.0,502.8,661.8,771.0,874.2,151,83.85555555555555,59.8111111111111,24.04444444444444,0.0,207.0,False,False,True,True
gru_negbin,dengue,1,MA,2023-04-30,45,2022-06-19,89.2,112.8,145.6,215.4,316.4,445.8,588.4,685.6,778.2,150,65.85444444444444,51.32111111111111,14.533333333333335,0.0,166.39999999999998,False,True,True,True
gru_negbin,dengue,1,MA,2023-05-07,46,2022-06-19,76.4,97.0,125.0,184.4,270.8,381.0,502.4,585.2,664.0,121,59.620000000000005,44.64222222222222,14.97777777777778,0.0,149.8,False,False,True,True
gru_negbin,dengue,1,MA,2023-05-14,47,2022-06-19,64.2,81.2,104.8,154.2,226.4,318.2,419.0,488.4,553.8,101,49.93777777777777,37.27111111111111,12.666666666666664,0.0,125.4,False,False,True,True
gru_negbin,dengue,1,MA,2023-05-21,48,2022-06-19,52.4,66.4,86.2,127.2,186.6,262.2,345.4,402.4,456.6,69,49.06111111111112,32.30555555555556,16.755555555555556,0.0,117.6,False,False,True,True
gru_negbin,dengue,1,MA,2023-05-28,49,2022-06-19,42.8,54.2,70.2,103.6,152.0,213.4,280.8,327.4,371.0,75,30.549999999999997,24.194444444444446,6.355555555555554,0.0,77.0,False,True,True,True
gru_negbin,dengue,1,MA,2023-06-04,50,2022-06-19,34.8,44.4,57.4,84.4,123.6,173.6,228.4,266.0,301.2,68,22.52,18.875555555555554,3.6444444444444457,0.0,55.599999999999994,False,True,True,True
gru_negbin,dengue,1,MA,2023-06-11,51,2022-06-19,28.4,35.8,46.6,68.4,100.2,140.2,184.0,213.8,242.4,67,14.208888888888888,13.897777777777776,0.3111111111111124,0.0,33.2,False,True,True,True
gru_negbin,dengue,1,MA,2023-06-18,52,2022-06-19,23.2,29.4,37.8,55.8,81.6,113.8,149.4,173.6,196.4,74,9.11111111111111,9.11111111111111,0.0,0.0,7.599999999999994,True,True,True,True
gru_negbin,dengue,1,MA,2023-06-25,53,2022-06-19,19.8,24.8,32.0,47.0,68.0,94.2,123.0,142.8,161.4,92,9.408888888888889,9.408888888888889,0.0,0.0,24.0,True,True,True,True
gru_negbin,dengue,1,MA,2023-07-02,54,2022-06-19,17.4,22.0,28.0,40.4,58.2,80.4,104.4,120.8,135.8,78,7.875555555555555,7.875555555555555,0.0,0.0,19.799999999999997,True,True,True,True
gru_negbin,dengue,1,MA,2023-07-09,55,2022-06-19,15.8,20.0,25.2,36.2,51.4,70.4,90.8,104.8,117.8,67,6.6000000000000005,6.6000000000000005,0.0,0.0,15.600000000000001,True,True,True,True
gru_negbin,dengue,1,MA,2023-07-16,56,2022-06-19,14.6,18.0,22.8,32.0,45.6,61.8,79.4,91.2,102.4,47,4.37,4.37,0.0,0.0,1.3999999999999986,True,True,True,True
gru_negbin,dengue,1,MA,2023-07-23,57,2022-06-19,13.4,16.4,20.6,29.2,40.6,54.4,69.2,79.6,89.0,51,4.757777777777778,4.757777777777778,0.0,0.0,10.399999999999999,True,True,True,True
gru_negbin,dengue,1,MA,2023-07-30,58,2022-06-19,12.6,15.4,19.2,26.4,36.6,49.0,62.2,71.0,79.2,44,4.021111111111112,4.021111111111112,0.0,0.0,7.399999999999999,True,True,True,True
gru_negbin,dengue,1,MA,2023-08-06,59,2022-06-19,11.8,14.4,17.8,24.2,33.4,44.8,56.4,64.2,71.4,43,3.953333333333333,3.953333333333333,0.0,0.0,9.600000000000001,True,True,True,True
gru_negbin,dengue,1,MA,2023-08-13,60,2022-06-19,10.6,13.0,16.2,22.8,31.0,41.2,51.8,59.0,65.8,43,4.364444444444445,3.964444444444445,0.0,0.39999999999999936,12.0,False,True,True,True
gru_negbin,dengue,1,MA,2023-08-20,61,2022-06-19,9.8,12.0,15.0,20.8,28.4,37.8,47.6,54.4,60.4,28,2.465555555555555,2.465555555555555,0.0,0.0,0.3999999999999986,True,True,True,True
gru_negbin,dengue,1,MA,2023-08-27,62,2022-06-19,9.0,11.2,14.0,19.2,26.6,35.0,44.4,50.4,56.2,31,2.7399999999999998,2.7399999999999998,0.0,0.0,4.399999999999999,True,True,True,True
gru_negbin,dengue,1,MA,2023-09-03,63,2022-06-19,8.2,10.4,12.8,18.0,24.6,33.0,41.6,47.4,53.0,24,2.2,2.2,0.0,0.0,0.6000000000000014,True,True,True,True
gru_negbin,dengue,1,MA,2023-09-10,64,2022-06-19,7.8,9.6,12.2,17.0,23.4,31.4,39.4,45.2,50.0,24,2.101111111111111,2.101111111111111,0.0,0.0,0.6000000000000014,True,True,True,True
gru_negbin,dengue,1,MA,2023-09-17,65,2022-06-19,7.4,9.2,11.2,16.0,22.4,29.8,38.0,43.2,48.2,34,4.188888888888888,3.2555555555555555,0.0,0.9333333333333331,11.600000000000001,False,True,True,True
gru_negbin,dengue,1,MA,2023-09-24,66,2022-06-19,6.8,8.6,11.0,15.8,21.6,29.2,37.2,42.2,47.2,17,2.4355555555555557,2.4355555555555557,0.0,0.0,4.600000000000001,True,True,True,True
gru_negbin,dengue,1,MA,2023-10-01,67,2022-06-19,6.8,8.4,10.8,15.2,21.6,29.0,36.6,42.0,47.0,20,2.1144444444444446,2.1144444444444446,0.0,0.0,1.6000000000000014,True,True,True,True
gru_negbin,dengue,1,MG,2022-10-09,16,2022-06-19,95.0,108.4,125.2,158.0,199.8,248.6,299.0,331.8,362.4,417,131.70777777777778,36.99666666666666,0.0,94.71111111111111,217.2,False,False,False,False
gru_negbin,dengue,1,MG,2022-10-16,17,2022-06-19,102.8,117.8,137.0,173.4,221.2,277.2,334.8,372.6,407.6,465,145.7311111111111,41.775555555555556,0.0,103.95555555555555,243.8,False,False,False,False
gru_negbin,dengue,1,MG,2022-10-23,18,2022-06-19,111.8,129.2,151.0,194.0,250.2,316.6,385.6,431.2,473.4,467,100.94444444444443,41.47777777777779,0.0,59.46666666666666,216.8,False,False,False,True
gru_negbin,dengue,1,MG,2022-10-30,19,2022-06-19,120.6,140.8,167.0,218.2,286.6,368.4,453.8,510.2,563.0,357,29.102222222222217,29.102222222222217,0.0,0.0,70.39999999999998,True,True,True,True
gru_negbin,dengue,1,MG,2022-11-06,20,2022-06-19,127.8,151.4,182.8,244.2,327.8,429.2,536.2,607.8,674.6,322,26.884444444444448,26.884444444444448,0.0,0.0,5.800000000000011,True,True,True,True
gru_negbin,dengue,1,MG,2022-11-13,21,2022-06-19,134.4,162.2,199.4,274.2,378.2,506.0,642.8,734.8,821.4,330,38.26555555555555,38.26555555555555,0.0,0.0,48.19999999999999,True,True,True,True
gru_negbin,dengue,1,MG,2022-11-20,22,2022-06-19,140.6,174.2,219.4,313.2,446.4,613.2,794.8,917.8,1034.4,407,47.05888888888889,47.05888888888889,0.0,0.0,39.39999999999998,True,True,True,True
gru_negbin,dengue,1,MG,2022-11-27,23,2022-06-19,146.6,186.4,241.6,359.4,531.8,752.0,996.0,1163.6,1322.0,386,72.16333333333333,72.16333333333333,0.0,0.0,145.79999999999995,True,True,True,True
gru_negbin,dengue,1,MG,2022-12-04,24,2022-06-19,150.6,197.8,264.2,410.6,630.8,920.0,1244.6,1469.8,1684.4,369,111.07444444444444,101.82999999999998,9.244444444444449,0.0,261.79999999999995,False,True,True,True
gru_negbin,dengue,1,MG,2022-12-11,25,2022-06-19,156.6,211.8,291.6,471.6,751.0,1125.4,1551.6,1850.4,2136.2,370,158.4377777777778,135.86,22.577777777777783,0.0,381.0,False,True,True,True
gru_negbin,dengue,1,MG,2022-12-18,26,2022-06-19,166.2,230.2,325.2,545.0,894.6,1372.8,1924.4,2313.0,2687.2,254,270.3411111111111,189.85222222222222,80.48888888888888,0.0,640.6,False,False,True,True
gru_negbin,dengue,1,MG,2022-12-25,27,2022-06-19,195.0,271.6,386.6,654.0,1082.6,1671.6,2354.4,2836.0,3300.4,764,181.40777777777777,181.40777777777777,0.0,0.0,318.5999999999999,True,True,True,True
gru_negbin,dengue,1,MG,2023-01-01,28,2022-06-19,239.8,334.6,477.2,811.6,1349.4,2092.0,2954.4,3564.0,4152.2,2416,374.3111111111112,302.31111111111113,0.0,72.0,1066.6,False,True,True,True
gru_negbin,dengue,1,MG,2023-01-08,29,2022-06-19,308.6,428.6,609.4,1032.2,1713.8,2654.8,3748.2,4521.8,5267.8,3153,503.5488888888888,392.8377777777778,0.0,110.71111111111107,1439.2,False,True,True,True
gru_negbin,dengue,1,MG,2023-01-15,30,2022-06-19,420.4,576.8,810.6,1353.6,2223.4,3418.6,4804.2,5782.8,6725.6,4429,765.9422222222222,541.4088888888889,0.0,224.53333333333336,2205.6,False,True,True,True
gru_negbin,dengue,1,MG,2023-01-22,31,2022-06-19,585.6,790.2,1092.0,1783.2,2875.8,4363.2,6075.2,7280.4,8439.4,5352,864.6833333333333,644.9499999999999,0.0,219.73333333333338,2476.2,False,True,True,True
gru_negbin,dengue,1,MG,2023-01-29,32,2022-06-19,826.4,1094.4,1484.4,2363.2,3730.4,5570.6,7673.2,9146.6,10560.4,8313,1720.0422222222223,968.4422222222224,0.0,751.5999999999999,4582.6,False,False,True,True
gru_negbin,dengue,1,MG,2023-02-05,33,2022-06-19,1124.2,1466.2,1957.6,3048.6,4721.0,6946.0,9469.2,11229.6,12914.2,10749,2356.717777777778,1227.2066666666667,0.0,1129.511111111111,6028.0,False,False,True,True
gru_negbin,dengue,1,MG,2023-02-12,34,2022-06-19,1465.6,1886.2,2483.8,3791.4,5767.0,8368.0,11295.2,13328.8,15269.8,11163,1874.5611111111111,1253.45,0.0,621.1111111111111,5396.0,False,True,True,True
gru_negbin,dengue,1,MG,2023-02-19,35,2022-06-19,1842.2,2346.8,3057.0,4595.4,6894.2,9895.4,13253.0,15577.2,17791.4,12774,2049.633333333333,1409.9444444444443,0.0,639.688888888889,5879.8,False,True,True,True
gru_negbin,dengue,1,MG,2023-02-26,36,2022-06-19,2280.2,2880.8,3719.4,5519.6,8186.6,11643.4,15491.8,18148.4,20674.6,16319,3000.0955555555556,1777.2511111111112,0.0,1222.8444444444447,8132.4,False,False,True,True
gru_negbin,dengue,1,MG,2023-03-05,37,2022-06-19,2757.4,3455.8,4425.6,6490.0,9522.6,13427.2,17754.0,20732.2,23559.8,19620,3901.8933333333334,2111.048888888889,0.0,1790.8444444444442,10097.4,False,False,True,True
gru_negbin,dengue,1,MG,2023-03-12,38,2022-06-19,3265.6,4068.2,5174.2,7510.6,10913.4,15265.0,20063.2,23356.4,26477.4,22058,4296.067777777778,2343.2233333333334,0.0,1952.8444444444442,11144.6,False,False,True,True
gru_negbin,dengue,1,MG,2023-03-19,39,2022-06-19,3744.6,4656.0,5909.4,8546.0,12370.6,17245.6,22607.6,26282.6,29762.0,24687,4723.441111111111,2607.7077777777777,0.0,2115.733333333334,12316.4,False,False,True,True
gru_negbin,dengue,1,MG,2023-03-26,40,2022-06-19,4157.8,5175.4,6574.0,9513.2,13773.4,19198.6,25162.2,29247.4,33115.0,25996,4433.377777777777,2737.5555555555557,0.0,1695.8222222222223,12222.6,False,False,True,True
gru_negbin,dengue,1,MG,2023-04-02,41,2022-06-19,4469.2,5576.8,7101.2,10309.4,14965.2,20899.8,27428.4,31902.2,36138.8,25018,3540.6511111111117,2625.4955555555557,0.0,915.1555555555557,10052.8,False,True,True,True
gru_negbin,dengue,1,MG,2023-04-09,42,2022-06-19,4627.0,5789.4,7391.4,10771.0,15686.2,21962.0,28874.2,33614.8,38105.6,28930,4626.658888888889,3065.8144444444447,0.0,1560.8444444444442,13243.8,False,False,True,True
gru_negbin,dengue,1,MG,2023-04-16,43,2022-06-19,4538.8,5699.4,7304.4,10703.8,15669.4,22032.0,29057.2,33882.4,38457.8,25888,3606.6122222222225,2749.7233333333334,0.0,856.8888888888889,10218.6,False,True,True,True
gru_negbin,dengue,1,MG,2023-04-23,44,2022-06-19,4256.4,5367.2,6909.0,10189.4,15002.6,21192.8,28045.2,32759.0,37233.0,22025,2533.75,2348.8166666666666,0.0,184.9333333333335,7022.4,False,True,True,True
gru_negbin,dengue,1,MG,2023-04-30,45,2022-06-19,3832.8,4856.6,6283.8,9338.0,13847.2,19674.8,26147.8,30610.6,34850.8,22246,2978.744444444444,2407.366666666667,0.0,571.377777777778,8398.8,False,True,True,True
gru_negbin,dengue,1,MG,2023-05-07,46,2022-06-19,3382.0,4290.0,5560.6,8289.4,12336.0,17584.2,23429.0,27465.2,31303.2,20156,2766.4733333333334,2194.9622222222224,0.0,571.511111111111,7820.0,False,True,True,True
gru_negbin,dengue,1,MG,2023-05-14,47,2022-06-19,2840.8,3603.8,4672.6,6975.0,10398.6,14849.4,19814.8,23246.4,26512.6,16231,2078.7877777777776,1771.7655555555555,0.0,307.0222222222223,5832.4,False,True,True,True
gru_negbin,dengue,1,MG,2023-05-21,48,2022-06-19,2320.0,2933.8,3793.4,5640.2,8381.8,11942.0,15910.0,18651.4,21259.0,10976,1187.458888888889,1187.458888888889,0.0,0.0,2594.2000000000007,True,True,True,True
gru_negbin,dengue,1,MG,2023-05-28,49,2022-06-19,1827.8,2300.4,2958.4,4363.8,6436.6,9113.8,12087.4,14137.0,16084.4,8365,891.7433333333333,891.7433333333333,0.0,0.0,1928.3999999999996,True,True,True,True
gru_negbin,dengue,1,MG,2023-06-04,50,2022-06-19,1381.4,1730.6,2214.0,3240.4,4744.2,6676.8,8815.0,10285.8,11681.6,6261,658.4144444444444,658.4144444444444,0.0,0.0,1516.8000000000002,True,True,True,True
gru_negbin,dengue,1,MG,2023-06-11,51,2022-06-19,1008.8,1256.6,1598.6,2319.4,3369.6,4711.4,6191.4,7207.2,8169.4,5242,666.8055555555555,548.8944444444444,0.0,117.9111111111112,1872.4,False,True,True,True
gru_negbin,dengue,1,MG,2023-06-18,52,2022-06-19,732.2,905.2,1142.0,1638.4,2355.2,3265.8,4265.6,4949.8,5597.2,3910,547.7033333333334,404.5477777777778,0.0,143.1555555555555,1554.8000000000002,False,True,True,True
gru_negbin,dengue,1,MG,2023-06-25,53,2022-06-19,542.4,665.4,833.2,1181.8,1681.6,2313.2,3003.2,3474.6,3919.6,2582,320.83111111111117,261.09777777777776,0.0,59.73333333333338,900.4000000000001,False,True,True,True
gru_negbin,dengue,1,MG,2023-07-02,54,2022-06-19,412.2,501.8,622.4,870.8,1223.0,1664.0,2143.0,2468.6,2775.4,1895,238.84,187.50666666666663,0.0,51.333333333333336,672.0,False,True,True,True
gru_negbin,dengue,1,MG,2023-07-09,55,2022-06-19,325.8,393.2,483.2,666.4,923.4,1242.0,1585.0,1817.4,2036.0,1506,205.18777777777777,146.52111111111108,0.0,58.666666666666664,582.6,False,True,True,True
gru_negbin,dengue,1,MG,2023-07-16,56,2022-06-19,260.8,312.8,381.6,519.8,711.4,947.4,1199.8,1370.2,1529.8,1336,246.7588888888889,130.13666666666666,0.0,116.62222222222223,624.6,False,False,True,True
gru_negbin,dengue,1,MG,2023-07-23,57,2022-06-19,211.4,251.4,304.0,409.0,553.0,728.0,914.2,1039.2,1156.0,1126,263.74999999999994,108.94999999999999,0.0,154.79999999999998,573.0,False,False,False,True
gru_negbin,dengue,1,MG,2023-07-30,58,2022-06-19,176.6,208.0,249.2,331.0,441.2,574.6,715.6,809.8,897.4,1027,346.47777777777776,99.67777777777776,0.0,246.79999999999998,585.8,False,False,False,False
gru_negbin,dengue,1,MG,2023-08-06,59,2022-06-19,152.0,177.8,211.2,276.4,364.6,469.6,579.8,653.2,721.8,1021,469.10555555555555,100.30555555555556,0.0,368.8,656.4,False,False,False,False
gru_negbin,dengue,1,MG,2023-08-13,60,2022-06-19,134.4,156.0,183.8,237.6,309.6,394.6,483.0,542.2,596.8,928,467.69777777777773,90.94222222222223,0.0,376.75555555555553,618.4,False,False,False,False
gru_negbin,dengue,1,MG,2023-08-20,61,2022-06-19,123.0,142.0,166.4,212.8,274.6,347.0,422.2,471.8,517.8,875,472.6422222222223,85.7088888888889,0.0,386.93333333333334,600.4,False,False,False,False
gru_negbin,dengue,1,MG,2023-08-27,62,2022-06-19,117.2,134.4,156.8,199.2,254.6,320.0,387.6,431.8,473.0,839,469.52111111111117,82.05444444444443,0.0,387.46666666666664,584.4,False,False,False,False
gru_negbin,dengue,1,MG,2023-09-03,63,2022-06-19,114.0,130.6,151.6,191.6,244.0,305.2,368.2,409.8,448.0,707,355.70444444444445,67.52666666666666,0.0,288.17777777777775,463.0,False,False,False,False
gru_negbin,dengue,1,MG,2023-09-10,64,2022-06-19,112.6,128.8,149.4,188.4,239.2,298.6,359.6,399.8,437.0,959,615.8066666666667,95.58444444444444,0.0,520.2222222222222,719.8,False,False,False,False
gru_negbin,dengue,1,MG,2023-09-17,65,2022-06-19,115.8,132.2,153.4,193.2,245.0,306.0,368.2,409.2,447.0,1048,696.6466666666666,105.18,0.0,591.4666666666667,803.0,False,False,False,False
gru_negbin,dengue,1,MG,2023-09-24,66,2022-06-19,122.4,140.0,162.0,204.2,259.6,323.6,390.0,433.6,473.8,1004,631.8477777777778,99.62555555555556,0.0,532.2222222222222,744.4,False,False,False,False
gru_negbin,dengue,1,MG,2023-10-01,67,2022-06-19,131.6,150.8,175.0,221.4,282.4,353.4,426.8,474.6,519.6,1192,784.9933333333333,119.74888888888891,0.0,665.2444444444445,909.6,False,False,False,False
gru_negbin,dengue,1,MS,2022-10-09,16,2022-06-19,22.0,27.2,34.2,48.2,67.6,92.0,118.4,136.0,152.6,234,121.83888888888889,24.727777777777778,0.0,97.11111111111111,166.4,False,False,False,False
gru_negbin,dengue,1,MS,2022-10-16,17,2022-06-19,22.4,28.2,35.6,51.6,74.0,102.2,132.8,153.6,173.0,276,150.17888888888888,29.64555555555556,0.0,120.53333333333333,202.0,False,False,False,False
gru_negbin,dengue,1,MS,2022-10-23,18,2022-06-19,22.8,29.4,37.8,56.0,82.0,114.8,151.2,175.8,199.6,333,189.7511111111111,36.284444444444446,0.0,153.46666666666667,251.0,False,False,False,False
gru_negbin,dengue,1,MS,2022-10-30,19,2022-06-19,24.0,30.6,40.4,61.8,92.4,132.4,176.6,207.0,236.0,347,179.7088888888889,38.37555555555556,0.0,141.33333333333334,254.6,False,False,False,False
gru_negbin,dengue,1,MS,2022-11-06,20,2022-06-19,24.6,32.4,43.4,68.4,106.6,156.4,212.4,251.6,288.8,362,160.65888888888887,40.92555555555556,0.0,119.73333333333332,255.4,False,False,False,False
gru_negbin,dengue,1,MS,2022-11-13,21,2022-06-19,24.8,33.8,46.8,76.8,124.0,187.0,259.4,310.4,359.0,395,149.04333333333338,45.88777777777778,0.0,103.15555555555557,271.0,False,False,False,False
gru_negbin,dengue,1,MS,2022-11-20,22,2022-06-19,25.0,35.0,50.4,86.0,144.0,223.6,316.2,381.6,444.6,444,144.31111111111113,53.06666666666667,0.0,91.24444444444445,300.0,False,False,False,True
gru_negbin,dengue,1,MS,2022-11-27,23,2022-06-19,25.0,36.2,53.6,96.4,167.6,268.2,386.6,471.2,553.4,239,32.64666666666667,32.64666666666667,0.0,0.0,71.4,True,True,True,True
gru_negbin,dengue,1,MS,2022-12-04,24,2022-06-19,25.2,37.8,58.2,109.8,197.6,325.4,478.0,588.0,694.8,186,32.428888888888885,32.428888888888885,0.0,0.0,11.599999999999994,True,True,True,True
gru_negbin,dengue,1,MS,2022-12-11,25,2022-06-19,26.8,41.6,65.8,127.4,235.6,394.6,586.6,725.4,860.6,119,53.47,51.60333333333334,1.866666666666668,0.0,116.6,False,True,True,True
gru_negbin,dengue,1,MS,2022-12-18,26,2022-06-19,31.8,49.2,78.0,152.0,282.8,476.2,710.6,880.0,1045.6,43,106.95444444444446,73.57666666666667,33.37777777777777,0.0,239.8,False,False,False,True
gru_negbin,dengue,1,MS,2022-12-25,27,2022-06-19,39.6,60.8,95.6,185.4,342.6,573.8,853.2,1055.2,1252.6,112,98.13444444444445,81.82333333333332,16.311111111111114,0.0,230.60000000000002,False,True,True,True
gru_negbin,dengue,1,MS,2023-01-01,28,2022-06-19,53.6,81.0,124.8,235.6,426.6,703.8,1036.6,1276.4,1509.6,531,79.24444444444444,79.24444444444444,0.0,0.0,104.39999999999998,True,True,True,True
gru_negbin,dengue,1,MS,2023-01-08,29,2022-06-19,74.2,109.2,163.8,298.0,524.4,847.4,1230.8,1504.8,1770.8,617,89.45444444444443,89.45444444444443,0.0,0.0,92.60000000000002,True,True,True,True
gru_negbin,dengue,1,MS,2023-01-15,30,2022-06-19,101.0,144.4,211.6,371.6,635.6,1004.6,1438.0,1746.2,2044.4,596,95.41444444444444,95.41444444444444,0.0,0.0,39.60000000000002,True,True,True,True
gru_negbin,dengue,1,MS,2023-01-22,31,2022-06-19,136.6,190.6,271.8,461.4,765.8,1184.2,1669.6,2012.2,2343.0,805,108.07111111111112,108.07111111111112,0.0,0.0,39.200000000000045,True,True,True,True
gru_negbin,dengue,1,MS,2023-01-29,32,2022-06-19,182.4,248.4,345.2,565.6,910.0,1375.2,1908.0,2281.8,2640.2,1125,139.84333333333333,139.84333333333333,0.0,0.0,215.0,True,True,True,True
gru_negbin,dengue,1,MS,2023-02-05,33,2022-06-19,234.8,312.4,424.0,672.2,1051.4,1554.8,2124.0,2521.0,2900.0,1401,165.00222222222223,165.00222222222223,0.0,0.0,349.5999999999999,True,True,True,True
gru_negbin,dengue,1,MS,2023-02-12,34,2022-06-19,290.4,379.4,505.2,779.8,1191.8,1730.8,2334.6,2753.0,3151.2,1665,188.3311111111111,188.3311111111111,0.0,0.0,473.20000000000005,True,True,True,True
gru_negbin,dengue,1,MS,2023-02-19,35,2022-06-19,344.6,444.0,582.4,880.2,1320.8,1890.8,2524.4,2961.2,3376.0,1729,189.46555555555557,189.46555555555557,0.0,0.0,408.20000000000005,True,True,True,True
gru_negbin,dengue,1,MS,2023-02-26,36,2022-06-19,394.8,502.6,652.2,970.4,1436.0,2033.4,2693.4,3146.8,3576.4,2174,264.7155555555555,233.4711111111111,0.0,31.244444444444426,738.0,False,True,True,True
gru_negbin,dengue,1,MS,2023-03-05,37,2022-06-19,440.0,555.2,714.2,1048.8,1535.2,2155.4,2837.6,3304.8,3747.2,2701,408.3666666666667,287.1222222222222,0.0,121.24444444444443,1165.8,False,True,True,True
gru_negbin,dengue,1,MS,2023-03-12,38,2022-06-19,487.4,610.2,778.8,1132.6,1642.8,2289.8,2999.2,3484.2,3943.4,2631,350.38666666666666,274.56444444444446,0.0,75.82222222222218,988.2,False,True,True,True
gru_negbin,dengue,1,MS,2023-03-19,39,2022-06-19,528.6,658.2,835.6,1205.4,1737.2,2409.6,3144.8,3647.2,4121.8,3141,489.8999999999999,327.3666666666667,0.0,162.53333333333336,1403.8,False,True,True,True
gru_negbin,dengue,1,MS,2023-03-26,40,2022-06-19,563.2,698.4,882.4,1265.4,1813.2,2503.6,3257.2,3770.8,4255.6,3257,504.05777777777774,336.6355555555555,0.0,167.42222222222225,1443.8,False,True,True,True
gru_negbin,dengue,1,MS,2023-04-02,41,2022-06-19,583.4,720.8,907.6,1294.6,1845.6,2538.0,3291.8,3805.0,4288.2,3018,413.84444444444455,307.1777777777778,0.0,106.66666666666667,1172.4,False,True,True,True
gru_negbin,dengue,1,MS,2023-04-09,42,2022-06-19,588.6,726.8,914.2,1301.6,1852.8,2543.8,3295.6,3806.6,4288.8,3223,479.88555555555547,328.95222222222225,0.0,150.93333333333328,1370.2,False,True,True,True
gru_negbin,dengue,1,MS,2023-04-16,43,2022-06-19,576.2,712.8,898.2,1282.2,1829.0,2516.0,3263.6,3772.6,4252.6,2797,345.53111111111116,283.0866666666667,0.0,62.44444444444444,968.0,False,True,True,True
gru_negbin,dengue,1,MS,2023-04-23,44,2022-06-19,536.2,665.6,841.8,1207.8,1731.6,2391.6,3111.4,3602.0,4065.0,2146,214.4777777777778,214.4777777777778,0.0,0.0,414.4000000000001,True,True,True,True
gru_negbin,dengue,1,MS,2023-04-30,45,2022-06-19,476.8,594.6,756.0,1092.6,1577.0,2189.4,2859.8,3317.6,3750.6,2427,303.3722222222222,250.57222222222222,0.0,52.79999999999998,850.0,False,True,True,True
gru_negbin,dengue,1,MS,2023-05-07,46,2022-06-19,404.2,507.0,648.8,946.2,1377.2,1925.4,2527.6,2939.8,3329.8,2272,315.87999999999994,238.8577777777778,0.0,77.0222222222222,894.8,False,True,True,True
gru_negbin,dengue,1,MS,2023-05-14,47,2022-06-19,329.0,415.4,535.0,788.2,1158.0,1631.2,2153.2,2511.8,2851.2,1854,246.9433333333333,197.4322222222222,0.0,49.5111111111111,696.0,False,True,True,True
gru_negbin,dengue,1,MS,2023-05-21,48,2022-06-19,262.8,333.0,430.4,637.8,942.0,1333.4,1766.4,2064.2,2347.0,1316,140.70333333333332,140.70333333333332,0.0,0.0,374.0,True,True,True,True
gru_negbin,dengue,1,MS,2023-05-28,49,2022-06-19,202.0,256.8,333.2,496.4,737.4,1048.0,1393.2,1631.4,1857.4,1095,128.8477777777778,118.40333333333335,0.0,10.444444444444445,357.6,False,True,True,True
gru_negbin,dengue,1,MS,2023-06-04,50,2022-06-19,150.4,191.8,249.2,372.4,554.2,789.0,1050.2,1230.2,1401.2,830,99.18666666666667,90.07555555555557,0.0,9.11111111111111,275.79999999999995,False,True,True,True
gru_negbin,dengue,1,MS,2023-06-11,51,2022-06-19,110.8,141.2,183.2,273.4,406.4,577.8,767.8,898.8,1023.0,527,56.787777777777784,56.787777777777784,0.0,0.0,120.60000000000002,True,True,True,True
gru_negbin,dengue,1,MS,2023-06-18,52,2022-06-19,84.0,107.0,138.8,206.4,305.6,433.0,573.8,670.6,762.4,371,39.55333333333333,39.55333333333333,0.0,0.0,65.39999999999998,True,True,True,True
gru_negbin,dengue,1,MS,2023-06-25,53,2022-06-19,63.8,81.0,105.0,155.4,229.2,323.6,427.4,498.6,566.0,412,63.89444444444444,44.25,0.0,19.64444444444444,182.8,False,True,True,True
gru_negbin,dengue,1,MS,2023-07-02,54,2022-06-19,49.0,62.2,79.8,117.2,170.8,239.6,314.4,366.0,414.6,366,78.66444444444444,39.108888888888885,0.0,39.555555555555564,195.2,False,False,True,True
gru_negbin,dengue,1,MS,2023-07-09,55,2022-06-19,38.6,48.6,62.2,90.4,131.2,182.6,238.4,276.6,312.4,305,80.71444444444444,32.403333333333336,0.0,48.3111111111111,173.8,False,False,False,True
gru_negbin,dengue,1,MS,2023-07-16,56,2022-06-19,31.0,38.8,49.8,72.2,104.2,144.4,188.0,218.0,245.6,231,56.04333333333333,24.354444444444443,0.0,31.688888888888886,126.8,False,False,False,True
gru_negbin,dengue,1,MS,2023-07-23,57,2022-06-19,25.8,32.6,41.4,60.0,86.6,119.8,155.8,180.2,203.2,154,23.57888888888889,15.97888888888889,0.0,7.6000000000000005,67.4,False,True,True,True
gru_negbin,dengue,1,MS,2023-07-30,58,2022-06-19,22.2,28.2,36.0,52.2,75.0,103.8,134.4,155.8,175.6,140,23.834444444444443,14.545555555555556,0.0,9.288888888888888,65.0,False,False,True,True
gru_negbin,dengue,1,MS,2023-08-06,59,2022-06-19,20.0,24.8,32.0,46.8,67.0,92.6,120.2,139.0,156.8,157,43.06666666666667,16.53333333333333,0.0,26.53333333333333,90.0,False,False,False,False
gru_negbin,dengue,1,MS,2023-08-13,60,2022-06-19,18.2,22.8,29.4,42.2,60.4,83.6,108.0,124.8,140.8,111,18.238888888888887,11.483333333333334,0.0,6.755555555555556,50.6,False,False,True,True
gru_negbin,dengue,1,MS,2023-08-20,61,2022-06-19,17.4,21.8,27.6,39.8,57.0,78.2,101.2,116.8,131.4,76,7.568888888888889,7.568888888888889,0.0,0.0,19.0,True,True,True,True
gru_negbin,dengue,1,MS,2023-08-27,62,2022-06-19,16.8,21.2,27.0,38.6,55.4,76.0,98.0,113.2,127.4,77,7.9144444444444435,7.692222222222221,0.0,0.2222222222222222,21.6,False,True,True,True
gru_negbin,dengue,1,MS,2023-09-03,63,2022-06-19,16.8,20.8,26.6,38.4,54.8,75.2,97.0,112.0,126.2,59,5.696666666666668,5.696666666666668,0.0,0.0,4.200000000000003,True,True,True,True
gru_negbin,dengue,1,MS,2023-09-10,64,2022-06-19,17.0,21.4,27.0,39.0,55.6,76.2,98.8,113.8,128.2,72,7.128888888888889,7.128888888888889,0.0,0.0,16.4,True,True,True,True
gru_negbin,dengue,1,MS,2023-09-17,65,2022-06-19,17.4,21.6,27.8,40.4,57.8,79.8,103.2,119.4,134.6,77,7.735555555555556,7.735555555555556,0.0,0.0,19.200000000000003,True,True,True,True
gru_negbin,dengue,1,MS,2023-09-24,66,2022-06-19,17.8,22.8,29.2,42.6,61.0,85.0,110.6,128.2,144.6,59,6.2622222222222215,6.2622222222222215,0.0,0.0,2.0,True,True,True,True
gru_negbin,dengue,1,MS,2023-10-01,67,2022-06-19,18.8,23.8,30.8,45.6,66.0,92.6,121.2,141.0,159.8,50,8.483333333333334,8.483333333333334,0.0,0.0,16.0,True,True,True,True
gru_negbin,dengue,1,MT,2022-10-09,16,2022-06-19,64.4,75.4,89.4,117.0,153.6,197.2,242.8,272.8,300.8,94,23.104444444444447,17.993333333333336,5.111111111111111,0.0,59.599999999999994,False,True,True,True
gru_negbin,dengue,1,MT,2022-10-16,17,2022-06-19,66.0,77.8,93.6,124.2,165.2,214.8,267.0,301.6,333.8,152,14.327777777777776,14.327777777777776,0.0,0.0,13.199999999999989,True,True,True,True
gru_negbin,dengue,1,MT,2022-10-23,18,2022-06-19,68.4,81.6,99.0,133.2,180.4,237.2,297.8,338.2,375.8,127,22.06555555555555,20.68777777777778,1.3777777777777753,0.0,53.400000000000006,False,True,True,True
gru_negbin,dengue,1,MT,2022-10-30,19,2022-06-19,71.6,86.8,106.4,145.8,200.4,267.4,338.8,386.6,431.8,133,27.58555555555556,24.74111111111111,2.8444444444444468,0.0,67.4,False,True,True,True
gru_negbin,dengue,1,MT,2022-11-06,20,2022-06-19,76.0,92.8,115.4,161.6,226.0,305.6,391.0,449.2,503.6,203,23.015555555555558,23.015555555555558,0.0,0.0,23.0,True,True,True,True
gru_negbin,dengue,1,MT,2022-11-13,21,2022-06-19,80.2,99.4,125.4,179.0,255.4,351.2,455.2,526.0,592.6,199,30.74888888888889,30.74888888888889,0.0,0.0,56.400000000000006,True,True,True,True
gru_negbin,dengue,1,MT,2022-11-20,22,2022-06-19,84.2,105.6,135.2,197.0,286.4,399.8,524.0,608.8,689.4,200,38.46,38.46,0.0,0.0,86.39999999999998,True,True,True,True
gru_negbin,dengue,1,MT,2022-11-27,23,2022-06-19,87.8,112.4,145.8,217.0,320.8,454.4,601.8,703.4,799.6,192,53.71,48.154444444444444,5.555555555555555,0.0,128.8,False,True,True,True
gru_negbin,dengue,1,MT,2022-12-04,24,2022-06-19,92.2,119.0,157.2,238.8,360.0,517.6,692.8,813.8,928.8,166,77.49222222222222,61.31444444444443,16.17777777777778,0.0,194.0,False,True,True,True
gru_negbin,dengue,1,MT,2022-12-11,25,2022-06-19,97.0,127.2,169.6,262.4,402.0,584.6,789.6,931.4,1066.6,173,91.3111111111111,71.44444444444444,19.86666666666666,0.0,229.0,False,True,True,True
gru_negbin,dengue,1,MT,2022-12-18,26,2022-06-19,104.8,138.0,186.2,291.4,450.4,660.4,896.4,1060.2,1216.6,117,148.55,89.75,58.79999999999999,0.0,333.4,False,False,False,True
gru_negbin,dengue,1,MT,2022-12-25,27,2022-06-19,115.4,152.6,205.8,323.4,501.6,736.6,1001.4,1185.4,1360.8,150,149.60777777777778,98.09666666666666,51.511111111111106,0.0,351.6,False,False,False,True
gru_negbin,dengue,1,MT,2023-01-01,28,2022-06-19,138.0,181.0,241.8,374.4,573.6,835.0,1127.2,1330.0,1523.4,451,79.35000000000001,79.35000000000001,0.0,0.0,122.60000000000002,True,True,True,True
gru_negbin,dengue,1,MT,2023-01-08,29,2022-06-19,165.6,213.6,281.0,425.8,640.4,918.4,1227.8,1441.0,1643.8,503,85.52333333333334,85.52333333333334,0.0,0.0,137.39999999999998,True,True,True,True
gru_negbin,dengue,1,MT,2023-01-15,30,2022-06-19,197.8,251.6,325.4,481.8,709.4,1000.6,1321.6,1542.0,1750.6,657,79.74666666666667,79.74666666666667,0.0,0.0,52.39999999999998,True,True,True,True
gru_negbin,dengue,1,MT,2023-01-22,31,2022-06-19,238.0,297.4,378.8,548.2,790.8,1097.4,1432.2,1660.4,1876.2,642,94.69888888888889,94.69888888888889,0.0,0.0,148.79999999999995,True,True,True,True
gru_negbin,dengue,1,MT,2023-01-29,32,2022-06-19,283.4,348.8,437.0,618.0,873.8,1192.0,1536.8,1770.8,1990.6,755,94.81333333333333,94.81333333333333,0.0,0.0,118.79999999999995,True,True,True,True
gru_negbin,dengue,1,MT,2023-02-05,33,2022-06-19,329.6,400.4,494.6,685.6,951.8,1280.2,1632.2,1869.8,2092.8,1049,95.23555555555555,95.23555555555555,0.0,0.0,97.20000000000005,True,True,True,True
gru_negbin,dengue,1,MT,2023-02-12,34,2022-06-19,374.6,449.4,548.6,747.2,1019.8,1352.8,1707.0,1945.2,2167.8,1006,87.50222222222222,87.50222222222222,0.0,0.0,13.799999999999955,True,True,True,True
gru_negbin,dengue,1,MT,2023-02-19,35,2022-06-19,410.4,487.8,589.8,791.0,1065.8,1397.8,1749.2,1984.4,2204.0,898,104.71333333333332,104.71333333333332,0.0,0.0,167.79999999999995,True,True,True,True
gru_negbin,dengue,1,MT,2023-02-26,36,2022-06-19,434.8,513.4,615.8,818.2,1091.6,1420.2,1766.4,1997.2,2212.6,1051,89.88777777777779,89.88777777777779,0.0,0.0,40.59999999999991,True,True,True,True
gru_negbin,dengue,1,MT,2023-03-05,37,2022-06-19,451.4,530.8,633.8,836.6,1109.6,1436.2,1779.4,2007.8,2220.4,1063,90.18555555555554,90.18555555555554,0.0,0.0,46.59999999999991,True,True,True,True
gru_negbin,dengue,1,MT,2023-03-12,38,2022-06-19,464.2,544.2,649.0,853.0,1127.2,1454.8,1798.6,2027.2,2240.0,989,100.67888888888889,100.67888888888889,0.0,0.0,138.20000000000005,True,True,True,True
gru_negbin,dengue,1,MT,2023-03-19,39,2022-06-19,471.8,553.0,658.4,864.8,1141.8,1473.2,1820.6,2051.2,2266.2,1263,99.7088888888889,99.7088888888889,0.0,0.0,121.20000000000005,True,True,True,True
gru_negbin,dengue,1,MT,2023-03-26,40,2022-06-19,472.4,553.4,658.8,865.0,1141.8,1472.8,1820.2,2051.4,2266.4,1227,95.65333333333334,95.65333333333334,0.0,0.0,85.20000000000005,True,True,True,True
gru_negbin,dengue,1,MT,2023-04-02,41,2022-06-19,477.8,559.0,664.4,870.2,1146.6,1476.2,1821.8,2051.4,2265.0,1221,94.16444444444447,94.16444444444447,0.0,0.0,74.40000000000009,True,True,True,True
gru_negbin,dengue,1,MT,2023-04-09,42,2022-06-19,481.6,562.2,666.2,869.8,1141.8,1466.6,1806.0,2031.4,2241.0,1480,125.13888888888891,122.16111111111111,0.0,2.977777777777798,338.20000000000005,False,True,True,True
gru_negbin,dengue,1,MT,2023-04-16,43,2022-06-19,474.6,553.6,655.2,853.6,1119.2,1435.4,1765.8,1985.8,2189.6,1410,114.75444444444445,114.75444444444445,0.0,0.0,290.79999999999995,True,True,True,True
gru_negbin,dengue,1,MT,2023-04-23,44,2022-06-19,462.0,538.0,637.2,829.8,1088.2,1395.6,1717.2,1931.0,2129.6,1200,92.59777777777776,92.59777777777776,0.0,0.0,111.79999999999995,True,True,True,True
gru_negbin,dengue,1,MT,2023-04-30,45,2022-06-19,444.8,518.0,612.4,797.6,1044.8,1339.8,1648.2,1853.2,2043.6,1361,116.70222222222225,111.99111111111111,0.0,4.711111111111121,316.20000000000005,False,True,True,True
gru_negbin,dengue,1,MT,2023-05-07,46,2022-06-19,416.6,485.0,573.8,746.8,978.8,1255.2,1544.8,1737.4,1916.4,1087,84.09222222222223,84.09222222222223,0.0,0.0,108.20000000000005,True,True,True,True
gru_negbin,dengue,1,MT,2023-05-14,47,2022-06-19,381.8,444.4,525.8,684.8,897.4,1151.2,1416.8,1593.2,1757.4,994,76.85111111111112,76.85111111111112,0.0,0.0,96.60000000000002,True,True,True,True
gru_negbin,dengue,1,MT,2023-05-21,48,2022-06-19,342.2,398.6,471.8,614.8,806.4,1034.8,1274.0,1433.2,1581.0,823,61.382222222222225,61.382222222222225,0.0,0.0,16.600000000000023,True,True,True,True
gru_negbin,dengue,1,MT,2023-05-28,49,2022-06-19,299.4,349.2,413.6,539.2,707.6,908.8,1119.2,1259.0,1389.4,672,56.333333333333336,56.333333333333336,0.0,0.0,35.60000000000002,True,True,True,True
gru_negbin,dengue,1,MT,2023-06-04,50,2022-06-19,259.4,302.6,358.0,466.8,612.4,786.0,967.6,1088.6,1200.8,607,45.843333333333334,45.843333333333334,0.0,0.0,5.399999999999977,True,True,True,True
gru_negbin,dengue,1,MT,2023-06-11,51,2022-06-19,224.0,261.2,309.2,402.8,528.4,677.8,834.2,938.0,1034.4,493,42.9,42.9,0.0,0.0,35.39999999999998,True,True,True,True
gru_negbin,dengue,1,MT,2023-06-18,52,2022-06-19,191.8,223.6,265.0,345.0,451.8,579.2,712.2,800.6,882.4,445,33.952222222222225,33.952222222222225,0.0,0.0,6.800000000000011,True,True,True,True
gru_negbin,dengue,1,MT,2023-06-25,53,2022-06-19,164.8,191.8,226.8,295.0,385.8,493.6,606.4,681.4,750.6,410,30.852222222222217,30.852222222222217,0.0,0.0,24.19999999999999,True,True,True,True
gru_negbin,dengue,1,MT,2023-07-02,54,2022-06-19,142.2,165.6,195.2,253.2,329.8,420.8,515.6,578.4,636.4,346,25.563333333333333,25.563333333333333,0.0,0.0,16.19999999999999,True,True,True,True
gru_negbin,dengue,1,MT,2023-07-09,55,2022-06-19,123.8,143.4,168.8,218.2,283.6,361.2,441.6,494.6,543.8,274,21.30888888888889,21.30888888888889,0.0,0.0,9.600000000000023,True,True,True,True
gru_negbin,dengue,1,MT,2023-07-16,56,2022-06-19,108.6,125.6,147.6,189.8,246.2,312.2,380.8,426.4,468.2,235,18.566666666666663,18.566666666666663,0.0,0.0,11.199999999999989,True,True,True,True
gru_negbin,dengue,1,MT,2023-07-23,57,2022-06-19,95.2,109.8,129.0,165.0,212.8,269.2,327.4,365.8,401.4,214,14.876666666666662,14.876666666666662,0.0,0.0,1.1999999999999886,True,True,True,True
gru_negbin,dengue,1,MT,2023-07-30,58,2022-06-19,84.6,97.6,114.0,145.8,187.4,236.0,286.2,319.6,350.0,247,21.845555555555553,19.40111111111111,0.0,2.4444444444444446,59.599999999999994,False,True,True,True
gru_negbin,dengue,1,MT,2023-08-06,59,2022-06-19,76.0,87.6,102.2,129.6,166.2,209.0,253.0,282.0,308.4,181,12.857777777777779,12.857777777777779,0.0,0.0,14.800000000000011,True,True,True,True
gru_negbin,dengue,1,MT,2023-08-13,60,2022-06-19,69.4,80.0,93.4,118.8,151.8,190.4,230.2,256.8,280.8,174,12.623333333333331,12.623333333333331,0.0,0.0,22.19999999999999,True,True,True,True
gru_negbin,dengue,1,MT,2023-08-20,61,2022-06-19,64.4,74.2,86.4,110.2,141.4,177.6,215.0,239.4,262.2,157,11.269999999999998,11.269999999999998,0.0,0.0,15.599999999999994,True,True,True,True
gru_negbin,dengue,1,MT,2023-08-27,62,2022-06-19,59.6,69.0,80.6,103.2,132.8,166.8,202.8,226.0,248.2,130,9.352222222222224,9.352222222222224,0.0,0.0,2.8000000000000114,True,True,True,True
gru_negbin,dengue,1,MT,2023-09-03,63,2022-06-19,55.6,64.8,76.0,97.8,126.0,159.6,194.4,217.0,238.0,131,9.324444444444445,9.324444444444445,0.0,0.0,5.0,True,True,True,True
gru_negbin,dengue,1,MT,2023-09-10,64,2022-06-19,54.2,62.8,74.0,95.4,124.0,157.4,192.2,215.0,236.4,124,8.774444444444445,8.774444444444445,0.0,0.0,0.0,True,True,True,True
gru_negbin,dengue,1,MT,2023-09-17,65,2022-06-19,53.4,62.4,74.0,96.2,125.8,160.8,197.0,221.4,243.6,119,9.901111111111112,9.901111111111112,0.0,0.0,6.799999999999997,True,True,True,True
gru_negbin,dengue,1,MT,2023-09-24,66,2022-06-19,53.6,62.6,74.8,98.6,130.4,168.2,208.0,234.2,258.6,126,10.361111111111112,10.361111111111112,0.0,0.0,4.400000000000006,True,True,True,True
gru_negbin,dengue,1,MT,2023-10-01,67,2022-06-19,54.0,63.6,76.6,102.2,137.0,179.2,223.2,252.6,279.6,136,11.0,11.0,0.0,0.0,1.0,True,True,True,True
gru_negbin,dengue,1,PA,2022-10-09,16,2022-06-19,19.2,22.6,27.4,36.2,48.2,62.6,77.2,87.0,96.0,60,5.026666666666666,5.026666666666666,0.0,0.0,11.799999999999997,True,True,True,True
gru_negbin,dengue,1,PA,2022-10-16,17,2022-06-19,18.4,22.4,27.2,36.6,49.6,64.6,81.0,91.4,101.6,44,4.602222222222221,4.602222222222221,0.0,0.0,5.600000000000001,True,True,True,True
gru_negbin,dengue,1,PA,2022-10-23,18,2022-06-19,18.2,22.0,27.0,37.0,51.0,67.8,86.0,97.8,109.0,52,4.48,4.48,0.0,0.0,1.0,True,True,True,True
gru_negbin,dengue,1,PA,2022-10-30,19,2022-06-19,17.2,21.2,26.6,37.6,53.0,71.8,92.0,106.0,118.6,26,10.57,7.858888888888889,2.7111111111111117,0.0,27.0,False,False,True,True
gru_negbin,dengue,1,PA,2022-11-06,20,2022-06-19,16.0,20.4,26.0,38.0,54.8,76.0,99.4,114.8,129.6,34,8.622222222222222,7.7333333333333325,0.8888888888888888,0.0,20.799999999999997,False,True,True,True
gru_negbin,dengue,1,PA,2022-11-13,21,2022-06-19,15.4,19.6,25.6,38.4,57.4,81.4,108.0,126.2,143.4,37,8.693333333333335,8.382222222222222,0.3111111111111108,0.0,20.4,False,True,True,True
gru_negbin,dengue,1,PA,2022-11-20,22,2022-06-19,14.2,18.4,25.0,39.2,59.8,87.2,118.0,139.2,159.2,30,12.236666666666666,10.19222222222222,2.044444444444445,0.0,29.799999999999997,False,True,True,True
gru_negbin,dengue,1,PA,2022-11-27,23,2022-06-19,13.0,17.8,24.4,39.4,63.0,94.2,130.0,154.8,178.8,29,13.923333333333334,11.612222222222222,2.311111111111111,0.0,34.0,False,True,True,True
gru_negbin,dengue,1,PA,2022-12-04,24,2022-06-19,12.4,17.2,24.4,40.6,66.6,101.6,142.6,171.6,199.2,25,16.857777777777777,13.391111111111108,3.466666666666667,0.0,41.599999999999994,False,True,True,True
gru_negbin,dengue,1,PA,2022-12-11,25,2022-06-19,12.0,16.8,24.6,42.4,70.8,110.4,156.6,188.8,220.6,7,31.936666666666667,16.869999999999997,15.066666666666666,0.0,63.8,False,False,False,False
gru_negbin,dengue,1,PA,2022-12-18,26,2022-06-19,12.6,18.0,26.0,45.4,77.6,122.0,174.0,210.6,246.2,14,28.582222222222224,18.04888888888889,10.533333333333333,0.0,63.599999999999994,False,False,False,True
gru_negbin,dengue,1,PA,2022-12-25,27,2022-06-19,13.6,20.0,29.0,51.2,86.6,137.0,195.6,237.4,277.6,62,15.084444444444443,15.084444444444443,0.0,0.0,24.599999999999994,True,True,True,True
gru_negbin,dengue,1,PA,2023-01-01,28,2022-06-19,17.0,23.8,34.6,59.4,99.8,155.4,220.4,266.2,310.8,144,18.69888888888889,18.69888888888889,0.0,0.0,44.2,True,True,True,True
gru_negbin,dengue,1,PA,2023-01-08,29,2022-06-19,21.0,29.2,41.2,69.4,113.0,172.6,241.4,289.8,336.2,186,25.91777777777778,22.94,0.0,2.977777777777779,73.0,False,True,True,True
gru_negbin,dengue,1,PA,2023-01-15,30,2022-06-19,28.2,37.8,51.6,83.0,130.2,193.6,265.2,315.0,362.8,209,28.007777777777783,24.58555555555556,0.0,3.4222222222222234,78.80000000000001,False,True,True,True
gru_negbin,dengue,1,PA,2023-01-22,31,2022-06-19,37.4,48.6,64.4,98.4,149.2,215.4,289.2,340.2,388.8,191,21.332222222222224,21.332222222222224,0.0,0.0,41.80000000000001,True,True,True,True
gru_negbin,dengue,1,PA,2023-01-29,32,2022-06-19,47.2,59.2,76.4,111.8,163.4,228.6,300.6,349.4,396.0,269,37.34444444444444,28.366666666666667,0.0,8.97777777777778,105.6,False,True,True,True
gru_negbin,dengue,1,PA,2023-02-05,33,2022-06-19,56.2,69.0,86.4,121.6,172.0,234.0,301.2,346.6,389.4,242,25.508888888888887,23.73111111111111,0.0,1.7777777777777777,70.0,False,True,True,True
gru_negbin,dengue,1,PA,2023-02-12,34,2022-06-19,63.4,76.6,93.6,128.2,175.2,233.2,294.8,336.0,374.6,194,17.004444444444445,17.004444444444445,0.0,0.0,18.80000000000001,True,True,True,True
gru_negbin,dengue,1,PA,2023-02-19,35,2022-06-19,67.6,80.0,96.4,128.8,172.2,224.4,279.8,316.6,351.0,183,14.790000000000001,14.790000000000001,0.0,0.0,10.800000000000011,True,True,True,True
gru_negbin,dengue,1,PA,2023-02-26,36,2022-06-19,70.0,82.0,97.6,127.6,167.2,214.8,264.4,297.4,328.0,208,16.91111111111111,16.91111111111111,0.0,0.0,40.80000000000001,True,True,True,True
gru_negbin,dengue,1,PA,2023-03-05,37,2022-06-19,69.8,81.0,95.2,122.6,158.8,201.4,245.4,274.4,301.4,274,46.43999999999999,23.95111111111111,0.0,22.488888888888887,115.19999999999999,False,False,True,True
gru_negbin,dengue,1,PA,2023-03-12,38,2022-06-19,68.0,78.2,91.0,115.8,148.4,186.2,225.2,251.0,274.4,300,85.29333333333335,26.804444444444446,0.0,58.4888888888889,151.6,False,False,False,False
gru_negbin,dengue,1,PA,2023-03-19,39,2022-06-19,65.8,75.4,87.2,109.6,139.0,173.0,208.0,230.6,251.8,308,109.65333333333335,27.742222222222225,0.0,81.9111111111111,169.0,False,False,False,False
gru_negbin,dengue,1,PA,2023-03-26,40,2022-06-19,63.8,72.6,83.8,104.6,131.4,163.0,194.8,215.8,234.8,208,29.696666666666665,16.763333333333335,0.0,12.93333333333333,76.6,False,False,True,True
gru_negbin,dengue,1,PA,2023-04-02,41,2022-06-19,61.0,69.0,79.4,99.0,123.8,152.6,181.4,200.8,218.2,163,14.24888888888889,11.937777777777777,0.0,2.3111111111111122,39.2,False,True,True,True
gru_negbin,dengue,1,PA,2023-04-09,42,2022-06-19,57.0,64.8,74.4,92.2,115.2,141.8,168.6,186.2,202.4,169,19.116666666666667,12.983333333333333,0.0,6.133333333333332,53.8,False,False,True,True
gru_negbin,dengue,1,PA,2023-04-16,43,2022-06-19,54.2,61.2,70.2,87.0,108.6,133.4,158.8,175.2,190.2,136,10.19111111111111,9.613333333333335,0.0,0.5777777777777765,27.400000000000006,False,True,True,True
gru_negbin,dengue,1,PA,2023-04-23,44,2022-06-19,50.6,57.4,65.8,82.0,102.0,125.8,149.4,165.0,179.2,125,8.756666666666668,8.756666666666668,0.0,0.0,23.0,True,True,True,True
gru_negbin,dengue,1,PA,2023-04-30,45,2022-06-19,46.4,52.8,60.6,75.6,94.8,116.6,139.0,153.8,167.2,141,16.813333333333333,10.946666666666665,0.0,5.866666666666668,46.2,False,False,True,True
gru_negbin,dengue,1,PA,2023-05-07,46,2022-06-19,41.6,47.4,54.6,68.2,85.6,105.8,126.2,139.6,151.8,115,10.627777777777778,8.583333333333334,0.0,2.044444444444445,29.400000000000006,False,True,True,True
gru_negbin,dengue,1,PA,2023-05-14,47,2022-06-19,36.6,41.8,48.6,60.6,76.0,94.2,112.6,124.8,135.8,112,12.717777777777776,8.762222222222222,0.0,3.955555555555555,36.0,False,True,True,True
gru_negbin,dengue,1,PA,2023-05-21,48,2022-06-19,32.2,36.6,42.8,53.8,67.8,84.0,100.8,111.6,121.8,121,25.008888888888894,10.20888888888889,0.0,14.800000000000002,53.2,False,False,False,True
gru_negbin,dengue,1,PA,2023-05-28,49,2022-06-19,28.2,32.4,37.6,47.6,60.2,74.8,90.0,99.6,108.8,119,33.24777777777778,10.403333333333332,0.0,22.84444444444445,58.8,False,False,False,False
gru_negbin,dengue,1,PA,2023-06-04,50,2022-06-19,24.8,28.6,33.2,42.0,53.6,66.8,80.4,89.2,97.2,97,20.45777777777778,8.324444444444445,0.0,12.133333333333333,43.4,False,False,False,True
gru_negbin,dengue,1,PA,2023-06-11,51,2022-06-19,21.4,24.6,28.8,37.0,46.8,59.0,70.8,78.6,86.0,109,41.492222222222225,10.025555555555554,0.0,31.466666666666672,62.2,False,False,False,False
gru_negbin,dengue,1,PA,2023-06-18,52,2022-06-19,18.4,21.8,25.2,32.6,41.8,52.4,63.4,70.4,77.0,77,16.68111111111111,6.725555555555555,0.0,9.955555555555556,35.2,False,False,False,True
gru_negbin,dengue,1,PA,2023-06-25,53,2022-06-19,16.6,19.4,22.6,29.2,37.4,47.4,57.2,63.6,69.8,79,24.522222222222222,7.188888888888889,0.0,17.333333333333332,41.6,False,False,False,False
gru_negbin,dengue,1,PA,2023-07-02,54,2022-06-19,14.6,17.2,20.6,26.6,34.4,43.4,52.4,58.6,64.0,58,9.485555555555557,4.996666666666666,0.0,4.48888888888889,23.6,False,False,True,True
gru_negbin,dengue,1,PA,2023-07-09,55,2022-06-19,13.6,16.2,19.0,24.8,32.4,41.0,49.6,55.2,60.6,49,5.8966666666666665,4.118888888888889,0.0,1.7777777777777777,16.6,False,True,True,True
gru_negbin,dengue,1,PA,2023-07-16,56,2022-06-19,13.2,15.6,18.6,24.2,31.4,39.8,48.4,54.0,59.0,72,26.01,6.72111111111111,0.0,19.28888888888889,40.6,False,False,False,False
gru_negbin,dengue,1,PA,2023-07-23,57,2022-06-19,13.0,15.4,18.6,24.0,31.0,39.6,48.2,54.0,58.8,61,15.185555555555554,5.54111111111111,0.0,9.644444444444444,30.0,False,False,False,False
gru_negbin,dengue,1,PA,2023-07-30,58,2022-06-19,12.8,15.2,18.2,23.6,30.8,39.2,47.6,53.2,58.6,83,37.6411111111111,7.996666666666666,0.0,29.64444444444444,52.2,False,False,False,False
gru_negbin,dengue,1,PA,2023-08-06,59,2022-06-19,12.6,14.8,17.6,23.4,30.6,38.8,47.4,52.8,58.2,75,29.971111111111114,7.126666666666667,0.0,22.844444444444445,44.4,False,False,False,False
gru_negbin,dengue,1,PA,2023-08-13,60,2022-06-19,12.4,14.6,17.6,23.0,30.2,38.2,46.8,52.4,57.8,91,46.43222222222223,8.921111111111111,0.0,37.51111111111111,60.8,False,False,False,False
gru_negbin,dengue,1,PA,2023-08-20,61,2022-06-19,12.2,14.4,17.4,22.6,29.8,38.0,46.6,52.0,57.2,73,28.79444444444444,6.972222222222222,0.0,21.822222222222223,43.2,False,False,False,False
gru_negbin,dengue,1,PA,2023-08-27,62,2022-06-19,11.8,14.4,16.8,22.6,29.8,38.0,47.0,52.4,57.6,47,6.114444444444444,4.114444444444444,0.0,2.0,17.2,False,True,True,True
gru_negbin,dengue,1,PA,2023-09-03,63,2022-06-19,12.0,14.0,16.8,22.4,29.8,38.2,46.8,52.6,58.0,56,11.895555555555555,5.140000000000001,0.0,6.7555555555555555,26.2,False,False,False,True
gru_negbin,dengue,1,PA,2023-09-10,64,2022-06-19,11.8,14.0,17.0,22.6,29.8,38.8,47.4,53.4,59.0,61,15.831111111111113,5.742222222222221,0.0,10.08888888888889,31.2,False,False,False,False
gru_negbin,dengue,1,PA,2023-09-17,65,2022-06-19,11.8,13.8,16.8,22.4,30.0,38.8,48.0,54.0,59.2,50,7.470000000000001,4.536666666666666,0.0,2.933333333333334,20.0,False,False,True,True
gru_negbin,dengue,1,PA,2023-09-24,66,2022-06-19,11.6,13.8,16.8,22.6,30.2,39.4,48.4,54.8,60.6,46,5.5855555555555565,4.118888888888889,0.0,1.466666666666667,15.8,False,True,True,True
gru_negbin,dengue,1,PA,2023-10-01,67,2022-06-19,11.0,13.8,16.8,22.6,30.8,40.0,50.0,56.6,62.6,35,2.933333333333333,2.933333333333333,0.0,0.0,4.199999999999999,True,True,True,True
gru_negbin,dengue,1,PB,2022-10-09,16,2022-06-19,35.6,46.0,60.4,92.0,138.8,199.6,268.2,315.2,360.2,190,21.078888888888887,21.078888888888887,0.0,0.0,51.19999999999999,True,True,True,True
gru_negbin,dengue,1,PB,2022-10-16,17,2022-06-19,33.0,43.2,57.4,88.2,134.8,196.2,265.4,312.8,358.6,142,16.226666666666663,16.226666666666663,0.0,0.0,7.199999999999989,True,True,True,True
gru_negbin,dengue,1,PB,2022-10-23,18,2022-06-19,30.6,40.4,54.6,85.6,133.4,196.8,268.6,318.6,366.4,122,17.15666666666667,17.15666666666667,0.0,0.0,11.400000000000006,True,True,True,True
gru_negbin,dengue,1,PB,2022-10-30,19,2022-06-19,28.2,37.8,51.8,83.6,132.4,198.8,274.8,328.2,379.2,116,18.354444444444443,18.354444444444443,0.0,0.0,16.400000000000006,True,True,True,True
gru_negbin,dengue,1,PB,2022-11-06,20,2022-06-19,26.2,35.4,49.0,81.0,131.8,201.4,281.6,338.4,393.2,119,18.685555555555556,18.685555555555556,0.0,0.0,12.800000000000011,True,True,True,True
gru_negbin,dengue,1,PB,2022-11-13,21,2022-06-19,23.6,33.0,46.6,79.2,132.0,205.2,291.6,352.6,411.8,82,23.70777777777778,23.70777777777778,0.0,0.0,50.0,True,True,True,True
gru_negbin,dengue,1,PB,2022-11-20,22,2022-06-19,21.6,30.8,44.4,77.8,133.0,210.8,303.2,369.2,433.2,54,33.25333333333334,27.964444444444442,5.288888888888888,0.0,79.0,False,True,True,True
gru_negbin,dengue,1,PB,2022-11-27,23,2022-06-19,19.6,28.6,42.4,76.0,133.0,215.8,314.6,385.6,454.6,56,33.19888888888889,28.754444444444445,4.444444444444445,0.0,77.0,False,True,True,True
gru_negbin,dengue,1,PB,2022-12-04,24,2022-06-19,18.0,26.6,40.0,73.8,132.8,218.4,322.0,397.0,469.8,67,29.74777777777778,28.236666666666668,1.5111111111111104,0.0,65.80000000000001,False,True,True,True
gru_negbin,dengue,1,PB,2022-12-11,25,2022-06-19,17.4,25.8,39.6,74.6,135.2,224.2,332.0,409.6,485.4,34,43.184444444444445,32.917777777777786,10.266666666666666,0.0,101.19999999999999,False,False,True,True
gru_negbin,dengue,1,PB,2022-12-18,26,2022-06-19,17.6,26.8,41.0,77.6,141.0,234.2,347.0,428.2,507.4,29,48.59222222222222,35.12555555555556,13.466666666666665,0.0,112.0,False,False,True,True
gru_negbin,dengue,1,PB,2022-12-25,27,2022-06-19,18.6,28.0,43.4,81.8,149.0,247.8,366.0,451.6,535.2,45,43.70111111111112,35.52333333333334,8.177777777777777,0.0,104.0,False,True,True,True
gru_negbin,dengue,1,PB,2023-01-01,28,2022-06-19,20.6,31.2,48.0,90.4,164.0,270.4,398.4,490.8,580.4,98,33.336666666666666,33.336666666666666,0.0,0.0,66.0,True,True,True,True
gru_negbin,dengue,1,PB,2023-01-08,29,2022-06-19,25.0,37.4,56.8,104.4,186.6,304.8,445.6,546.6,644.6,84,44.80666666666667,40.27333333333334,4.533333333333335,0.0,102.6,False,True,True,True
gru_negbin,dengue,1,PB,2023-01-15,30,2022-06-19,31.0,45.6,68.0,123.2,215.4,347.2,502.8,614.0,722.0,90,53.57222222222222,46.19444444444444,7.377777777777778,0.0,125.4,False,True,True,True
gru_negbin,dengue,1,PB,2023-01-22,31,2022-06-19,39.6,56.8,83.2,146.6,251.0,398.0,570.2,693.2,812.2,138,50.61888888888889,48.70777777777778,1.9111111111111099,0.0,113.0,False,True,True,True
gru_negbin,dengue,1,PB,2023-01-29,32,2022-06-19,51.2,71.6,102.6,174.8,291.2,452.0,639.2,771.4,898.6,113,73.34111111111112,59.60777777777777,13.733333333333336,0.0,178.2,False,True,True,True
gru_negbin,dengue,1,PB,2023-02-05,33,2022-06-19,64.0,87.6,122.8,202.4,327.8,498.4,694.4,832.0,964.6,138,77.82111111111111,63.510000000000005,14.311111111111112,0.0,189.8,False,True,True,True
gru_negbin,dengue,1,PB,2023-02-12,34,2022-06-19,78.4,105.0,144.2,231.4,366.2,546.2,751.2,894.8,1031.8,117,104.20555555555558,72.7388888888889,31.466666666666665,0.0,249.2,False,False,True,True
gru_negbin,dengue,1,PB,2023-02-19,35,2022-06-19,93.2,123.2,166.2,261.0,404.8,595.0,809.6,958.6,1101.0,134,113.2011111111111,77.82333333333334,35.37777777777777,0.0,270.8,False,False,True,True
gru_negbin,dengue,1,PB,2023-02-26,36,2022-06-19,108.4,141.2,187.8,289.4,441.6,641.0,864.2,1018.8,1166.2,169,111.41444444444444,80.48111111111113,30.93333333333333,0.0,272.6,False,False,True,True
gru_negbin,dengue,1,PB,2023-03-05,37,2022-06-19,122.2,157.8,207.4,314.6,474.2,680.8,911.4,1070.2,1221.6,202,108.70111111111112,82.47888888888889,26.22222222222223,0.0,272.2,False,False,True,True
gru_negbin,dengue,1,PB,2023-03-12,38,2022-06-19,133.2,170.6,222.6,335.0,500.2,714.4,951.8,1115.6,1270.8,226,108.79111111111109,84.56888888888888,24.22222222222222,0.0,274.2,False,True,True,True
gru_negbin,dengue,1,PB,2023-03-19,39,2022-06-19,141.2,180.2,235.0,352.2,525.2,748.0,995.2,1165.8,1327.6,326,84.38,78.55777777777777,5.822222222222219,0.0,199.20000000000005,False,True,True,True
gru_negbin,dengue,1,PB,2023-03-26,40,2022-06-19,149.6,191.0,248.4,371.0,551.4,783.4,1040.6,1218.0,1386.0,306,100.50666666666665,86.06222222222222,14.444444444444445,0.0,245.39999999999998,False,True,True,True
gru_negbin,dengue,1,PB,2023-04-02,41,2022-06-19,157.4,200.4,260.6,388.4,575.6,817.0,1083.4,1266.8,1440.6,319,105.00666666666667,89.58444444444446,15.422222222222217,0.0,256.6,False,True,True,True
gru_negbin,dengue,1,PB,2023-04-09,42,2022-06-19,162.6,207.2,269.6,401.8,595.6,844.4,1119.4,1308.4,1487.8,428,81.69333333333333,81.69333333333333,0.0,0.0,167.60000000000002,True,True,True,True
gru_negbin,dengue,1,PB,2023-04-16,43,2022-06-19,164.2,209.6,272.2,406.2,602.2,854.2,1132.0,1323.2,1504.6,333,109.99333333333334,93.72666666666667,16.266666666666666,0.0,269.20000000000005,False,True,True,True
gru_negbin,dengue,1,PB,2023-04-23,44,2022-06-19,164.6,209.4,272.2,404.6,598.6,846.8,1120.8,1309.0,1487.4,244,144.3466666666667,102.39111111111112,41.955555555555556,0.0,354.6,False,False,True,True
gru_negbin,dengue,1,PB,2023-04-30,45,2022-06-19,162.8,206.8,268.0,397.2,585.8,827.4,1093.6,1276.6,1449.6,286,119.30444444444444,94.59333333333333,24.71111111111111,0.0,299.79999999999995,False,True,True,True
gru_negbin,dengue,1,PB,2023-05-07,46,2022-06-19,160.4,203.2,261.8,386.6,568.0,799.2,1053.6,1228.2,1393.6,239,133.18,95.31333333333333,37.866666666666674,0.0,329.0,False,False,True,True
gru_negbin,dengue,1,PB,2023-05-14,47,2022-06-19,154.4,195.0,251.2,368.8,539.8,757.2,996.2,1160.0,1315.2,231,124.72666666666666,89.61555555555556,35.111111111111114,0.0,308.79999999999995,False,False,True,True
gru_negbin,dengue,1,PB,2023-05-21,48,2022-06-19,144.2,182.0,233.2,341.4,497.8,696.6,914.8,1064.2,1205.4,223,109.6888888888889,81.11111111111113,28.57777777777777,0.0,274.8,False,False,True,True
gru_negbin,dengue,1,PB,2023-05-28,49,2022-06-19,132.8,167.0,213.8,312.0,454.2,634.4,832.4,967.6,1095.6,198,103.21333333333331,74.36888888888888,28.84444444444445,0.0,256.2,False,False,True,True
gru_negbin,dengue,1,PB,2023-06-04,50,2022-06-19,119.6,149.6,192.0,279.8,407.2,568.8,745.6,867.0,981.8,173,95.09666666666666,67.1411111111111,27.95555555555556,0.0,234.2,False,False,True,True
gru_negbin,dengue,1,PB,2023-06-11,51,2022-06-19,107.6,134.8,172.4,251.4,365.2,509.6,668.4,776.8,879.0,158,83.76333333333334,59.80777777777777,23.95555555555556,0.0,207.2,False,False,True,True
gru_negbin,dengue,1,PB,2023-06-18,52,2022-06-19,96.6,121.0,154.8,225.4,327.0,456.4,598.0,695.0,786.6,158,66.64888888888889,51.67111111111111,14.97777777777778,0.0,169.0,False,True,True,True
gru_negbin,dengue,1,PB,2023-06-25,53,2022-06-19,87.6,109.6,139.6,203.0,294.2,410.4,537.2,624.2,706.2,134,63.89,47.31222222222222,16.577777777777776,0.0,160.2,False,False,True,True
gru_negbin,dengue,1,PB,2023-07-02,54,2022-06-19,81.0,101.0,128.6,186.0,268.4,372.6,487.0,565.0,638.8,140,51.074444444444445,40.852222222222224,10.222222222222221,0.0,128.39999999999998,False,True,True,True
gru_negbin,dengue,1,PB,2023-07-09,55,2022-06-19,75.8,94.4,119.8,172.8,249.0,345.4,450.2,522.0,589.8,114,53.89333333333333,39.537777777777784,14.355555555555558,0.0,135.0,False,False,True,True
gru_negbin,dengue,1,PB,2023-07-16,56,2022-06-19,70.8,88.0,111.6,160.8,231.4,320.8,418.0,484.6,547.4,96,55.663333333333334,37.796666666666674,17.866666666666667,0.0,135.4,False,False,True,True
gru_negbin,dengue,1,PB,2023-07-23,57,2022-06-19,65.0,81.4,103.2,149.2,214.8,298.2,388.8,451.0,509.8,100,45.60222222222222,33.95777777777778,11.644444444444442,0.0,114.80000000000001,False,False,True,True
gru_negbin,dengue,1,PB,2023-07-30,58,2022-06-19,59.4,74.4,95.0,137.8,199.6,278.0,363.4,422.4,478.0,98,40.07888888888889,31.23444444444444,8.844444444444447,0.0,101.6,False,True,True,True
gru_negbin,dengue,1,PB,2023-08-06,59,2022-06-19,54.0,67.8,87.2,126.8,185.0,258.8,340.4,395.8,448.2,99,34.527777777777786,28.349999999999998,6.177777777777777,0.0,86.0,False,True,True,True
gru_negbin,dengue,1,PB,2023-08-13,60,2022-06-19,48.4,61.0,79.2,116.6,171.0,240.6,317.2,370.0,419.4,75,38.516666666666666,28.33888888888889,10.177777777777777,0.0,96.0,False,False,True,True
gru_negbin,dengue,1,PB,2023-08-20,61,2022-06-19,43.2,55.2,71.4,106.4,157.0,222.2,294.4,344.0,390.6,76,32.28333333333333,25.52777777777778,6.755555555555556,0.0,81.0,False,True,True,True
gru_negbin,dengue,1,PB,2023-08-27,62,2022-06-19,38.6,49.2,64.2,95.8,142.4,202.4,269.2,315.2,358.6,84,24.322222222222226,21.700000000000003,2.622222222222222,0.0,58.400000000000006,False,True,True,True
gru_negbin,dengue,1,PB,2023-09-03,63,2022-06-19,33.6,43.6,56.8,86.0,128.6,184.2,245.4,287.8,328.2,75,22.396666666666665,19.952222222222222,2.4444444444444446,0.0,53.599999999999994,False,True,True,True
gru_negbin,dengue,1,PB,2023-09-10,64,2022-06-19,29.8,39.0,50.8,77.6,116.6,167.6,224.4,263.8,301.0,77,17.395555555555553,17.26222222222222,0.13333333333333208,0.0,39.599999999999994,False,True,True,True
gru_negbin,dengue,1,PB,2023-09-17,65,2022-06-19,26.2,34.4,45.6,70.0,106.0,153.4,206.2,243.2,278.4,77,15.145555555555555,15.145555555555555,0.0,0.0,29.0,True,True,True,True
gru_negbin,dengue,1,PB,2023-09-24,66,2022-06-19,23.8,31.0,41.4,63.6,97.2,141.6,190.6,225.4,258.0,82,12.79888888888889,12.79888888888889,0.0,0.0,15.200000000000003,True,True,True,True
gru_negbin,dengue,1,PB,2023-10-01,67,2022-06-19,21.8,28.4,38.2,59.0,90.8,132.2,178.8,211.4,242.4,88,10.761111111111111,10.761111111111111,0.0,0.0,2.799999999999997,True,True,True,True
gru_negbin,dengue,1,PE,2022-10-09,16,2022-06-19,122.2,141.8,167.0,216.4,281.2,358.2,438.8,492.0,541.2,205,31.13666666666667,28.603333333333328,2.5333333333333345,0.0,76.19999999999999,False,True,True,True
gru_negbin,dengue,1,PE,2022-10-16,17,2022-06-19,116.8,136.0,161.0,209.4,273.8,350.6,430.4,483.4,532.6,229,24.97888888888889,24.97888888888889,0.0,0.0,44.80000000000001,True,True,True,True
gru_negbin,dengue,1,PE,2022-10-23,18,2022-06-19,110.0,129.0,153.6,201.6,266.0,342.6,422.8,476.6,526.2,162,40.34555555555555,31.54555555555556,8.799999999999999,0.0,104.0,False,True,True,True
gru_negbin,dengue,1,PE,2022-10-30,19,2022-06-19,101.8,120.2,144.2,191.6,255.4,331.8,412.2,465.4,515.6,65,107.21222222222222,41.03444444444444,66.17777777777778,0.0,190.4,False,False,False,False
gru_negbin,dengue,1,PE,2022-11-06,20,2022-06-19,92.8,110.8,134.2,180.8,243.8,320.6,401.6,455.8,506.6,41,121.17444444444443,42.37444444444445,78.80000000000001,0.0,202.8,False,False,False,False
gru_negbin,dengue,1,PE,2022-11-13,21,2022-06-19,83.6,100.8,123.2,168.8,231.6,307.8,389.6,444.2,495.4,24,127.34555555555556,42.812222222222225,84.53333333333333,0.0,207.6,False,False,False,False
gru_negbin,dengue,1,PE,2022-11-20,22,2022-06-19,74.2,90.4,112.6,157.0,219.2,296.0,378.8,434.4,486.6,33,107.59555555555555,40.44,67.15555555555555,0.0,186.2,False,False,False,False
gru_negbin,dengue,1,PE,2022-11-27,23,2022-06-19,65.6,81.4,102.4,146.2,208.4,286.2,370.4,427.6,481.6,35,95.95777777777776,39.15777777777778,56.8,0.0,173.4,False,False,False,False
gru_negbin,dengue,1,PE,2022-12-04,24,2022-06-19,58.2,73.2,93.8,136.8,198.6,276.4,362.2,420.8,476.0,24,98.41444444444444,39.303333333333335,59.111111111111114,0.0,174.6,False,False,False,False
gru_negbin,dengue,1,PE,2022-12-11,25,2022-06-19,52.6,67.0,87.2,129.8,191.8,272.2,360.2,420.4,478.2,25,91.38000000000001,38.80222222222222,52.577777777777776,0.0,166.8,False,False,False,False
gru_negbin,dengue,1,PE,2022-12-18,26,2022-06-19,48.2,62.4,82.4,125.2,188.0,270.0,361.0,423.6,483.4,26,86.26666666666665,38.666666666666664,47.60000000000001,0.0,162.0,False,False,False,False
gru_negbin,dengue,1,PE,2022-12-25,27,2022-06-19,46.6,60.4,80.4,123.6,187.6,271.2,364.4,429.0,490.0,39,72.02555555555556,37.58111111111111,34.44444444444444,0.0,148.6,False,False,False,False
gru_negbin,dengue,1,PE,2023-01-01,28,2022-06-19,49.4,64.4,85.0,129.8,196.2,282.4,378.6,444.8,507.6,68,53.53,36.01888888888889,17.511111111111113,0.0,128.2,False,False,True,True
gru_negbin,dengue,1,PE,2023-01-08,29,2022-06-19,54.8,71.2,93.2,141.0,211.6,302.6,403.2,472.8,538.8,97,45.528888888888886,35.75111111111111,9.777777777777779,0.0,114.6,False,True,True,True
gru_negbin,dengue,1,PE,2023-01-15,30,2022-06-19,63.4,81.2,105.6,158.2,235.0,333.4,441.8,516.8,587.4,85,62.46666666666667,41.62222222222223,20.84444444444444,0.0,150.0,False,False,True,True
gru_negbin,dengue,1,PE,2023-01-22,31,2022-06-19,74.8,94.8,122.8,181.0,266.0,374.2,493.2,574.4,651.4,90,75.63,47.05222222222223,28.577777777777776,0.0,176.0,False,False,False,True
gru_negbin,dengue,1,PE,2023-01-29,32,2022-06-19,90.8,114.0,145.6,212.0,307.0,427.2,558.6,648.4,733.0,111,83.21666666666665,52.416666666666664,30.799999999999997,0.0,196.0,False,False,False,True
gru_negbin,dengue,1,PE,2023-02-05,33,2022-06-19,111.6,138.4,175.6,251.6,360.0,495.6,643.4,744.0,838.8,154,84.09777777777778,57.60888888888889,26.488888888888887,0.0,206.0,False,False,True,True
gru_negbin,dengue,1,PE,2023-02-12,34,2022-06-19,136.0,168.0,210.6,298.6,422.8,577.4,745.0,858.6,965.4,133,134.33444444444444,71.84555555555555,62.4888888888889,0.0,289.8,False,False,False,False
gru_negbin,dengue,1,PE,2023-02-19,35,2022-06-19,161.2,197.4,246.4,345.8,485.8,659.4,846.2,973.0,1092.0,180,133.98444444444442,78.51777777777778,55.46666666666667,0.0,305.8,False,False,False,True
gru_negbin,dengue,1,PE,2023-02-26,36,2022-06-19,186.6,227.8,283.0,395.4,552.8,747.8,957.2,1098.8,1232.0,209,150.29,88.24555555555555,62.044444444444444,0.0,343.79999999999995,False,False,False,True
gru_negbin,dengue,1,PE,2023-03-05,37,2022-06-19,212.0,258.8,322.0,450.4,630.0,852.4,1092.0,1254.0,1406.4,395,95.56,83.24888888888889,12.311111111111106,0.0,235.0,False,True,True,True
gru_negbin,dengue,1,PE,2023-03-12,38,2022-06-19,238.6,292.2,364.2,511.0,717.6,974.0,1250.2,1437.6,1613.6,407,123.39888888888888,100.28777777777776,23.11111111111111,0.0,310.6,False,True,True,True
gru_negbin,dengue,1,PE,2023-03-19,39,2022-06-19,263.2,323.6,404.8,572.2,808.4,1102.6,1421.0,1636.8,1840.2,389,166.22333333333333,122.00111111111111,44.222222222222236,0.0,419.4,False,False,True,True
gru_negbin,dengue,1,PE,2023-03-26,40,2022-06-19,284.6,352.2,443.8,632.6,902.0,1239.8,1606.6,1856.0,2091.2,429,187.4077777777778,138.87444444444444,48.53333333333334,0.0,473.0,False,False,True,True
gru_negbin,dengue,1,PE,2023-04-02,41,2022-06-19,312.8,388.8,492.6,709.0,1018.0,1408.2,1833.6,2124.0,2398.0,362,284.4866666666667,172.39777777777778,112.0888888888889,0.0,656.0,False,False,False,True
gru_negbin,dengue,1,PE,2023-04-09,42,2022-06-19,340.4,425.6,541.4,784.2,1134.8,1578.2,2064.2,2396.4,2710.2,317,386.9033333333333,203.8811111111111,183.02222222222224,0.0,817.8,False,False,False,False
gru_negbin,dengue,1,PE,2023-04-16,43,2022-06-19,363.8,455.8,582.2,848.4,1234.6,1726.6,2266.6,2636.8,2987.0,265,497.24888888888887,232.75999999999996,264.4888888888889,0.0,969.5999999999999,False,False,False,False
gru_negbin,dengue,1,PE,2023-04-23,44,2022-06-19,390.6,489.6,625.6,912.2,1328.4,1859.2,2443.0,2843.4,3222.4,214,605.8166666666667,258.7055555555556,347.1111111111111,0.0,1114.4,False,False,False,False
gru_negbin,dengue,1,PE,2023-04-30,45,2022-06-19,420.6,525.6,669.0,970.6,1406.2,1959.6,2566.2,2981.6,3374.6,219,652.6711111111113,272.71555555555557,379.9555555555555,0.0,1187.2,False,False,False,False
gru_negbin,dengue,1,PE,2023-05-07,46,2022-06-19,438.2,545.2,691.4,996.4,1435.6,1991.0,2598.2,3013.2,3404.8,216,678.6433333333333,277.0433333333333,401.6,0.0,1219.6,False,False,False,False
gru_negbin,dengue,1,PE,2023-05-14,47,2022-06-19,458.8,567.2,714.8,1019.8,1455.2,2002.2,2597.6,3003.2,3385.8,188,726.901111111111,280.54555555555555,446.35555555555555,0.0,1267.2,False,False,False,False
gru_negbin,dengue,1,PE,2023-05-21,48,2022-06-19,467.4,574.4,719.0,1016.4,1436.8,1962.6,2531.8,2918.0,3281.8,166,745.3266666666667,275.7266666666667,469.6000000000001,0.0,1270.8,False,False,False,False
gru_negbin,dengue,1,PE,2023-05-28,49,2022-06-19,467.4,570.8,710.2,994.4,1393.6,1888.8,2423.4,2785.0,3125.4,152,739.4844444444443,265.08444444444444,474.3999999999999,0.0,1241.6,False,False,False,False
gru_negbin,dengue,1,PE,2023-06-04,50,2022-06-19,462.2,561.2,693.6,962.4,1337.2,1799.4,2295.6,2631.2,2945.8,119,743.8977777777777,254.25333333333336,489.64444444444445,0.0,1218.2,False,False,False,False
gru_negbin,dengue,1,PE,2023-06-11,51,2022-06-19,449.4,542.0,665.6,914.4,1258.2,1680.0,2131.0,2434.8,2719.2,182,637.9611111111111,228.31666666666666,409.64444444444445,0.0,1076.2,False,False,False,False
gru_negbin,dengue,1,PE,2023-06-18,52,2022-06-19,427.8,513.4,626.4,852.8,1164.6,1544.2,1948.8,2220.2,2474.4,149,616.3988888888888,210.97666666666666,405.4222222222222,0.0,1015.5999999999999,False,False,False,False
gru_negbin,dengue,1,PE,2023-06-25,53,2022-06-19,407.4,485.4,588.0,792.6,1071.8,1410.2,1769.0,2009.2,2233.6,162,549.9211111111111,188.7211111111111,361.20000000000005,0.0,909.8,False,False,False,False
gru_negbin,dengue,1,PE,2023-07-02,54,2022-06-19,386.4,457.2,549.6,732.4,980.2,1278.4,1593.6,1804.0,1999.8,148,510.7277777777778,169.9277777777778,340.79999999999995,0.0,832.2,False,False,False,False
gru_negbin,dengue,1,PE,2023-07-09,55,2022-06-19,363.6,427.8,511.4,675.2,896.2,1161.2,1439.6,1625.2,1798.0,186,422.03333333333336,147.8111111111111,274.22222222222223,0.0,710.2,False,False,False,False
gru_negbin,dengue,1,PE,2023-07-16,56,2022-06-19,341.4,400.0,476.2,625.0,824.6,1063.6,1313.8,1480.4,1635.2,168,395.26111111111106,135.12777777777777,260.1333333333333,0.0,656.6,False,False,False,False
gru_negbin,dengue,1,PE,2023-07-23,57,2022-06-19,321.4,375.2,445.8,582.2,764.8,982.8,1210.8,1362.4,1503.4,128,397.0133333333333,127.54666666666668,269.46666666666664,0.0,636.8,False,False,False,False
gru_negbin,dengue,1,PE,2023-07-30,58,2022-06-19,303.8,354.0,419.4,546.6,716.2,918.2,1129.4,1269.2,1399.4,200,293.1,110.03333333333335,183.06666666666666,0.0,516.2,False,False,False,False
gru_negbin,dengue,1,PE,2023-08-06,59,2022-06-19,286.2,333.8,395.2,514.6,673.8,863.2,1061.0,1192.6,1314.2,161,303.2377777777778,106.39333333333333,196.84444444444443,0.0,512.8,False,False,False,False
gru_negbin,dengue,1,PE,2023-08-13,60,2022-06-19,268.2,313.2,370.8,483.6,634.4,813.4,1000.4,1124.4,1239.6,167,269.2788888888889,98.65666666666667,170.62222222222226,0.0,467.4,False,False,False,False
gru_negbin,dengue,1,PE,2023-08-20,61,2022-06-19,249.2,291.8,346.6,454.0,598.0,769.0,948.6,1067.6,1178.4,159,250.23777777777775,93.43777777777778,156.80000000000004,0.0,439.0,False,False,False,False
gru_negbin,dengue,1,PE,2023-08-27,62,2022-06-19,230.4,271.0,323.8,427.6,567.6,734.6,910.6,1027.6,1137.0,123,262.0055555555556,92.9388888888889,169.0666666666667,0.0,444.6,False,False,False,False
gru_negbin,dengue,1,PE,2023-09-03,63,2022-06-19,212.6,251.6,302.8,403.8,541.2,706.6,881.2,997.8,1106.6,129,234.2444444444444,88.73333333333333,145.51111111111112,0.0,412.20000000000005,False,False,False,False
gru_negbin,dengue,1,PE,2023-09-10,64,2022-06-19,199.2,237.2,287.2,386.4,521.6,685.8,859.4,975.4,1084.2,136,211.09,85.31222222222222,125.77777777777777,0.0,385.6,False,False,False,False
gru_negbin,dengue,1,PE,2023-09-17,65,2022-06-19,189.8,226.8,275.4,372.4,505.6,667.2,838.6,953.8,1061.6,129,205.52555555555557,83.65888888888888,121.86666666666666,0.0,376.6,False,False,False,False
gru_negbin,dengue,1,PE,2023-09-24,66,2022-06-19,182.6,219.4,267.0,362.8,494.4,654.8,825.6,940.2,1047.6,136,189.67222222222225,81.27222222222223,108.40000000000002,0.0,358.4,False,False,False,False
gru_negbin,dengue,1,PE,2023-10-01,67,2022-06-19,175.2,211.0,258.2,352.4,482.8,642.2,811.4,925.6,1032.4,143,173.2511111111111,78.85111111111111,94.39999999999999,0.0,339.8,False,False,False,False
gru_negbin,dengue,1,PI,2022-10-09,16,2022-06-19,20.2,23.6,27.6,36.2,47.2,60.2,73.6,82.4,90.0,19,13.552222222222222,6.53,7.022222222222223,0.0,28.200000000000003,False,False,False,False
gru_negbin,dengue,1,PI,2022-10-16,17,2022-06-19,19.8,23.0,27.2,35.6,46.4,59.2,72.4,81.0,89.2,17,14.967777777777778,6.612222222222223,8.355555555555554,0.0,29.4,False,False,False,False
gru_negbin,dengue,1,PI,2022-10-23,18,2022-06-19,19.4,22.8,27.4,35.6,46.8,60.2,73.8,82.8,91.2,13,19.04111111111111,7.2188888888888885,11.822222222222221,0.0,33.8,False,False,False,False
gru_negbin,dengue,1,PI,2022-10-30,19,2022-06-19,19.4,23.2,27.6,36.6,48.6,62.6,77.6,87.2,96.2,15,17.826666666666668,7.426666666666667,10.4,0.0,33.6,False,False,False,False
gru_negbin,dengue,1,PI,2022-11-06,20,2022-06-19,19.2,23.0,27.8,37.4,50.2,65.4,81.6,92.4,102.2,21,12.827777777777778,7.227777777777778,5.6,0.0,29.200000000000003,False,False,False,True
gru_negbin,dengue,1,PI,2022-11-13,21,2022-06-19,18.8,22.8,28.0,38.0,52.4,69.2,87.0,99.0,110.2,24,11.554444444444446,7.554444444444444,4.0,0.0,28.4,False,False,True,True
gru_negbin,dengue,1,PI,2022-11-20,22,2022-06-19,18.2,22.6,28.2,39.6,55.0,74.4,94.8,108.6,121.4,28,10.564444444444446,7.942222222222223,2.6222222222222222,0.0,27.0,False,False,True,True
gru_negbin,dengue,1,PI,2022-11-27,23,2022-06-19,18.0,22.6,29.0,41.2,59.2,81.2,104.8,121.0,136.4,11,25.85777777777778,11.013333333333334,14.844444444444447,0.0,48.2,False,False,False,False
gru_negbin,dengue,1,PI,2022-12-04,24,2022-06-19,17.6,22.4,28.8,42.8,62.2,87.0,114.2,132.8,150.2,4,34.02777777777777,12.783333333333335,21.244444444444444,0.0,58.2,False,False,False,False
gru_negbin,dengue,1,PI,2022-12-11,25,2022-06-19,17.2,22.0,29.0,43.6,65.2,92.6,123.0,143.8,163.2,1,38.06444444444444,14.10888888888889,23.955555555555556,0.0,64.2,False,False,False,False
gru_negbin,dengue,1,PI,2022-12-18,26,2022-06-19,16.6,21.8,29.2,45.0,68.8,99.6,133.8,157.4,179.6,4,36.43666666666667,14.970000000000002,21.466666666666665,0.0,64.8,False,False,False,False
gru_negbin,dengue,1,PI,2022-12-25,27,2022-06-19,17.0,22.4,30.2,47.8,74.4,108.6,147.6,174.2,200.0,15,28.045555555555556,15.290000000000001,12.755555555555555,0.0,59.400000000000006,False,False,False,False
gru_negbin,dengue,1,PI,2023-01-01,28,2022-06-19,18.4,24.4,33.2,52.4,81.8,120.2,163.4,193.6,222.0,58,12.315555555555555,12.315555555555555,0.0,0.0,23.799999999999997,True,True,True,True
gru_negbin,dengue,1,PI,2023-01-08,29,2022-06-19,20.6,27.6,37.4,58.8,91.4,134.0,182.4,216.0,248.2,57,14.979999999999999,14.580000000000004,0.39999999999999936,0.0,34.400000000000006,False,True,True,True
gru_negbin,dengue,1,PI,2023-01-15,30,2022-06-19,24.2,32.0,43.0,67.0,103.2,151.2,205.0,242.4,278.2,77,14.937777777777777,14.937777777777777,0.0,0.0,26.200000000000003,True,True,True,True
gru_negbin,dengue,1,PI,2023-01-22,31,2022-06-19,28.2,37.2,49.6,76.8,117.4,171.2,231.6,273.2,312.8,112,14.092222222222224,14.092222222222224,0.0,0.0,5.400000000000006,True,True,True,True
gru_negbin,dengue,1,PI,2023-01-29,32,2022-06-19,33.6,43.6,57.8,88.8,134.8,194.8,262.0,308.6,353.0,123,16.456666666666667,16.456666666666667,0.0,0.0,11.800000000000011,True,True,True,True
gru_negbin,dengue,1,PI,2023-02-05,33,2022-06-19,39.4,50.8,66.8,101.6,153.2,219.6,294.2,345.4,394.2,161,17.72,17.72,0.0,0.0,7.800000000000011,True,True,True,True
gru_negbin,dengue,1,PI,2023-02-12,34,2022-06-19,45.4,58.4,76.4,115.2,172.4,246.2,328.8,385.4,439.2,158,20.30777777777778,20.30777777777778,0.0,0.0,14.400000000000006,True,True,True,True
gru_negbin,dengue,1,PI,2023-02-19,35,2022-06-19,50.8,65.4,85.0,127.8,190.4,271.4,360.8,422.6,481.4,201,21.645555555555557,21.645555555555557,0.0,0.0,10.599999999999994,True,True,True,True
gru_negbin,dengue,1,PI,2023-02-26,36,2022-06-19,54.8,70.2,91.6,137.4,205.0,291.8,388.4,454.8,518.0,274,29.686666666666667,29.686666666666667,0.0,0.0,69.0,True,True,True,True
gru_negbin,dengue,1,PI,2023-03-05,37,2022-06-19,58.0,74.2,97.2,145.4,217.0,309.4,411.6,482.0,549.2,298,32.35777777777778,32.35777777777778,0.0,0.0,81.0,True,True,True,True
gru_negbin,dengue,1,PI,2023-03-12,38,2022-06-19,60.4,77.6,101.2,152.2,227.2,324.2,431.8,506.2,576.8,340,40.57777777777778,37.06666666666667,0.0,3.5111111111111137,112.80000000000001,False,True,True,True
gru_negbin,dengue,1,PI,2023-03-19,39,2022-06-19,61.8,79.0,103.2,155.8,233.0,333.2,445.2,522.2,596.0,368,48.08111111111111,40.34777777777778,0.0,7.733333333333336,135.0,False,True,True,True
gru_negbin,dengue,1,PI,2023-03-26,40,2022-06-19,61.8,79.4,103.2,155.2,232.2,332.2,443.4,520.2,593.0,436,70.95333333333335,47.88666666666666,0.0,23.06666666666667,203.8,False,True,True,True
gru_negbin,dengue,1,PI,2023-04-02,41,2022-06-19,62.6,80.4,104.6,156.8,233.4,332.6,442.4,518.4,590.6,363,46.22888888888888,39.47333333333333,0.0,6.75555555555555,129.6,False,True,True,True
gru_negbin,dengue,1,PI,2023-04-09,42,2022-06-19,62.8,79.8,103.8,155.0,230.0,326.2,432.8,506.4,575.4,375,51.36555555555555,40.521111111111104,0.0,10.844444444444447,145.0,False,True,True,True
gru_negbin,dengue,1,PI,2023-04-16,43,2022-06-19,60.6,77.2,100.8,150.0,221.8,314.4,416.2,486.8,553.2,397,61.25222222222222,42.89666666666666,0.0,18.35555555555556,175.2,False,True,True,True
gru_negbin,dengue,1,PI,2023-04-23,44,2022-06-19,58.8,74.8,97.2,144.8,214.4,303.8,402.6,470.4,534.2,376,56.656666666666666,40.61222222222223,0.0,16.04444444444444,161.6,False,True,True,True
gru_negbin,dengue,1,PI,2023-04-30,45,2022-06-19,55.8,71.0,92.4,137.6,203.0,287.6,381.0,445.2,505.8,357,53.93777777777777,38.51555555555555,0.0,15.422222222222217,154.0,False,True,True,True
gru_negbin,dengue,1,PI,2023-05-07,46,2022-06-19,51.6,65.8,85.2,126.2,186.6,263.4,347.6,405.6,460.6,352,58.545555555555566,37.878888888888895,0.0,20.666666666666668,165.4,False,False,True,True
gru_negbin,dengue,1,PI,2023-05-14,47,2022-06-19,47.2,59.8,77.2,113.6,166.6,234.2,308.4,359.8,408.0,361,78.9088888888889,38.775555555555556,0.0,40.13333333333334,194.4,False,False,False,True
gru_negbin,dengue,1,PI,2023-05-21,48,2022-06-19,42.2,53.2,68.2,100.2,146.4,204.8,269.4,313.0,354.6,283,50.48222222222223,30.082222222222224,0.0,20.400000000000002,136.6,False,False,True,True
gru_negbin,dengue,1,PI,2023-05-28,49,2022-06-19,37.2,46.6,59.6,86.8,125.8,175.8,230.4,267.8,302.6,257,51.20555555555555,27.25,0.0,23.955555555555552,131.2,False,False,True,True
gru_negbin,dengue,1,PI,2023-06-04,50,2022-06-19,33.0,41.2,52.4,75.6,109.2,152.0,198.6,230.4,260.2,217,41.36888888888889,22.835555555555555,0.0,18.533333333333335,107.8,False,False,True,True
gru_negbin,dengue,1,PI,2023-06-11,51,2022-06-19,28.6,35.6,45.6,65.6,94.8,131.0,171.0,198.4,224.2,214,54.026666666666664,22.56,0.0,31.466666666666665,119.2,False,False,False,True
gru_negbin,dengue,1,PI,2023-06-18,52,2022-06-19,25.2,31.0,39.4,56.6,81.4,112.2,146.4,169.4,191.4,205,66.23888888888888,21.66111111111111,0.0,44.57777777777777,123.6,False,False,False,False
gru_negbin,dengue,1,PI,2023-06-25,53,2022-06-19,22.4,27.4,34.6,49.6,70.4,96.8,125.2,144.6,163.0,141,27.896666666666665,14.563333333333333,0.0,13.333333333333334,70.6,False,False,True,True
gru_negbin,dengue,1,PI,2023-07-02,54,2022-06-19,19.6,24.6,30.8,43.4,61.0,83.4,107.4,123.6,139.0,110,17.62111111111111,11.132222222222222,0.0,6.488888888888886,49.0,False,False,True,True
gru_negbin,dengue,1,PI,2023-07-09,55,2022-06-19,18.0,22.2,27.4,38.0,53.2,71.4,91.2,104.8,117.0,140,53.407777777777774,14.385555555555555,0.0,39.02222222222222,86.8,False,False,False,False
gru_negbin,dengue,1,PI,2023-07-16,56,2022-06-19,16.4,19.8,24.4,33.8,46.6,61.8,78.4,89.4,100.0,73,9.415555555555557,6.926666666666667,0.0,2.4888888888888894,26.4,False,True,True,True
gru_negbin,dengue,1,PI,2023-07-23,57,2022-06-19,14.8,17.8,22.0,30.2,40.8,54.0,67.8,77.0,85.8,74,12.903333333333332,7.081111111111111,0.0,5.822222222222223,33.2,False,False,True,True
gru_negbin,dengue,1,PI,2023-07-30,58,2022-06-19,13.4,16.2,19.8,26.6,35.6,46.8,58.6,66.4,73.6,77,21.387777777777778,7.4766666666666675,0.0,13.911111111111111,41.4,False,False,False,False
gru_negbin,dengue,1,PI,2023-08-06,59,2022-06-19,11.6,14.4,17.4,23.2,31.4,41.2,51.2,57.8,63.8,63,14.656666666666666,6.034444444444444,0.0,8.622222222222222,31.6,False,False,False,True
gru_negbin,dengue,1,PI,2023-08-13,60,2022-06-19,10.4,12.6,15.4,20.2,27.4,35.8,44.4,50.0,55.4,50,9.087777777777779,4.687777777777778,0.0,4.400000000000001,22.6,False,False,True,True
gru_negbin,dengue,1,PI,2023-08-20,61,2022-06-19,9.0,11.2,13.4,18.0,24.2,31.4,38.8,43.8,48.6,48,11.202222222222224,4.535555555555556,0.0,6.666666666666668,23.8,False,False,False,True
gru_negbin,dengue,1,PI,2023-08-27,62,2022-06-19,8.0,9.6,11.6,15.8,21.0,27.4,34.0,38.2,42.4,46,13.762222222222222,4.428888888888888,0.0,9.333333333333334,25.0,False,False,False,False
gru_negbin,dengue,1,PI,2023-09-03,63,2022-06-19,6.6,8.2,10.0,13.8,18.4,24.0,29.6,33.6,37.0,33,5.831111111111111,3.0755555555555554,0.0,2.755555555555555,14.600000000000001,False,False,True,True
gru_negbin,dengue,1,PI,2023-09-10,64,2022-06-19,5.8,7.2,9.0,12.2,16.6,21.4,26.6,30.2,33.2,40,14.709999999999999,3.9100000000000006,0.0,10.799999999999999,23.4,False,False,False,False
gru_negbin,dengue,1,PI,2023-09-17,65,2022-06-19,5.2,6.4,8.2,11.2,14.8,19.6,24.2,27.4,30.6,33,9.93,3.2188888888888885,0.0,6.711111111111111,18.2,False,False,False,False
gru_negbin,dengue,1,PI,2023-09-24,66,2022-06-19,4.6,5.6,7.2,10.0,13.8,18.2,22.6,25.6,28.2,16,1.3955555555555557,1.3955555555555557,0.0,0.0,2.1999999999999993,True,True,True,True
gru_negbin,dengue,1,PI,2023-10-01,67,2022-06-19,4.2,5.2,6.6,9.0,12.6,16.6,20.8,23.6,26.2,26,6.33111111111111,2.5533333333333337,0.0,3.777777777777777,13.4,False,False,False,True
gru_negbin,dengue,1,PR,2022-10-09,16,2022-06-19,97.0,111.2,128.8,162.2,205.8,256.2,308.2,342.6,373.8,266,22.184444444444445,20.006666666666664,0.0,2.1777777777777803,60.19999999999999,False,True,True,True
gru_negbin,dengue,1,PR,2022-10-16,17,2022-06-19,106.0,122.0,142.0,180.6,231.4,291.0,352.2,392.2,429.4,366,50.292222222222215,30.55888888888889,0.0,19.733333333333334,134.6,False,False,True,True
gru_negbin,dengue,1,PR,2022-10-23,18,2022-06-19,119.2,137.8,162.2,208.8,270.8,344.2,419.8,470.0,516.6,422,53.72333333333333,35.94555555555555,0.0,17.77777777777778,151.2,False,False,True,True
gru_negbin,dengue,1,PR,2022-10-30,19,2022-06-19,134.2,157.2,187.0,244.6,322.6,415.4,512.2,577.0,637.0,439,42.351111111111116,37.10666666666666,0.0,5.24444444444445,116.39999999999998,False,True,True,True
gru_negbin,dengue,1,PR,2022-11-06,20,2022-06-19,150.4,178.4,215.4,288.4,387.8,507.6,634.2,719.2,798.4,563,62.871111111111105,50.56,0.0,12.311111111111106,175.2,False,True,True,True
gru_negbin,dengue,1,PR,2022-11-13,21,2022-06-19,167.8,202.6,249.2,343.0,473.4,633.2,804.0,919.4,1027.2,680,74.54555555555554,64.14555555555556,0.0,10.39999999999999,206.60000000000002,False,True,True,True
gru_negbin,dengue,1,PR,2022-11-20,22,2022-06-19,184.4,227.8,286.8,409.0,582.6,799.6,1035.4,1195.6,1346.8,777,77.14666666666666,77.14666666666666,0.0,0.0,194.39999999999998,True,True,True,True
gru_negbin,dengue,1,PR,2022-11-27,23,2022-06-19,197.8,251.2,325.6,483.6,714.2,1009.8,1336.2,1560.2,1772.8,791,83.51888888888888,83.51888888888888,0.0,0.0,76.79999999999995,True,True,True,True
gru_negbin,dengue,1,PR,2022-12-04,24,2022-06-19,209.0,274.4,368.2,573.2,882.8,1290.4,1748.6,2067.0,2370.2,933,108.02222222222223,108.02222222222223,0.0,0.0,50.200000000000045,True,True,True,True
gru_negbin,dengue,1,PR,2022-12-11,25,2022-06-19,218.4,297.8,414.4,680.0,1096.8,1661.0,2307.4,2761.6,3197.0,1096,140.57888888888886,140.57888888888886,0.0,0.0,0.7999999999999545,True,True,True,True
gru_negbin,dengue,1,PR,2022-12-18,26,2022-06-19,229.4,324.6,470.2,815.6,1381.0,2168.8,3090.4,3744.8,4377.2,939,243.56111111111113,243.56111111111113,0.0,0.0,442.0,True,True,True,True
gru_negbin,dengue,1,PR,2022-12-25,27,2022-06-19,248.6,363.8,545.6,994.4,1756.4,2848.2,4147.6,5079.4,5984.8,553,499.09666666666664,401.00777777777785,98.08888888888889,0.0,1203.4,False,True,True,True
gru_negbin,dengue,1,PR,2023-01-01,28,2022-06-19,290.2,434.2,666.0,1254.4,2278.8,3773.4,5572.8,6871.4,8136.6,440,799.6111111111112,568.411111111111,231.20000000000002,0.0,1838.8000000000002,False,False,True,True
gru_negbin,dengue,1,PR,2023-01-08,29,2022-06-19,373.6,559.2,858.6,1617.6,2936.6,4857.6,7168.0,8833.0,10457.0,457,1113.5366666666666,743.67,369.8666666666666,0.0,2479.6,False,False,False,True
gru_negbin,dengue,1,PR,2023-01-15,30,2022-06-19,509.4,755.8,1148.6,2132.6,3823.2,6265.2,9187.2,11287.4,13331.4,574,1471.9422222222224,957.4977777777777,514.4444444444445,0.0,3249.2,False,False,False,True
gru_negbin,dengue,1,PR,2023-01-22,31,2022-06-19,701.8,1022.8,1526.6,2764.4,4852.2,7829.6,11363.2,13892.0,16347.0,742,1872.7666666666669,1186.5888888888887,686.1777777777778,0.0,4110.2,False,False,False,True
gru_negbin,dengue,1,PR,2023-01-29,32,2022-06-19,961.8,1368.0,1991.6,3483.4,5938.8,9378.8,13414.8,16285.2,19062.4,1050,2211.5433333333335,1390.8766666666666,820.6666666666666,0.0,4888.8,False,False,False,True
gru_negbin,dengue,1,PR,2023-02-05,33,2022-06-19,1285.8,1787.8,2542.2,4305.0,7139.8,11046.0,15577.6,18781.6,21869.4,1588,2444.4377777777777,1584.2155555555555,860.2222222222222,0.0,5551.8,False,False,False,True
gru_negbin,dengue,1,PR,2023-02-12,34,2022-06-19,1644.2,2239.4,3118.0,5126.8,8290.4,12583.4,17513.0,20977.6,24306.8,2332,2526.027777777778,1730.2944444444445,795.7333333333333,0.0,5958.4,False,False,True,True
gru_negbin,dengue,1,PR,2023-02-19,35,2022-06-19,2012.0,2691.6,3679.4,5896.6,9327.0,13920.6,19148.4,22803.6,26305.2,2645,2853.206666666667,1890.4066666666668,962.8000000000001,0.0,6682.0,False,False,False,True
gru_negbin,dengue,1,PR,2023-02-26,36,2022-06-19,2345.8,3090.2,4158.0,6516.0,10107.0,14856.4,20216.6,23946.0,27509.2,4357,2310.4077777777775,1830.63,479.77777777777777,0.0,5750.0,False,True,True,True
gru_negbin,dengue,1,PR,2023-03-05,37,2022-06-19,2637.0,3423.0,4535.4,6956.0,10585.4,15330.4,20642.4,24321.2,27825.6,6350,1800.583333333333,1665.9166666666665,134.66666666666666,0.0,4235.4,False,True,True,True
gru_negbin,dengue,1,PR,2023-03-12,38,2022-06-19,2909.6,3722.8,4860.0,7298.6,10901.6,15558.0,20729.2,24293.4,27679.4,8200,1477.8544444444444,1477.8544444444444,0.0,0.0,2701.6000000000004,True,True,True,True
gru_negbin,dengue,1,PR,2023-03-19,39,2022-06-19,3118.0,3942.8,5084.6,7502.8,11031.6,15548.4,20529.0,23948.0,27188.2,12578,1318.0122222222224,1318.0122222222224,0.0,0.0,1546.3999999999996,True,True,True,True
gru_negbin,dengue,1,PR,2023-03-26,40,2022-06-19,3270.4,4102.2,5246.2,7648.8,11125.6,15544.8,20394.8,23714.4,26855.0,15598,1632.996666666667,1621.1744444444444,0.0,11.822222222222385,4472.4,False,True,True,True
gru_negbin,dengue,1,PR,2023-04-02,41,2022-06-19,3311.8,4134.6,5261.4,7617.2,11008.8,15302.4,20002.0,23213.0,26247.8,16812,2074.195555555556,1738.728888888889,0.0,335.46666666666675,5803.200000000001,False,True,True,True
gru_negbin,dengue,1,PR,2023-04-09,42,2022-06-19,3306.8,4114.4,5217.8,7516.8,10817.0,14985.0,19538.6,22646.2,25582.0,20908,3804.5555555555557,2184.0222222222224,0.0,1620.5333333333338,10091.0,False,False,True,True
gru_negbin,dengue,1,PR,2023-04-16,43,2022-06-19,3158.2,3924.4,4970.6,7149.4,10274.6,14220.2,18529.2,21469.2,24246.4,19158,3230.29,1993.2677777777778,0.0,1237.022222222222,8883.4,False,False,True,True
gru_negbin,dengue,1,PR,2023-04-23,44,2022-06-19,2880.6,3580.6,4536.2,6528.0,9386.8,12998.0,16944.0,19637.6,22181.8,15635,2201.057777777778,1615.0577777777778,0.0,586.0,6248.200000000001,False,True,True,True
gru_negbin,dengue,1,PR,2023-04-30,45,2022-06-19,2508.4,3118.4,3951.4,5687.0,8178.2,11325.0,14762.8,17109.2,19326.2,16117,3050.272222222222,1684.4499999999998,0.0,1365.8222222222223,7938.8,False,False,True,True
gru_negbin,dengue,1,PR,2023-05-07,46,2022-06-19,2083.8,2587.2,3274.0,4701.6,6746.2,9323.2,12135.6,14053.4,15864.4,15109,3767.9077777777775,1586.8411111111109,0.0,2181.0666666666666,8362.8,False,False,False,True
gru_negbin,dengue,1,PR,2023-05-14,47,2022-06-19,1665.8,2063.0,2602.4,3720.2,5315.0,7319.6,9501.6,10987.6,12389.2,11907,3002.73,1244.4633333333334,0.0,1758.2666666666664,6592.0,False,False,False,True
gru_negbin,dengue,1,PR,2023-05-21,48,2022-06-19,1276.0,1571.6,1971.6,2795.4,3963.6,5424.6,7008.8,8085.2,9099.4,7831,1521.0188888888888,803.5522222222221,0.0,717.4666666666666,3867.4,False,False,True,True
gru_negbin,dengue,1,PR,2023-05-28,49,2022-06-19,925.6,1133.8,1414.2,1988.2,2796.6,3802.6,4889.2,5625.8,6318.6,5781,1261.8055555555554,589.4944444444444,0.0,672.3111111111111,2984.4,False,False,False,True
gru_negbin,dengue,1,PR,2023-06-04,50,2022-06-19,657.4,801.8,995.2,1389.6,1941.2,2624.8,3360.8,3858.6,4326.4,4243,1072.361111111111,431.2944444444445,0.0,641.0666666666666,2301.8,False,False,False,True
gru_negbin,dengue,1,PR,2023-06-11,51,2022-06-19,460.6,559.4,690.4,956.2,1326.4,1782.2,2271.4,2601.4,2911.4,2870,723.2822222222221,288.8377777777777,0.0,434.4444444444444,1543.6,False,False,False,True
gru_negbin,dengue,1,PR,2023-06-18,52,2022-06-19,324.6,392.0,481.6,662.6,912.8,1219.8,1548.0,1769.0,1975.8,1759,339.8599999999999,173.1488888888889,0.0,166.7111111111111,846.2,False,False,True,True
gru_negbin,dengue,1,PR,2023-06-25,53,2022-06-19,237.8,286.0,349.8,477.2,652.4,866.6,1094.6,1247.6,1391.0,1499,459.60888888888894,149.34222222222223,0.0,310.2666666666667,846.6,False,False,False,False
gru_negbin,dengue,1,PR,2023-07-02,54,2022-06-19,180.6,215.8,262.2,354.4,480.4,633.6,795.6,904.4,1005.8,1220,464.1333333333333,121.77777777777777,0.0,342.3555555555556,739.6,False,False,False,False
gru_negbin,dengue,1,PR,2023-07-09,55,2022-06-19,142.6,169.4,204.4,273.8,368.2,481.8,602.0,682.2,757.0,878,305.9244444444444,86.14666666666666,0.0,219.77777777777777,509.8,False,False,False,False
gru_negbin,dengue,1,PR,2023-07-16,56,2022-06-19,116.4,137.4,164.8,218.2,290.6,377.0,467.8,528.6,585.0,643,198.01666666666662,61.661111111111104,0.0,136.35555555555553,352.4,False,False,False,False
gru_negbin,dengue,1,PR,2023-07-23,57,2022-06-19,99.0,116.0,138.2,181.2,238.8,307.0,378.4,426.0,470.2,579,218.83333333333334,55.63333333333333,0.0,163.20000000000002,340.2,False,False,False,False
gru_negbin,dengue,1,PR,2023-07-30,58,2022-06-19,86.4,101.0,119.6,155.4,202.8,259.4,318.0,357.2,392.8,555,252.22444444444443,53.86888888888889,0.0,198.35555555555558,352.2,False,False,False,False
gru_negbin,dengue,1,PR,2023-08-06,59,2022-06-19,78.0,90.4,106.2,137.2,178.2,226.4,276.2,309.4,339.8,508,244.86555555555555,49.26555555555556,0.0,195.60000000000002,329.8,False,False,False,False
gru_negbin,dengue,1,PR,2023-08-13,60,2022-06-19,70.8,81.2,95.2,122.0,157.0,197.8,240.0,268.0,293.6,489,260.2088888888889,47.6311111111111,0.0,212.57777777777778,332.0,False,False,False,False
gru_negbin,dengue,1,PR,2023-08-20,61,2022-06-19,65.0,74.8,87.4,110.8,141.6,177.6,214.4,238.4,260.6,488,283.7044444444444,47.92666666666666,0.0,235.77777777777777,346.4,False,False,False,False
gru_negbin,dengue,1,PR,2023-08-27,62,2022-06-19,61.6,70.6,82.0,103.6,131.8,164.4,198.0,220.0,240.2,378,189.16333333333333,35.96333333333334,0.0,153.20000000000002,246.2,False,False,False,False
gru_negbin,dengue,1,PR,2023-09-03,63,2022-06-19,60.0,68.6,79.4,100.2,127.2,158.4,190.4,211.4,230.6,354,172.36777777777777,33.434444444444445,0.0,138.9333333333333,226.8,False,False,False,False
gru_negbin,dengue,1,PR,2023-09-10,64,2022-06-19,60.8,69.4,80.2,101.0,128.0,159.2,191.4,212.2,231.4,459,276.52777777777777,45.01666666666667,0.0,231.5111111111111,331.0,False,False,False,False
gru_negbin,dengue,1,PR,2023-09-17,65,2022-06-19,62.6,71.4,82.6,104.0,131.6,163.8,196.4,218.2,238.0,488,300.41222222222217,48.05666666666666,0.0,252.35555555555553,356.4,False,False,False,False
gru_negbin,dengue,1,PR,2023-09-24,66,2022-06-19,65.8,75.2,87.4,110.2,140.0,174.2,209.4,232.4,254.0,503,303.16999999999996,49.392222222222216,0.0,253.77777777777777,363.0,False,False,False,False
gru_negbin,dengue,1,PR,2023-10-01,67,2022-06-19,70.4,81.0,94.2,119.4,152.4,190.4,229.6,255.2,279.2,557,338.0266666666667,55.004444444444445,0.0,283.0222222222222,404.6,False,False,False,False
gru_negbin,dengue,1,RJ,2022-10-09,16,2022-06-19,32.8,37.6,43.4,54.8,69.4,86.2,103.0,114.4,124.8,106,13.566666666666668,8.500000000000002,0.0,5.066666666666666,36.599999999999994,False,False,True,True
gru_negbin,dengue,1,RJ,2022-10-16,17,2022-06-19,32.4,37.4,43.6,55.2,70.2,87.8,105.6,117.6,128.4,106,12.724444444444446,8.591111111111111,0.0,4.1333333333333355,35.8,False,False,True,True
gru_negbin,dengue,1,RJ,2022-10-23,18,2022-06-19,32.2,37.4,44.0,56.0,72.2,90.6,110.2,122.6,134.2,104,11.41777777777778,8.44,0.0,2.977777777777779,31.799999999999997,False,True,True,True
gru_negbin,dengue,1,RJ,2022-10-30,19,2022-06-19,31.6,37.2,44.0,57.0,74.2,94.8,115.6,129.6,142.2,87,6.754444444444443,6.754444444444443,0.0,0.0,12.799999999999997,True,True,True,True
gru_negbin,dengue,1,RJ,2022-11-06,20,2022-06-19,31.2,36.6,44.0,58.2,77.4,99.8,123.0,139.0,153.6,92,7.506666666666665,7.506666666666665,0.0,0.0,14.599999999999994,True,True,True,True
gru_negbin,dengue,1,RJ,2022-11-13,21,2022-06-19,30.2,36.0,44.0,59.2,80.6,105.6,132.2,150.2,167.0,77,6.966666666666665,6.966666666666665,0.0,0.0,3.5999999999999943,True,True,True,True
gru_negbin,dengue,1,RJ,2022-11-20,22,2022-06-19,29.4,35.8,44.4,61.6,85.4,114.6,145.6,166.4,186.0,58,11.358888888888892,10.558888888888891,0.8000000000000003,0.0,27.400000000000006,False,True,True,True
gru_negbin,dengue,1,RJ,2022-11-27,23,2022-06-19,29.0,36.0,45.4,64.8,92.0,126.4,163.0,188.0,211.2,50,16.692222222222224,13.403333333333336,3.2888888888888883,0.0,42.0,False,True,True,True
gru_negbin,dengue,1,RJ,2022-12-04,24,2022-06-19,28.0,35.8,46.2,68.4,99.8,140.2,184.0,214.4,242.8,50,19.851111111111113,15.762222222222224,4.08888888888889,0.0,49.8,False,True,True,True
gru_negbin,dengue,1,RJ,2022-12-11,25,2022-06-19,28.0,36.2,48.0,73.0,109.2,156.0,208.2,244.0,278.2,63,19.22555555555556,17.003333333333334,2.2222222222222223,0.0,46.2,False,True,True,True
gru_negbin,dengue,1,RJ,2022-12-18,26,2022-06-19,28.8,37.8,50.4,78.4,120.0,174.2,235.4,277.8,318.0,50,27.88444444444444,21.484444444444442,6.400000000000001,0.0,70.0,False,False,True,True
gru_negbin,dengue,1,RJ,2022-12-25,27,2022-06-19,31.8,42.0,56.2,88.2,136.4,200.2,271.2,320.6,367.4,109,19.004444444444445,19.004444444444445,0.0,0.0,27.400000000000006,True,True,True,True
gru_negbin,dengue,1,RJ,2023-01-01,28,2022-06-19,37.0,48.6,65.0,101.4,155.4,226.2,305.6,360.4,412.6,259,36.63111111111111,29.34222222222222,0.0,7.288888888888891,103.6,False,True,True,True
gru_negbin,dengue,1,RJ,2023-01-08,29,2022-06-19,45.8,59.6,78.6,120.2,181.8,261.4,350.2,411.4,469.8,288,37.85555555555556,31.944444444444443,0.0,5.911111111111116,106.19999999999999,False,True,True,True
gru_negbin,dengue,1,RJ,2023-01-15,30,2022-06-19,57.8,74.2,96.8,145.6,216.4,307.8,409.2,478.4,544.6,373,55.037777777777784,40.54888888888888,0.0,14.488888888888887,156.6,False,True,True,True
gru_negbin,dengue,1,RJ,2023-01-22,31,2022-06-19,73.8,93.4,120.8,178.2,261.8,368.4,484.8,565.0,640.6,464,70.75555555555556,49.5111111111111,0.0,21.24444444444445,202.2,False,True,True,True
gru_negbin,dengue,1,RJ,2023-01-29,32,2022-06-19,94.8,119.0,152.0,221.0,320.2,445.0,582.0,675.4,763.4,593,97.5411111111111,62.20777777777779,0.0,35.333333333333336,272.8,False,False,True,True
gru_negbin,dengue,1,RJ,2023-02-05,33,2022-06-19,122.8,152.4,192.0,274.4,391.6,538.2,697.0,805.0,906.8,888,231.26222222222225,92.64,0.0,138.6222222222222,496.4,False,False,False,True
gru_negbin,dengue,1,RJ,2023-02-12,34,2022-06-19,157.6,193.4,241.2,340.0,478.2,649.8,835.2,961.0,1079.0,650,63.192222222222235,63.14777777777778,0.0,0.04444444444445455,171.8,False,True,True,True
gru_negbin,dengue,1,RJ,2023-02-19,35,2022-06-19,198.4,241.6,299.2,416.4,579.4,780.8,996.6,1142.8,1279.8,855,98.87444444444446,82.38555555555556,0.0,16.488888888888898,275.6,False,True,True,True
gru_negbin,dengue,1,RJ,2023-02-26,36,2022-06-19,247.2,299.2,368.2,507.6,700.6,937.8,1191.4,1362.2,1522.6,1203,178.4233333333333,116.91222222222223,0.0,61.5111111111111,502.4,False,False,True,True
gru_negbin,dengue,1,RJ,2023-03-05,37,2022-06-19,298.2,359.4,440.4,603.6,828.4,1103.8,1397.6,1595.6,1780.8,1254,151.6988888888889,118.32111111111112,0.0,33.37777777777779,425.6,False,True,True,True
gru_negbin,dengue,1,RJ,2023-03-12,38,2022-06-19,348.2,418.4,512.2,699.8,959.0,1276.0,1613.8,1841.2,2054.2,1516,197.0,143.66666666666666,0.0,53.333333333333336,557.0,False,True,True,True
gru_negbin,dengue,1,RJ,2023-03-19,39,2022-06-19,398.6,478.8,585.6,800.2,1096.2,1458.6,1845.8,2105.6,2349.4,1983,339.05111111111114,192.0288888888889,0.0,147.02222222222224,886.8,False,False,True,True
gru_negbin,dengue,1,RJ,2023-03-26,40,2022-06-19,452.4,543.8,665.4,909.6,1246.8,1659.6,2100.6,2397.4,2675.2,1926,241.17111111111112,181.9711111111111,0.0,59.20000000000002,679.2,False,True,True,True
gru_negbin,dengue,1,RJ,2023-04-02,41,2022-06-19,500.0,601.6,736.4,1007.6,1382.2,1841.4,2331.6,2661.6,2970.6,1792,163.91888888888892,163.91888888888892,0.0,0.0,409.79999999999995,True,True,True,True
gru_negbin,dengue,1,RJ,2023-04-09,42,2022-06-19,537.6,647.6,794.0,1089.0,1496.8,1997.4,2532.4,2892.8,3230.8,2136,230.82888888888888,200.0288888888889,0.0,30.79999999999998,639.2,False,True,True,True
gru_negbin,dengue,1,RJ,2023-04-16,43,2022-06-19,557.4,673.6,828.2,1140.0,1572.6,2104.6,2674.0,3058.0,3418.2,1743,155.92666666666668,155.92666666666668,0.0,0.0,170.4000000000001,True,True,True,True
gru_negbin,dengue,1,RJ,2023-04-23,44,2022-06-19,561.4,681.4,841.4,1166.0,1618.8,2176.6,2776.2,3181.0,3561.0,1782,161.71111111111108,161.71111111111108,0.0,0.0,163.20000000000005,True,True,True,True
gru_negbin,dengue,1,RJ,2023-04-30,45,2022-06-19,554.6,674.8,836.6,1165.2,1625.6,2195.6,2808.8,3223.8,3613.4,1985,186.32,186.32,0.0,0.0,359.4000000000001,True,True,True,True
gru_negbin,dengue,1,RJ,2023-05-07,46,2022-06-19,550.4,669.4,828.4,1152.6,1606.6,2169.0,2773.8,3183.8,3568.4,1991,187.11333333333334,187.11333333333334,0.0,0.0,384.4000000000001,True,True,True,True
gru_negbin,dengue,1,RJ,2023-05-14,47,2022-06-19,526.0,636.8,784.8,1085.8,1505.6,2025.2,2583.6,2960.8,3315.4,1834,169.97,169.97,0.0,0.0,328.4000000000001,True,True,True,True
gru_negbin,dengue,1,RJ,2023-05-21,48,2022-06-19,480.4,579.6,711.8,980.2,1354.0,1815.4,2311.2,2646.4,2960.8,1495,134.35333333333335,134.35333333333335,0.0,0.0,141.0,True,True,True,True
gru_negbin,dengue,1,RJ,2023-05-28,49,2022-06-19,421.6,506.6,619.2,847.6,1164.8,1555.8,1975.2,2258.0,2523.4,1368,123.19222222222223,123.19222222222223,0.0,0.0,203.20000000000005,True,True,True,True
gru_negbin,dengue,1,RJ,2023-06-04,50,2022-06-19,360.8,431.2,525.4,714.4,977.0,1298.8,1643.6,1875.8,2093.6,1397,151.48222222222225,129.66,0.0,21.822222222222234,420.0,False,True,True,True
gru_negbin,dengue,1,RJ,2023-06-11,51,2022-06-19,306.6,365.4,442.8,599.4,814.8,1079.0,1361.2,1551.0,1729.0,1401,213.6622222222222,133.26222222222225,0.0,80.39999999999999,586.2,False,False,True,True
gru_negbin,dengue,1,RJ,2023-06-18,52,2022-06-19,262.0,311.2,375.8,505.0,682.8,899.6,1130.6,1286.0,1431.2,1286,243.44444444444446,123.04444444444442,0.0,120.40000000000002,603.2,False,False,True,True
gru_negbin,dengue,1,RJ,2023-06-25,53,2022-06-19,220.4,260.6,313.8,419.2,563.6,739.4,925.6,1050.8,1167.4,929,128.91444444444446,86.02555555555554,0.0,42.888888888888886,365.4,False,False,True,True
gru_negbin,dengue,1,RJ,2023-07-02,54,2022-06-19,185.6,218.8,262.2,348.4,466.0,607.6,757.8,858.2,952.2,791,121.02111111111111,72.88777777777779,0.0,48.13333333333334,325.0,False,False,True,True
gru_negbin,dengue,1,RJ,2023-07-09,55,2022-06-19,159.0,186.8,223.0,294.2,390.8,506.6,628.4,710.0,785.8,673,108.3488888888889,61.46,0.0,46.888888888888886,282.2,False,False,True,True
gru_negbin,dengue,1,RJ,2023-07-16,56,2022-06-19,139.6,163.2,194.0,254.4,334.6,431.4,532.4,599.6,662.2,583,97.63888888888889,52.70555555555555,0.0,44.933333333333344,248.39999999999998,False,False,True,True
gru_negbin,dengue,1,RJ,2023-07-23,57,2022-06-19,124.0,144.6,170.8,221.8,290.0,370.8,455.4,511.4,563.4,478,70.85222222222222,42.007777777777775,0.0,28.84444444444445,188.0,False,False,True,True
gru_negbin,dengue,1,RJ,2023-07-30,58,2022-06-19,111.2,129.0,151.6,195.0,252.6,320.8,391.0,437.8,481.0,536,163.3722222222222,49.28333333333333,0.0,114.08888888888889,283.4,False,False,False,False
gru_negbin,dengue,1,RJ,2023-08-06,59,2022-06-19,100.6,115.8,135.4,173.2,222.8,280.8,341.0,380.4,417.0,464,139.11111111111111,42.044444444444444,0.0,97.06666666666666,241.2,False,False,False,False
gru_negbin,dengue,1,RJ,2023-08-13,60,2022-06-19,89.4,102.6,119.6,152.0,194.2,243.6,294.8,328.4,359.4,420,138.92444444444448,38.080000000000005,0.0,100.84444444444446,225.8,False,False,False,False
gru_negbin,dengue,1,RJ,2023-08-20,61,2022-06-19,79.8,91.0,105.8,133.8,170.6,213.2,257.4,286.4,313.0,387,141.51333333333335,35.29111111111112,0.0,106.22222222222223,216.4,False,False,False,False
gru_negbin,dengue,1,RJ,2023-08-27,62,2022-06-19,71.0,81.2,94.0,118.8,151.0,188.4,226.8,252.2,276.0,332,115.43444444444445,29.967777777777783,0.0,85.46666666666667,181.0,False,False,False,False
gru_negbin,dengue,1,RJ,2023-09-03,63,2022-06-19,64.6,73.8,85.6,107.8,136.8,170.8,205.0,228.0,248.6,308,112.26666666666667,27.91111111111111,0.0,84.35555555555555,171.2,False,False,False,False
gru_negbin,dengue,1,RJ,2023-09-10,64,2022-06-19,60.2,68.8,79.8,100.0,126.6,157.4,189.0,209.8,229.0,418,237.56444444444443,40.49777777777777,0.0,197.06666666666666,291.4,False,False,False,False
gru_negbin,dengue,1,RJ,2023-09-17,65,2022-06-19,56.6,64.8,75.0,94.4,119.2,148.2,177.8,197.4,215.2,443,273.25,43.605555555555554,0.0,229.64444444444447,323.8,False,False,False,False
gru_negbin,dengue,1,RJ,2023-09-24,66,2022-06-19,55.0,62.6,72.6,91.4,115.2,143.6,172.4,191.2,208.6,386,221.53333333333336,37.48888888888889,0.0,184.04444444444442,270.8,False,False,False,False
gru_negbin,dengue,1,RJ,2023-10-01,67,2022-06-19,53.6,61.4,70.8,89.6,113.6,141.2,169.8,188.6,205.6,391,228.9911111111111,38.14666666666667,0.0,190.84444444444443,277.4,False,False,False,False
gru_negbin,dengue,1,RN,2022-10-09,16,2022-06-19,69.6,90.0,119.8,187.2,292.4,434.8,597.8,712.6,822.8,162,55.568888888888885,49.968888888888884,5.599999999999998,0.0,130.39999999999998,False,True,True,True
gru_negbin,dengue,1,RN,2022-10-16,17,2022-06-19,64.2,84.2,113.0,179.8,285.6,429.6,596.0,713.4,826.4,155,55.858888888888885,50.34777777777778,5.511111111111114,0.0,130.60000000000002,False,True,True,True
gru_negbin,dengue,1,RN,2022-10-23,18,2022-06-19,58.6,77.4,105.8,171.2,276.6,422.0,591.0,710.4,825.8,158,52.12222222222221,49.1888888888889,2.933333333333331,0.0,118.60000000000002,False,True,True,True
gru_negbin,dengue,1,RN,2022-10-30,19,2022-06-19,53.2,71.4,98.8,163.8,270.0,418.4,592.4,716.4,835.6,107,67.35999999999999,54.73777777777778,12.622222222222225,0.0,163.0,False,True,True,True
gru_negbin,dengue,1,RN,2022-11-06,20,2022-06-19,49.0,67.0,93.6,159.2,267.0,419.8,599.8,728.4,852.8,45,104.16333333333334,62.20777777777778,41.95555555555555,0.0,222.0,False,False,False,False
gru_negbin,dengue,1,RN,2022-11-13,21,2022-06-19,45.8,63.2,90.0,156.6,267.8,426.8,615.8,751.2,882.6,36,111.76666666666667,64.74444444444445,47.022222222222226,0.0,231.8,False,False,False,False
gru_negbin,dengue,1,RN,2022-11-20,22,2022-06-19,42.2,59.2,86.6,154.8,271.8,441.8,645.4,792.0,934.6,44,104.24,66.77333333333333,37.46666666666667,0.0,227.8,False,False,False,True
gru_negbin,dengue,1,RN,2022-11-27,23,2022-06-19,38.6,55.6,83.0,153.0,275.6,456.4,674.6,832.8,987.4,24,123.9088888888889,71.86444444444444,52.044444444444444,0.0,251.60000000000002,False,False,False,False
gru_negbin,dengue,1,RN,2022-12-04,24,2022-06-19,36.2,53.2,81.2,152.8,281.0,471.4,704.2,873.2,1038.6,20,129.3133333333333,75.22444444444443,54.08888888888888,0.0,261.0,False,False,False,False
gru_negbin,dengue,1,RN,2022-12-11,25,2022-06-19,35.6,52.8,81.4,157.0,293.8,499.4,751.0,934.2,1114.0,18,136.95333333333335,80.33111111111111,56.62222222222222,0.0,275.8,False,False,False,False
gru_negbin,dengue,1,RN,2022-12-18,26,2022-06-19,34.8,53.0,83.4,164.6,313.4,539.2,817.2,1020.8,1219.8,5,158.8988888888889,88.72111111111111,70.17777777777778,0.0,308.4,False,False,False,False
gru_negbin,dengue,1,RN,2022-12-25,27,2022-06-19,35.4,54.6,87.8,177.4,343.6,597.4,911.4,1141.4,1367.8,32,146.22444444444443,95.73555555555555,50.48888888888889,0.0,311.6,False,False,False,False
gru_negbin,dengue,1,RN,2023-01-01,28,2022-06-19,37.6,59.0,96.2,197.6,387.4,677.8,1039.2,1303.8,1564.4,117,117.90222222222224,99.99111111111111,17.91111111111111,0.0,270.4,False,True,True,True
gru_negbin,dengue,1,RN,2023-01-08,29,2022-06-19,42.6,67.4,109.8,225.4,440.6,770.0,1177.4,1476.4,1770.2,106,143.7888888888889,116.41111111111111,27.37777777777778,0.0,334.6,False,False,True,True
gru_negbin,dengue,1,RN,2023-01-15,30,2022-06-19,50.4,79.2,127.4,259.2,501.2,867.8,1320.2,1650.8,1974.6,118,164.5144444444444,131.04777777777775,33.46666666666667,0.0,383.2,False,False,True,True
gru_negbin,dengue,1,RN,2023-01-22,31,2022-06-19,62.4,96.2,153.0,303.2,573.8,978.4,1473.8,1833.8,2186.2,119,196.98999999999998,148.5011111111111,48.48888888888889,0.0,454.79999999999995,False,False,True,True
gru_negbin,dengue,1,RN,2023-01-29,32,2022-06-19,77.2,117.4,183.8,355.4,659.2,1108.2,1653.0,2047.0,2432.6,150,218.73000000000005,165.57444444444448,53.15555555555555,0.0,509.20000000000005,False,False,True,True
gru_negbin,dengue,1,RN,2023-02-05,33,2022-06-19,95.2,142.4,219.4,414.2,754.0,1250.0,1847.6,2279.2,2699.8,107,293.8277777777778,192.71666666666664,101.11111111111111,0.0,647.0,False,False,False,True
gru_negbin,dengue,1,RN,2023-02-12,34,2022-06-19,113.6,167.6,253.2,465.6,829.4,1353.6,1979.6,2429.8,2867.0,102,340.50777777777773,208.95222222222222,131.55555555555554,0.0,727.4,False,False,False,False
gru_negbin,dengue,1,RN,2023-02-19,35,2022-06-19,130.2,188.8,280.2,503.8,880.2,1416.2,2051.8,2506.8,2948.6,138,338.1155555555556,213.9377777777778,124.17777777777776,0.0,742.2,False,False,False,True
gru_negbin,dengue,1,RN,2023-02-26,36,2022-06-19,146.0,208.6,304.4,535.0,917.6,1456.0,2089.8,2541.6,2979.2,161,342.12666666666667,216.5711111111111,125.55555555555556,0.0,756.6,False,False,False,True
gru_negbin,dengue,1,RN,2023-03-05,37,2022-06-19,160.2,225.6,324.8,560.4,944.2,1479.4,2104.8,2549.0,2978.0,161,358.6144444444445,219.10333333333335,139.51111111111112,0.0,783.2,False,False,False,True
gru_negbin,dengue,1,RN,2023-03-12,38,2022-06-19,171.2,238.4,339.4,575.0,954.8,1478.4,2086.6,2517.0,2931.8,127,402.9811111111111,221.64777777777778,181.33333333333334,0.0,827.8,False,False,False,False
gru_negbin,dengue,1,RN,2023-03-19,39,2022-06-19,180.6,248.8,350.8,585.8,960.8,1473.6,2066.0,2483.6,2885.6,211,333.36333333333334,210.60777777777776,122.75555555555553,0.0,749.8,False,False,False,True
gru_negbin,dengue,1,RN,2023-03-26,40,2022-06-19,189.6,259.2,361.2,595.0,964.6,1466.6,2043.6,2449.4,2839.4,289,283.9766666666667,199.93222222222226,84.04444444444444,0.0,675.6,False,False,True,True
gru_negbin,dengue,1,RN,2023-04-02,41,2022-06-19,194.4,263.4,364.6,595.2,955.6,1443.2,2002.2,2394.0,2770.4,396,227.93111111111114,183.66444444444446,44.26666666666668,0.0,559.6,False,True,True,True
gru_negbin,dengue,1,RN,2023-04-09,42,2022-06-19,194.8,262.8,361.4,584.6,932.0,1399.2,1933.8,2308.0,2666.8,489,187.12222222222223,165.8777777777778,21.24444444444445,0.0,443.0,False,True,True,True
gru_negbin,dengue,1,RN,2023-04-16,43,2022-06-19,196.8,263.6,361.4,580.8,921.4,1378.6,1900.0,2264.8,2614.2,464,190.95666666666665,165.0011111111111,25.955555555555545,0.0,457.4,False,True,True,True
gru_negbin,dengue,1,RN,2023-04-23,44,2022-06-19,199.4,266.6,364.0,583.4,922.2,1376.2,1893.2,2254.4,2601.0,324,246.45555555555555,179.92222222222225,66.53333333333333,0.0,598.2,False,False,True,True
gru_negbin,dengue,1,RN,2023-04-30,45,2022-06-19,201.6,268.6,366.0,584.2,920.8,1370.6,1882.0,2239.0,2581.2,323,246.51333333333332,178.9133333333333,67.60000000000001,0.0,597.8,False,False,True,True
gru_negbin,dengue,1,RN,2023-05-07,46,2022-06-19,199.4,265.4,360.6,573.0,899.8,1335.4,1830.0,2175.2,2505.6,233,294.2411111111111,183.13,111.11111111111111,0.0,666.8,False,False,False,True
gru_negbin,dengue,1,RN,2023-05-14,47,2022-06-19,199.0,263.4,356.4,562.8,879.4,1300.0,1776.0,2107.8,2425.4,229,287.7644444444444,177.63111111111112,110.13333333333331,0.0,650.4,False,False,False,True
gru_negbin,dengue,1,RN,2023-05-21,48,2022-06-19,193.4,255.2,344.0,540.2,839.2,1235.2,1682.4,1993.2,2290.6,216,277.76,168.56000000000003,109.2,0.0,623.2,False,False,False,True
gru_negbin,dengue,1,RN,2023-05-28,49,2022-06-19,186.2,245.2,329.6,515.8,797.6,1170.2,1590.0,1881.8,2160.4,171,294.87222222222226,163.13888888888889,131.73333333333332,0.0,626.6,False,False,False,False
gru_negbin,dengue,1,RN,2023-06-04,50,2022-06-19,175.0,229.8,308.6,482.0,744.6,1090.8,1480.6,1751.4,2009.8,108,327.34444444444443,157.7,169.64444444444447,0.0,636.6,False,False,False,False
gru_negbin,dengue,1,RN,2023-06-11,51,2022-06-19,162.0,212.4,285.2,444.6,686.2,1003.8,1362.0,1610.4,1847.6,142,259.5155555555556,140.35999999999999,119.15555555555557,0.0,544.2,False,False,False,False
gru_negbin,dengue,1,RN,2023-06-18,52,2022-06-19,149.6,196.4,262.8,409.0,631.0,922.4,1250.6,1478.8,1696.4,151,218.91555555555558,126.6488888888889,92.26666666666668,0.0,480.0,False,False,False,True
gru_negbin,dengue,1,RN,2023-06-25,53,2022-06-19,139.2,182.8,245.2,381.8,590.0,864.0,1173.4,1388.4,1593.8,122,223.33666666666667,120.89222222222222,102.44444444444444,0.0,468.0,False,False,False,False
gru_negbin,dengue,1,RN,2023-07-02,54,2022-06-19,130.8,172.0,230.6,360.6,558.4,820.4,1116.2,1322.2,1519.2,96,230.4288888888889,117.09555555555556,113.33333333333334,0.0,462.4,False,False,False,False
gru_negbin,dengue,1,RN,2023-07-09,55,2022-06-19,123.2,162.0,217.6,340.6,529.4,779.8,1063.8,1262.2,1451.6,122,187.05333333333334,108.07555555555557,78.97777777777779,0.0,407.4,False,False,False,False
gru_negbin,dengue,1,RN,2023-07-16,56,2022-06-19,114.0,149.8,201.6,316.8,494.0,730.0,998.8,1186.8,1366.2,100,187.86111111111111,102.92777777777776,84.93333333333334,0.0,394.0,False,False,False,False
gru_negbin,dengue,1,RN,2023-07-23,57,2022-06-19,104.4,137.4,184.8,290.8,453.6,671.6,919.4,1093.0,1258.6,92,172.33222222222219,94.68777777777777,77.64444444444445,0.0,361.6,False,False,False,False
gru_negbin,dengue,1,RN,2023-07-30,58,2022-06-19,95.6,125.6,168.6,264.6,412.2,609.4,833.2,989.8,1139.4,109,134.52555555555554,83.01444444444445,51.51111111111111,0.0,303.2,False,False,False,True
gru_negbin,dengue,1,RN,2023-08-06,59,2022-06-19,87.6,114.8,153.8,240.4,372.8,550.0,750.8,891.2,1025.4,95,124.9477777777778,75.17,49.77777777777778,0.0,277.8,False,False,False,True
gru_negbin,dengue,1,RN,2023-08-13,60,2022-06-19,79.6,104.0,139.6,217.6,337.6,497.4,678.8,805.4,926.4,65,132.71333333333334,70.31333333333333,62.39999999999999,0.0,272.6,False,False,False,False
gru_negbin,dengue,1,RN,2023-08-20,61,2022-06-19,71.4,93.0,124.2,193.4,299.0,440.0,599.6,711.0,817.0,83,95.18444444444445,59.27333333333334,35.91111111111112,0.0,216.0,False,False,False,True
gru_negbin,dengue,1,RN,2023-08-27,62,2022-06-19,62.8,82.4,109.6,170.6,263.6,387.4,527.6,625.2,718.8,73,84.0977777777778,52.18666666666666,31.91111111111111,0.0,190.60000000000002,False,False,False,True
gru_negbin,dengue,1,RN,2023-09-03,63,2022-06-19,57.2,74.2,98.8,153.2,236.2,346.6,471.8,559.2,642.8,72,70.40888888888888,45.919999999999995,24.488888888888887,0.0,164.2,False,False,False,True
gru_negbin,dengue,1,RN,2023-09-10,64,2022-06-19,51.6,66.8,88.6,136.6,209.8,307.4,417.6,494.6,568.2,74,56.66777777777778,39.51222222222222,17.15555555555555,0.0,135.8,False,False,True,True
gru_negbin,dengue,1,RN,2023-09-17,65,2022-06-19,46.6,60.2,79.8,122.6,187.6,274.4,372.8,441.6,507.2,107,34.163333333333334,30.696666666666665,3.4666666666666655,0.0,80.6,False,True,True,True
gru_negbin,dengue,1,RN,2023-09-24,66,2022-06-19,42.2,54.6,71.8,110.2,169.8,248.4,338.2,400.8,460.6,107,27.45777777777778,26.74666666666667,0.7111111111111117,0.0,62.80000000000001,False,True,True,True
gru_negbin,dengue,1,RN,2023-10-01,67,2022-06-19,37.8,48.8,64.8,99.8,154.4,227.4,310.2,368.2,423.6,98,24.901111111111113,24.501111111111115,0.39999999999999936,0.0,56.400000000000006,False,True,True,True
gru_negbin,dengue,1,RO,2022-10-09,16,2022-06-19,8.6,11.4,15.2,23.8,36.0,51.8,69.4,81.2,92.8,99,33.403333333333336,11.003333333333336,0.0,22.4,63.0,False,False,False,False
gru_negbin,dengue,1,RO,2022-10-16,17,2022-06-19,8.8,12.0,16.4,25.8,40.0,58.4,79.4,93.6,107.4,114,38.932222222222215,12.887777777777778,0.0,26.04444444444444,74.0,False,False,False,False
gru_negbin,dengue,1,RO,2022-10-23,18,2022-06-19,9.2,12.6,17.8,28.4,44.8,67.0,92.4,109.6,125.8,104,22.90555555555555,12.105555555555556,0.0,10.799999999999999,59.2,False,False,True,True
gru_negbin,dengue,1,RO,2022-10-30,19,2022-06-19,9.6,13.4,19.2,31.8,51.6,78.4,109.0,130.4,151.2,151,47.75999999999999,17.715555555555557,0.0,30.04444444444444,99.4,False,False,False,True
gru_negbin,dengue,1,RO,2022-11-06,20,2022-06-19,9.8,14.2,20.8,35.4,59.2,91.8,129.4,156.0,181.8,152,36.788888888888884,18.38888888888889,0.0,18.4,92.8,False,False,True,True
gru_negbin,dengue,1,RO,2022-11-13,21,2022-06-19,10.2,15.0,22.6,39.8,68.2,107.2,153.6,186.6,218.2,202,59.82888888888889,24.584444444444443,0.0,35.24444444444444,133.8,False,False,False,True
gru_negbin,dengue,1,RO,2022-11-20,22,2022-06-19,10.4,15.6,23.8,44.0,78.0,126.0,183.2,223.8,263.2,278,104.21555555555557,34.03777777777778,0.0,70.17777777777778,200.0,False,False,False,False
gru_negbin,dengue,1,RO,2022-11-27,23,2022-06-19,10.6,16.2,25.4,48.8,88.8,146.8,216.6,267.0,315.8,299,96.77555555555554,37.53111111111111,0.0,59.24444444444445,210.2,False,False,False,True
gru_negbin,dengue,1,RO,2022-12-04,24,2022-06-19,11.0,17.0,27.2,53.4,99.6,167.8,249.6,309.0,366.8,205,36.49666666666666,28.230000000000004,0.0,8.266666666666664,105.4,False,True,True,True
gru_negbin,dengue,1,RO,2022-12-11,25,2022-06-19,11.0,18.0,28.8,57.6,109.2,185.8,278.6,346.2,412.0,247,47.458888888888886,33.85888888888889,0.0,13.599999999999998,137.8,False,True,True,True
gru_negbin,dengue,1,RO,2022-12-18,26,2022-06-19,12.0,19.0,31.4,63.2,120.6,206.0,310.2,385.6,459.4,176,26.843333333333337,26.843333333333337,0.0,0.0,55.400000000000006,True,True,True,True
gru_negbin,dengue,1,RO,2022-12-25,27,2022-06-19,13.0,21.0,34.2,69.6,133.4,227.6,342.8,426.0,508.2,302,58.153333333333336,41.620000000000005,0.0,16.533333333333335,168.6,False,True,True,True
gru_negbin,dengue,1,RO,2023-01-01,28,2022-06-19,14.6,23.8,38.8,77.8,147.6,251.6,377.6,469.4,558.8,810,450.4477777777778,98.75888888888888,0.0,351.6888888888889,662.4,False,False,False,False
gru_negbin,dengue,1,RO,2023-01-08,29,2022-06-19,17.6,28.0,44.6,88.0,164.4,277.4,413.4,512.2,608.6,864,470.53666666666663,105.11444444444444,0.0,365.4222222222222,699.6,False,False,False,False
gru_negbin,dengue,1,RO,2023-01-15,30,2022-06-19,21.0,32.4,50.8,97.4,178.6,297.0,439.4,542.0,642.2,836,418.1933333333333,101.88222222222221,0.0,316.3111111111111,657.4,False,False,False,False
gru_negbin,dengue,1,RO,2023-01-22,31,2022-06-19,24.8,37.2,56.8,105.6,189.4,308.8,451.6,554.2,653.8,806,376.8344444444444,97.81222222222225,0.0,279.0222222222222,616.6,False,False,False,False
gru_negbin,dengue,1,RO,2023-01-29,32,2022-06-19,28.6,41.6,62.6,112.8,197.0,316.0,456.6,556.8,654.0,686,252.59888888888887,83.57666666666665,0.0,169.02222222222224,489.0,False,False,False,False
gru_negbin,dengue,1,RO,2023-02-05,33,2022-06-19,31.0,44.6,65.4,115.2,197.0,310.6,444.0,538.6,630.0,777,355.8188888888888,92.53000000000002,0.0,263.2888888888889,580.0,False,False,False,False
gru_negbin,dengue,1,RO,2023-02-12,34,2022-06-19,32.8,46.6,67.4,115.0,192.0,298.0,421.2,507.6,591.2,604,204.91999999999996,72.03111111111112,0.0,132.88888888888889,412.0,False,False,False,False
gru_negbin,dengue,1,RO,2023-02-19,35,2022-06-19,34.0,47.4,67.0,111.8,182.4,278.4,388.8,466.4,540.8,590,221.52222222222224,69.16666666666667,0.0,152.35555555555555,407.6,False,False,False,False
gru_negbin,dengue,1,RO,2023-02-26,36,2022-06-19,33.8,46.4,64.2,105.2,168.4,253.2,350.4,417.8,483.0,652,320.18222222222226,74.93777777777778,0.0,245.24444444444447,483.6,False,False,False,False
gru_negbin,dengue,1,RO,2023-03-05,37,2022-06-19,32.2,43.4,59.4,95.6,150.4,223.8,306.4,364.4,419.6,716,425.57444444444445,81.17444444444445,0.0,344.40000000000003,565.6,False,False,False,False
gru_negbin,dengue,1,RO,2023-03-12,38,2022-06-19,29.4,39.2,53.6,84.4,131.6,193.6,263.2,311.8,358.6,491,241.4711111111111,55.51555555555555,0.0,185.95555555555558,359.4,False,False,False,False
gru_negbin,dengue,1,RO,2023-03-19,39,2022-06-19,26.2,34.6,46.6,72.8,112.2,164.4,222.8,263.0,301.6,398,187.09444444444443,44.82777777777778,0.0,142.26666666666665,285.8,False,False,False,False
gru_negbin,dengue,1,RO,2023-03-26,40,2022-06-19,23.2,30.0,40.4,62.2,95.0,137.8,185.4,218.6,250.0,373,197.26666666666668,41.66666666666667,0.0,155.6,278.0,False,False,False,False
gru_negbin,dengue,1,RO,2023-04-02,41,2022-06-19,20.2,26.4,35.0,53.8,81.8,118.0,158.4,186.2,212.8,263,112.97666666666667,29.287777777777777,0.0,83.68888888888888,181.2,False,False,False,False
gru_negbin,dengue,1,RO,2023-04-09,42,2022-06-19,17.6,23.0,30.8,46.8,71.0,102.4,137.2,161.4,184.0,300,170.02666666666667,33.35999999999999,0.0,136.66666666666666,229.0,False,False,False,False
gru_negbin,dengue,1,RO,2023-04-16,43,2022-06-19,15.2,19.8,26.2,40.4,61.0,88.2,118.6,139.4,159.6,241,128.66222222222223,26.84,0.0,101.82222222222224,180.0,False,False,False,False
gru_negbin,dengue,1,RO,2023-04-23,44,2022-06-19,13.0,17.0,22.8,35.0,53.4,77.2,103.8,122.2,139.8,159,60.64,17.75111111111111,0.0,42.888888888888886,105.6,False,False,False,False
gru_negbin,dengue,1,RO,2023-04-30,45,2022-06-19,10.8,14.2,19.4,30.0,46.2,67.4,91.0,107.6,123.4,192,105.66555555555556,21.53222222222222,0.0,84.13333333333334,145.8,False,False,False,False
gru_negbin,dengue,1,RO,2023-05-07,46,2022-06-19,9.2,12.0,16.4,26.2,40.4,59.4,80.4,95.2,109.0,138,61.81222222222222,15.59,0.0,46.22222222222222,97.6,False,False,False,False
gru_negbin,dengue,1,RO,2023-05-14,47,2022-06-19,7.8,10.6,14.2,22.8,35.4,52.2,71.2,84.4,97.2,119,51.50555555555555,13.505555555555553,0.0,38.0,83.6,False,False,False,False
gru_negbin,dengue,1,RO,2023-05-21,48,2022-06-19,7.0,9.2,12.6,19.8,31.2,45.8,62.4,74.4,85.2,97,37.73222222222222,11.02111111111111,0.0,26.711111111111112,65.8,False,False,False,False
gru_negbin,dengue,1,RO,2023-05-28,49,2022-06-19,5.8,8.2,11.0,17.4,27.4,39.8,54.6,64.8,74.2,71,20.022222222222226,8.066666666666666,0.0,11.955555555555556,43.6,False,False,False,True
gru_negbin,dengue,1,RO,2023-06-04,50,2022-06-19,4.8,7.0,9.4,15.0,23.6,34.4,47.0,55.6,64.0,76,31.493333333333332,8.604444444444445,0.0,22.88888888888889,52.4,False,False,False,False
gru_negbin,dengue,1,RO,2023-06-11,51,2022-06-19,4.2,5.8,8.4,12.8,20.0,29.4,40.0,47.2,54.0,74,36.22777777777778,8.36111111111111,0.0,27.866666666666664,54.0,False,False,False,False
gru_negbin,dengue,1,RO,2023-06-18,52,2022-06-19,3.8,5.0,7.0,11.2,17.4,25.6,34.4,40.6,46.4,84,51.441111111111105,9.44111111111111,0.0,42.0,66.6,False,False,False,False
gru_negbin,dengue,1,RO,2023-06-25,53,2022-06-19,3.0,4.4,6.2,9.8,15.4,22.4,30.4,35.6,40.6,57,28.415555555555553,6.415555555555555,0.0,22.0,41.6,False,False,False,False
gru_negbin,dengue,1,RO,2023-07-02,54,2022-06-19,2.6,3.8,5.6,8.6,13.8,20.0,26.8,31.6,36.0,48,22.64333333333333,5.39888888888889,0.0,17.244444444444444,34.2,False,False,False,False
gru_negbin,dengue,1,RO,2023-07-09,55,2022-06-19,2.4,3.4,5.0,8.0,12.4,18.0,24.0,28.4,32.4,49,26.199999999999996,5.488888888888889,0.0,20.71111111111111,36.6,False,False,False,False
gru_negbin,dengue,1,RO,2023-07-16,56,2022-06-19,2.0,3.2,4.4,7.4,11.4,16.6,22.4,26.2,30.2,41,19.85666666666667,4.612222222222223,0.0,15.244444444444444,29.6,False,False,False,False
gru_negbin,dengue,1,RO,2023-07-23,57,2022-06-19,2.0,2.8,4.2,7.0,10.8,15.4,21.0,24.8,28.2,29,9.163333333333332,3.252222222222222,0.0,5.911111111111111,18.2,False,False,False,False
gru_negbin,dengue,1,RO,2023-07-30,58,2022-06-19,1.8,2.6,3.8,6.6,10.2,14.8,20.0,23.4,26.4,25,6.561111111111111,2.8277777777777775,0.0,3.7333333333333334,14.8,False,False,False,True
gru_negbin,dengue,1,RO,2023-08-06,59,2022-06-19,1.8,2.6,3.6,5.8,9.6,14.0,18.8,22.2,25.4,49,31.20888888888889,5.52,0.0,25.688888888888886,39.4,False,False,False,False
gru_negbin,dengue,1,RO,2023-08-13,60,2022-06-19,1.8,2.4,3.4,5.8,9.0,13.4,18.2,21.2,24.2,34,16.973333333333333,3.862222222222223,0.0,13.11111111111111,25.0,False,False,False,False
gru_negbin,dengue,1,RO,2023-08-20,61,2022-06-19,1.4,2.0,3.2,5.2,8.6,12.8,17.2,20.2,23.2,37,20.79,4.212222222222222,0.0,16.577777777777776,28.4,False,False,False,False
gru_negbin,dengue,1,RO,2023-08-27,62,2022-06-19,1.4,2.0,3.2,5.2,8.2,12.2,16.4,19.6,22.4,19,4.283333333333334,2.1944444444444446,0.0,2.0888888888888895,10.8,False,False,True,True
gru_negbin,dengue,1,RO,2023-09-03,63,2022-06-19,1.2,1.8,3.0,5.0,8.2,12.0,16.4,19.4,22.0,20,5.0200000000000005,2.308888888888889,0.0,2.7111111111111117,11.8,False,False,False,True
gru_negbin,dengue,1,RO,2023-09-10,64,2022-06-19,1.2,1.8,3.0,5.0,8.2,12.2,16.4,19.4,22.0,32,16.54222222222222,3.653333333333333,0.0,12.888888888888891,23.8,False,False,False,False
gru_negbin,dengue,1,RO,2023-09-17,65,2022-06-19,1.0,2.0,2.8,5.0,8.2,12.2,16.8,19.8,22.6,25,9.25111111111111,2.8955555555555557,0.0,6.355555555555555,16.8,False,False,False,False
gru_negbin,dengue,1,RO,2023-09-24,66,2022-06-19,1.0,2.0,3.0,5.2,8.4,12.8,17.4,20.6,23.6,34,17.607777777777777,3.918888888888889,0.0,13.688888888888888,25.6,False,False,False,False
gru_negbin,dengue,1,RO,2023-10-01,67,2022-06-19,1.0,2.0,3.2,5.6,8.8,13.6,18.4,22.0,25.2,36,18.561111111111114,4.1611111111111105,0.0,14.399999999999999,27.2,False,False,False,False
gru_negbin,dengue,1,RR,2022-10-09,16,2022-06-19,0.0,0.0,0.0,0.2,1.6,3.8,6.4,8.4,10.4,2,0.5377777777777778,0.5377777777777778,0.0,0.0,0.3999999999999999,True,True,True,True
gru_negbin,dengue,1,RR,2022-10-16,17,2022-06-19,0.0,0.0,0.0,0.2,1.8,3.8,6.2,8.4,10.4,5,1.1111111111111112,0.8444444444444446,0.0,0.2666666666666667,3.2,False,True,True,True
gru_negbin,dengue,1,RR,2022-10-23,18,2022-06-19,0.0,0.0,0.0,0.4,1.8,3.8,6.4,8.4,10.4,2,0.5044444444444445,0.5044444444444445,0.0,0.0,0.19999999999999996,True,True,True,True
gru_negbin,dengue,1,RR,2022-10-30,19,2022-06-19,0.0,0.0,0.0,0.4,1.8,3.6,6.2,8.2,10.2,6,1.4633333333333336,0.9300000000000002,0.0,0.5333333333333333,4.2,False,True,True,True
gru_negbin,dengue,1,RR,2022-11-06,20,2022-06-19,0.0,0.0,0.0,0.4,1.8,3.6,6.4,8.4,10.4,1,0.56,0.56,0.0,0.0,0.8,True,True,True,True
gru_negbin,dengue,1,RR,2022-11-13,21,2022-06-19,0.0,0.0,0.0,0.4,1.8,3.8,6.4,8.2,10.2,3,0.6122222222222222,0.6122222222222222,0.0,0.0,1.2,True,True,True,True
gru_negbin,dengue,1,RR,2022-11-20,22,2022-06-19,0.0,0.0,0.0,0.6,1.8,3.6,6.4,8.2,10.2,4,0.7899999999999999,0.7011111111111111,0.0,0.08888888888888886,2.2,False,True,True,True
gru_negbin,dengue,1,RR,2022-11-27,23,2022-06-19,0.0,0.0,0.0,0.6,1.6,3.6,6.2,8.2,10.2,2,0.49666666666666665,0.49666666666666665,0.0,0.0,0.3999999999999999,True,True,True,True
gru_negbin,dengue,1,RR,2022-12-04,24,2022-06-19,0.0,0.0,0.0,0.6,1.6,3.6,6.0,8.0,10.2,0,0.7566666666666667,0.6233333333333334,0.13333333333333333,0.0,1.6,False,True,True,True
gru_negbin,dengue,1,RR,2022-12-11,25,2022-06-19,0.0,0.0,0.0,0.6,1.6,3.8,6.0,8.2,9.8,0,0.7677777777777777,0.6344444444444445,0.13333333333333333,0.0,1.6,False,True,True,True
gru_negbin,dengue,1,RR,2022-12-18,26,2022-06-19,0.0,0.0,0.0,0.4,1.2,3.2,6.0,7.8,9.4,0,0.6499999999999999,0.5611111111111112,0.08888888888888889,0.0,1.2,False,True,True,True
gru_negbin,dengue,1,RR,2022-12-25,27,2022-06-19,0.0,0.0,0.0,0.4,1.2,3.2,5.4,7.2,9.0,1,0.42777777777777776,0.42777777777777776,0.0,0.0,0.19999999999999996,True,True,True,True
gru_negbin,dengue,1,RR,2023-01-01,28,2022-06-19,0.0,0.0,0.0,0.4,1.4,3.2,5.6,7.4,9.2,1,0.4577777777777778,0.4577777777777778,0.0,0.0,0.3999999999999999,True,True,True,True
gru_negbin,dengue,1,RR,2023-01-08,29,2022-06-19,0.0,0.0,0.0,0.6,1.4,3.2,5.4,7.2,9.0,2,0.46111111111111114,0.46111111111111114,0.0,0.0,0.6000000000000001,True,True,True,True
gru_negbin,dengue,1,RR,2023-01-15,30,2022-06-19,0.0,0.0,0.0,0.6,1.4,3.0,5.4,6.8,8.6,4,0.8877777777777779,0.6655555555555556,0.0,0.2222222222222222,2.6,False,True,True,True
gru_negbin,dengue,1,RR,2023-01-22,31,2022-06-19,0.0,0.0,0.0,0.4,1.2,3.0,5.0,6.6,8.0,2,0.46222222222222226,0.46222222222222226,0.0,0.0,0.8,True,True,True,True
gru_negbin,dengue,1,RR,2023-01-29,32,2022-06-19,0.0,0.0,0.0,0.4,1.2,2.8,5.0,6.4,7.8,4,0.9366666666666669,0.67,0.0,0.2666666666666667,2.8,False,True,True,True
gru_negbin,dengue,1,RR,2023-02-05,33,2022-06-19,0.0,0.0,0.0,0.4,1.2,2.8,4.8,6.2,7.8,3,0.5966666666666668,0.5522222222222223,0.0,0.04444444444444448,1.8,False,True,True,True
gru_negbin,dengue,1,RR,2023-02-12,34,2022-06-19,0.0,0.0,0.0,0.4,1.4,2.8,4.6,6.2,7.6,1,0.39111111111111113,0.39111111111111113,0.0,0.0,0.3999999999999999,True,True,True,True
gru_negbin,dengue,1,RR,2023-02-19,35,2022-06-19,0.0,0.0,0.0,0.4,1.6,2.8,4.8,6.0,7.2,1,0.41333333333333333,0.41333333333333333,0.0,0.0,0.6000000000000001,True,True,True,True
gru_negbin,dengue,1,RR,2023-02-26,36,2022-06-19,0.0,0.0,0.0,0.6,1.6,2.6,4.6,5.8,7.0,1,0.38333333333333336,0.38333333333333336,0.0,0.0,0.6000000000000001,True,True,True,True
gru_negbin,dengue,1,RR,2023-03-05,37,2022-06-19,0.0,0.0,0.0,0.4,1.4,2.6,4.4,5.6,6.8,1,0.3644444444444444,0.3644444444444444,0.0,0.0,0.3999999999999999,True,True,True,True
gru_negbin,dengue,1,RR,2023-03-12,38,2022-06-19,0.0,0.0,0.2,0.4,1.4,2.6,4.4,5.6,6.6,0,0.6033333333333333,0.47,0.13333333333333336,0.0,1.4,False,False,True,True
gru_negbin,dengue,1,RR,2023-03-19,39,2022-06-19,0.0,0.0,0.2,0.4,1.4,2.6,4.2,5.4,6.6,1,0.3522222222222222,0.3522222222222222,0.0,0.0,0.3999999999999999,True,True,True,True
gru_negbin,dengue,1,RR,2023-03-26,40,2022-06-19,0.0,0.0,0.2,0.4,1.6,2.6,4.4,5.4,6.8,2,0.3577777777777778,0.3577777777777778,0.0,0.0,0.3999999999999999,True,True,True,True
gru_negbin,dengue,1,RR,2023-04-02,41,2022-06-19,0.0,0.0,0.2,0.4,1.6,2.8,4.4,5.6,6.8,2,0.37111111111111106,0.37111111111111106,0.0,0.0,0.3999999999999999,True,True,True,True
gru_negbin,dengue,1,RR,2023-04-09,42,2022-06-19,0.0,0.0,0.2,0.4,1.6,2.8,4.6,6.0,6.8,1,0.4022222222222222,0.4022222222222222,0.0,0.0,0.6000000000000001,True,True,True,True
gru_negbin,dengue,1,RR,2023-04-16,43,2022-06-19,0.0,0.0,0.2,0.4,1.6,3.0,4.6,6.0,7.0,2,0.39222222222222225,0.39222222222222225,0.0,0.0,0.3999999999999999,True,True,True,True
gru_negbin,dengue,1,RR,2023-04-23,44,2022-06-19,0.0,0.0,0.2,0.6,1.6,3.0,4.6,6.0,7.4,2,0.38333333333333325,0.38333333333333325,0.0,0.0,0.3999999999999999,True,True,True,True
gru_negbin,dengue,1,RR,2023-04-30,45,2022-06-19,0.0,0.0,0.2,0.4,1.6,3.0,4.6,6.0,7.4,2,0.39444444444444443,0.39444444444444443,0.0,0.0,0.3999999999999999,True,True,True,True
gru_negbin,dengue,1,RR,2023-05-07,46,2022-06-19,0.0,0.0,0.2,0.4,1.8,2.8,4.4,5.8,7.2,3,0.508888888888889,0.46444444444444444,0.0,0.04444444444444448,1.2,False,True,True,True
gru_negbin,dengue,1,RR,2023-05-14,47,2022-06-19,0.0,0.0,0.2,0.6,1.8,3.2,4.8,6.0,7.2,1,0.4422222222222222,0.4422222222222222,0.0,0.0,0.8,True,True,True,True
gru_negbin,dengue,1,RR,2023-05-21,48,2022-06-19,0.0,0.2,0.2,0.6,1.8,3.4,5.0,6.2,7.4,3,0.5033333333333333,0.5033333333333333,0.0,0.0,1.2,True,True,True,True
gru_negbin,dengue,1,RR,2023-05-28,49,2022-06-19,0.0,0.2,0.2,0.6,2.0,3.4,5.2,6.2,7.4,2,0.37444444444444436,0.37444444444444436,0.0,0.0,0.0,True,True,True,True
gru_negbin,dengue,1,RR,2023-06-04,50,2022-06-19,0.0,0.2,0.4,0.6,2.0,3.4,5.2,6.6,7.6,1,0.4866666666666666,0.4866666666666666,0.0,0.0,1.0,True,True,True,True
gru_negbin,dengue,1,RR,2023-06-11,51,2022-06-19,0.0,0.2,0.4,0.6,2.0,3.4,5.2,6.4,7.6,2,0.3733333333333333,0.3733333333333333,0.0,0.0,0.0,True,True,True,True
gru_negbin,dengue,1,RR,2023-06-18,52,2022-06-19,0.0,0.2,0.4,0.6,2.0,3.4,5.2,6.6,7.6,4,0.7311111111111112,0.5977777777777776,0.0,0.13333333333333336,2.0,False,True,True,True
gru_negbin,dengue,1,RR,2023-06-25,53,2022-06-19,0.0,0.2,0.4,0.6,2.0,3.4,5.2,6.6,7.6,0,0.8644444444444443,0.5977777777777776,0.26666666666666666,0.0,2.0,False,False,False,True
gru_negbin,dengue,1,RR,2023-07-02,54,2022-06-19,0.2,0.2,0.4,0.8,2.0,3.6,5.4,6.6,8.0,1,0.49222222222222217,0.49222222222222217,0.0,0.0,1.0,True,True,True,True
gru_negbin,dengue,1,RR,2023-07-09,55,2022-06-19,0.2,0.2,0.4,0.8,2.0,3.6,5.6,7.0,8.2,5,1.0355555555555553,0.7244444444444444,0.0,0.3111111111111111,3.0,False,True,True,True
gru_negbin,dengue,1,RR,2023-07-16,56,2022-06-19,0.2,0.2,0.4,0.8,2.2,3.8,5.8,7.0,8.4,1,0.5411111111111111,0.5411111111111111,0.0,0.0,1.2000000000000002,True,True,True,True
gru_negbin,dengue,1,RR,2023-07-23,57,2022-06-19,0.0,0.2,0.4,0.8,2.2,3.6,6.0,7.4,8.6,4,0.6966666666666667,0.6077777777777778,0.0,0.08888888888888886,1.7999999999999998,False,True,True,True
gru_negbin,dengue,1,RR,2023-07-30,58,2022-06-19,0.0,0.2,0.4,0.8,2.2,3.6,6.4,7.8,9.4,3,0.5144444444444445,0.5144444444444445,0.0,0.0,0.7999999999999998,True,True,True,True
gru_negbin,dengue,1,RR,2023-08-06,59,2022-06-19,0.0,0.2,0.4,0.8,2.2,4.0,6.6,8.2,9.8,8,2.3033333333333332,1.1033333333333333,0.0,1.2000000000000002,5.8,False,False,True,True
gru_negbin,dengue,1,RR,2023-08-13,60,2022-06-19,0.0,0.2,0.4,0.8,2.2,4.0,6.6,8.2,10.2,21,14.772222222222224,2.5500000000000003,0.0,12.222222222222221,18.8,False,False,False,False
gru_negbin,dengue,1,RR,2023-08-20,61,2022-06-19,0.0,0.2,0.2,0.6,2.2,4.2,6.8,8.6,10.6,11,4.543333333333333,1.476666666666667,0.0,3.066666666666667,8.8,False,False,False,False
gru_negbin,dengue,1,RR,2023-08-27,62,2022-06-19,0.0,0.2,0.2,0.6,2.2,4.6,7.2,9.2,11.0,23,16.183333333333334,2.8499999999999996,0.0,13.333333333333334,20.8,False,False,False,False
gru_negbin,dengue,1,RR,2023-09-03,63,2022-06-19,0.0,0.0,0.2,0.6,2.4,4.6,7.6,9.6,11.8,4,0.7366666666666667,0.7366666666666667,0.0,0.0,1.6,True,True,True,True
gru_negbin,dengue,1,RR,2023-09-10,64,2022-06-19,0.0,0.0,0.2,0.8,2.4,4.8,7.8,10.4,12.6,18,10.398888888888889,2.31,0.0,8.088888888888889,15.6,False,False,False,False
gru_negbin,dengue,1,RR,2023-09-17,65,2022-06-19,0.0,0.0,0.2,0.8,2.4,5.0,8.2,10.6,13.4,14,6.07,1.8922222222222222,0.0,4.177777777777779,11.6,False,False,False,False
gru_negbin,dengue,1,RR,2023-09-24,66,2022-06-19,0.0,0.0,0.2,0.8,2.4,4.8,8.2,11.0,13.2,16,8.062222222222223,2.1066666666666665,0.0,5.955555555555556,13.6,False,False,False,False
gru_negbin,dengue,1,RR,2023-10-01,67,2022-06-19,0.0,0.0,0.2,0.6,2.4,5.0,8.4,11.0,13.6,2,0.668888888888889,0.668888888888889,0.0,0.0,0.3999999999999999,True,True,True,True
gru_negbin,dengue,1,RS,2022-10-09,16,2022-06-19,5.2,6.6,8.4,12.6,17.8,24.6,31.8,36.8,41.0,8,3.921111111111111,2.8100000000000005,1.1111111111111112,0.0,9.8,False,False,True,True
gru_negbin,dengue,1,RS,2022-10-16,17,2022-06-19,5.8,7.0,9.4,13.8,19.8,27.2,35.4,40.6,45.8,14,2.5622222222222226,2.5622222222222226,0.0,0.0,5.800000000000001,True,True,True,True
gru_negbin,dengue,1,RS,2022-10-23,18,2022-06-19,6.0,7.8,10.4,15.4,22.0,30.6,39.4,45.8,51.4,11,4.363333333333333,3.3855555555555554,0.9777777777777779,0.0,11.0,False,True,True,True
gru_negbin,dengue,1,RS,2022-10-30,19,2022-06-19,6.8,8.6,11.2,17.2,24.8,35.0,45.6,52.6,59.2,14,4.4444444444444455,3.7333333333333334,0.7111111111111109,0.0,10.8,False,True,True,True
gru_negbin,dengue,1,RS,2022-11-06,20,2022-06-19,7.0,9.8,12.8,19.4,28.8,40.6,53.4,62.4,70.8,31,3.263333333333333,3.263333333333333,0.0,0.0,2.1999999999999993,True,True,True,True
gru_negbin,dengue,1,RS,2022-11-13,21,2022-06-19,8.0,10.8,14.2,22.0,33.2,47.8,64.2,75.0,85.6,34,3.7777777777777777,3.7777777777777777,0.0,0.0,0.7999999999999972,True,True,True,True
gru_negbin,dengue,1,RS,2022-11-20,22,2022-06-19,8.6,11.4,15.6,25.2,39.0,57.4,78.2,92.2,105.8,35,5.062222222222222,5.062222222222222,0.0,0.0,4.0,True,True,True,True
gru_negbin,dengue,1,RS,2022-11-27,23,2022-06-19,9.2,12.8,17.8,29.0,46.0,69.6,95.4,113.8,131.2,58,7.113333333333333,7.113333333333333,0.0,0.0,12.0,True,True,True,True
gru_negbin,dengue,1,RS,2022-12-04,24,2022-06-19,10.0,14.2,20.0,33.8,55.8,85.0,118.8,142.4,165.0,77,9.681111111111111,9.681111111111111,0.0,0.0,21.200000000000003,True,True,True,True
gru_negbin,dengue,1,RS,2022-12-11,25,2022-06-19,10.8,16.0,23.2,40.0,67.4,105.0,148.4,179.0,208.4,94,12.257777777777777,12.257777777777777,0.0,0.0,26.599999999999994,True,True,True,True
gru_negbin,dengue,1,RS,2022-12-18,26,2022-06-19,12.2,18.0,27.0,48.2,83.6,132.8,190.4,231.6,271.0,91,12.964444444444446,12.964444444444446,0.0,0.0,7.400000000000006,True,True,True,True
gru_negbin,dengue,1,RS,2022-12-25,27,2022-06-19,14.0,21.0,32.2,59.8,106.6,172.8,251.8,308.2,362.8,43,27.086666666666666,23.353333333333335,3.7333333333333325,0.0,63.599999999999994,False,True,True,True
gru_negbin,dengue,1,RS,2023-01-01,28,2022-06-19,17.2,26.4,41.0,77.2,139.4,229.2,336.4,413.6,488.4,13,60.373333333333335,35.973333333333336,24.4,0.0,126.4,False,False,False,False
gru_negbin,dengue,1,RS,2023-01-08,29,2022-06-19,23.6,35.6,55.4,105.4,191.2,315.4,464.4,571.4,675.4,37,66.75222222222223,47.46333333333334,19.28888888888889,0.0,154.2,False,False,True,True
gru_negbin,dengue,1,RS,2023-01-15,30,2022-06-19,33.6,50.8,78.8,149.0,270.6,445.8,656.2,807.2,954.8,19,123.28666666666666,70.79777777777778,52.488888888888894,0.0,251.60000000000002,False,False,False,False
gru_negbin,dengue,1,RS,2023-01-22,31,2022-06-19,50.6,75.6,116.0,217.2,391.0,641.2,940.4,1155.8,1365.2,27,179.71444444444444,101.62555555555555,78.08888888888889,0.0,364.0,False,False,False,False
gru_negbin,dengue,1,RS,2023-01-29,32,2022-06-19,77.0,114.8,174.0,321.6,572.6,933.0,1361.8,1669.6,1968.6,60,244.5244444444444,145.10222222222222,99.42222222222223,0.0,512.6,False,False,False,False
gru_negbin,dengue,1,RS,2023-02-05,33,2022-06-19,116.0,171.0,256.6,468.4,826.2,1336.2,1942.4,2376.0,2797.2,122,321.0911111111111,203.3133333333334,117.77777777777777,0.0,704.2,False,False,False,True
gru_negbin,dengue,1,RS,2023-02-12,34,2022-06-19,171.6,250.4,373.0,672.2,1174.0,1886.6,2730.2,3333.0,3917.8,104,527.4011111111112,293.80111111111114,233.60000000000002,0.0,1070.0,False,False,False,False
gru_negbin,dengue,1,RS,2023-02-19,35,2022-06-19,246.2,355.4,524.6,934.2,1616.6,2581.6,3720.0,4532.4,5319.6,207,667.6166666666667,393.74999999999994,273.86666666666673,0.0,1409.6,False,False,False,False
gru_negbin,dengue,1,RS,2023-02-26,36,2022-06-19,331.2,474.2,694.6,1224.6,2102.2,3336.2,4788.2,5822.4,6823.6,348,798.5511111111111,498.6844444444444,299.8666666666666,0.0,1754.1999999999998,False,False,False,True
gru_negbin,dengue,1,RS,2023-03-05,37,2022-06-19,417.8,593.4,862.0,1503.2,2557.4,4033.6,5764.4,6995.6,8186.6,562,868.3266666666666,585.5266666666668,282.79999999999995,0.0,1995.4,False,False,False,True
gru_negbin,dengue,1,RS,2023-03-12,38,2022-06-19,502.0,707.6,1022.0,1767.6,2988.4,4692.6,6687.6,8104.8,9474.8,960,839.0644444444446,645.82,193.2444444444444,0.0,2028.4,False,False,True,True
gru_negbin,dengue,1,RS,2023-03-19,39,2022-06-19,554.4,778.8,1119.4,1926.6,3243.8,5079.2,7226.0,8750.2,10222.8,1599,708.6866666666667,635.8866666666667,72.79999999999998,0.0,1644.8000000000002,False,True,True,True
gru_negbin,dengue,1,RS,2023-03-26,40,2022-06-19,588.8,823.4,1179.4,2020.2,3389.4,5295.0,7521.0,9100.6,10627.0,2127,610.8611111111112,610.8611111111112,0.0,0.0,1262.4,True,True,True,True
gru_negbin,dengue,1,RS,2023-04-02,41,2022-06-19,586.6,819.8,1172.6,2006.0,3362.8,5250.0,7454.4,9018.8,10530.0,2775,531.4699999999999,531.4699999999999,0.0,0.0,587.8000000000002,True,True,True,True
gru_negbin,dengue,1,RS,2023-04-09,42,2022-06-19,545.4,764.0,1095.0,1877.4,3151.4,4925.2,6998.0,8468.8,9890.4,3423,468.2033333333332,468.2033333333332,0.0,0.0,271.5999999999999,True,True,True,True
gru_negbin,dengue,1,RS,2023-04-16,43,2022-06-19,479.2,671.4,962.6,1650.2,2770.8,4329.4,6150.8,7442.8,8691.4,3891,509.4655555555556,509.4655555555556,0.0,0.0,1120.1999999999998,True,True,True,True
gru_negbin,dengue,1,RS,2023-04-23,44,2022-06-19,402.6,564.4,809.8,1389.0,2331.0,3641.6,5171.6,6257.0,7305.4,3228,423.34,423.34,0.0,0.0,897.0,True,True,True,True
gru_negbin,dengue,1,RS,2023-04-30,45,2022-06-19,317.0,445.0,639.2,1097.6,1844.6,2883.4,4096.8,4957.4,5789.0,3741,657.8733333333333,467.29555555555555,0.0,190.57777777777775,1896.4,False,True,True,True
gru_negbin,dengue,1,RS,2023-05-07,46,2022-06-19,238.8,334.4,479.6,821.4,1376.0,2147.2,3046.6,3684.4,4300.4,3206,664.531111111111,393.81999999999994,0.0,270.71111111111117,1830.0,False,False,True,True
gru_negbin,dengue,1,RS,2023-05-14,47,2022-06-19,173.8,241.6,343.2,579.8,961.2,1487.0,2098.0,2530.2,2946.8,3086,1095.652222222222,366.3188888888889,0.0,729.3333333333334,2124.8,False,False,False,False
gru_negbin,dengue,1,RS,2023-05-21,48,2022-06-19,122.0,167.4,234.2,388.6,633.4,966.8,1351.6,1622.6,1883.2,2354,1072.2622222222224,274.08444444444444,0.0,798.1777777777778,1720.6,False,False,False,False
gru_negbin,dengue,1,RS,2023-05-28,49,2022-06-19,83.4,112.8,155.8,253.2,405.0,610.0,844.0,1008.0,1165.6,1854,1053.941111111111,212.07444444444445,0.0,841.8666666666667,1449.0,False,False,False,False
gru_negbin,dengue,1,RS,2023-06-04,50,2022-06-19,56.0,75.0,102.4,163.4,256.6,381.6,522.8,621.6,715.8,1151,655.5144444444445,130.5811111111111,0.0,524.9333333333333,894.4,False,False,False,False
gru_negbin,dengue,1,RS,2023-06-11,51,2022-06-19,37.4,49.4,67.0,104.6,161.8,237.6,322.2,381.2,437.4,1106,800.6799999999998,123.88000000000001,0.0,676.8,944.2,False,False,False,False
gru_negbin,dengue,1,RS,2023-06-18,52,2022-06-19,24.8,32.6,43.2,66.8,102.0,147.6,198.4,233.4,267.0,459,271.09222222222223,51.18111111111111,0.0,219.91111111111113,357.0,False,False,False,False
gru_negbin,dengue,1,RS,2023-06-25,53,2022-06-19,16.4,21.4,28.2,43.0,64.8,92.6,123.8,144.8,165.0,396,278.9433333333333,43.876666666666665,0.0,235.06666666666666,331.2,False,False,False,False
gru_negbin,dengue,1,RS,2023-07-02,54,2022-06-19,11.4,14.8,19.2,29.4,43.4,61.8,81.6,95.4,108.0,442,364.73,48.90777777777778,0.0,315.8222222222222,398.6,False,False,False,False
gru_negbin,dengue,1,RS,2023-07-09,55,2022-06-19,8.4,10.8,14.4,21.4,31.2,43.6,57.2,66.4,75.2,254,199.84000000000003,27.928888888888892,0.0,171.91111111111115,222.8,False,False,False,False
gru_negbin,dengue,1,RS,2023-07-16,56,2022-06-19,6.2,8.2,11.0,15.8,23.6,32.8,42.6,49.2,55.8,124,83.66666666666667,13.533333333333333,0.0,70.13333333333334,100.4,False,False,False,False
gru_negbin,dengue,1,RS,2023-07-23,57,2022-06-19,5.2,6.6,8.6,12.8,18.8,25.8,33.4,38.8,43.4,115,83.33222222222223,12.532222222222222,0.0,70.80000000000001,96.2,False,False,False,False
gru_negbin,dengue,1,RS,2023-07-30,58,2022-06-19,4.2,5.2,7.0,10.6,15.2,21.0,27.4,31.4,35.2,109,83.24999999999999,11.916666666666666,0.0,71.33333333333333,93.8,False,False,False,False
gru_negbin,dengue,1,RS,2023-08-06,59,2022-06-19,3.4,4.8,6.0,9.0,13.0,18.0,23.0,26.6,30.0,113,91.13444444444445,12.37888888888889,0.0,78.75555555555555,100.0,False,False,False,False
gru_negbin,dengue,1,RS,2023-08-13,60,2022-06-19,3.2,4.2,5.6,8.0,11.6,16.0,20.8,23.6,26.6,76,56.50555555555556,8.283333333333335,0.0,48.22222222222222,64.4,False,False,False,False
gru_negbin,dengue,1,RS,2023-08-20,61,2022-06-19,2.8,3.8,4.8,7.4,10.8,14.8,18.8,22.0,24.6,44,26.02333333333333,4.734444444444446,0.0,21.28888888888889,33.2,False,False,False,False
gru_negbin,dengue,1,RS,2023-08-27,62,2022-06-19,2.6,3.4,4.6,7.2,10.2,14.2,18.4,21.0,23.4,49,31.762222222222217,5.317777777777777,0.0,26.444444444444443,38.8,False,False,False,False
gru_negbin,dengue,1,RS,2023-09-03,63,2022-06-19,2.6,3.4,4.6,7.0,10.0,13.8,17.8,20.4,22.8,18,2.8388888888888886,1.8611111111111112,0.0,0.9777777777777774,8.0,False,False,True,True
gru_negbin,dengue,1,RS,2023-09-10,64,2022-06-19,2.6,3.4,4.4,7.0,10.0,13.8,17.8,20.4,22.8,42,25.243333333333332,4.532222222222222,0.0,20.711111111111112,32.0,False,False,False,False
gru_negbin,dengue,1,RS,2023-09-17,65,2022-06-19,2.6,3.4,4.8,7.0,10.2,14.2,18.2,20.8,23.4,33,15.851111111111111,3.5399999999999996,0.0,12.31111111111111,22.8,False,False,False,False
gru_negbin,dengue,1,RS,2023-09-24,66,2022-06-19,2.8,4.0,5.0,7.6,10.6,15.0,19.2,22.2,24.8,27,8.828888888888889,2.873333333333333,0.0,5.955555555555556,16.4,False,False,False,False
gru_negbin,dengue,1,RS,2023-10-01,67,2022-06-19,3.2,4.4,5.6,8.0,11.8,16.4,20.8,24.0,27.0,39,19.243333333333332,4.176666666666666,0.0,15.066666666666666,27.2,False,False,False,False
gru_negbin,dengue,1,SC,2022-10-09,16,2022-06-19,12.0,14.6,18.0,24.2,32.8,42.8,53.2,60.2,66.6,46,4.803333333333334,4.092222222222222,0.0,0.7111111111111117,13.200000000000003,False,True,True,True
gru_negbin,dengue,1,SC,2022-10-16,17,2022-06-19,12.8,15.6,18.8,26.0,35.0,46.4,58.0,66.0,73.0,45,4.010000000000001,4.010000000000001,0.0,0.0,10.0,True,True,True,True
gru_negbin,dengue,1,SC,2022-10-23,18,2022-06-19,13.4,16.4,20.2,27.6,38.0,50.8,64.2,72.8,81.2,25,5.292222222222222,4.714444444444443,0.5777777777777781,0.0,13.0,False,True,True,True
gru_negbin,dengue,1,SC,2022-10-30,19,2022-06-19,14.0,17.2,21.6,30.2,42.2,56.4,72.0,82.6,92.2,24,7.136666666666667,5.758888888888889,1.3777777777777775,0.0,18.200000000000003,False,True,True,True
gru_negbin,dengue,1,SC,2022-11-06,20,2022-06-19,14.8,18.4,23.2,33.4,47.4,64.4,83.2,96.0,107.6,37,5.588888888888889,5.588888888888889,0.0,0.0,10.399999999999999,True,True,True,True
gru_negbin,dengue,1,SC,2022-11-13,21,2022-06-19,15.4,19.4,25.2,36.8,53.6,75.0,98.2,114.2,129.2,46,6.274444444444445,6.274444444444445,0.0,0.0,7.600000000000001,True,True,True,True
gru_negbin,dengue,1,SC,2022-11-20,22,2022-06-19,15.8,20.4,26.6,40.4,61.0,87.2,116.4,136.2,155.6,55,7.325555555555557,7.325555555555557,0.0,0.0,6.0,True,True,True,True
gru_negbin,dengue,1,SC,2022-11-27,23,2022-06-19,15.6,20.8,28.2,44.8,70.2,103.4,141.4,168.0,193.0,80,9.481111111111112,9.481111111111112,0.0,0.0,9.799999999999997,True,True,True,True
gru_negbin,dengue,1,SC,2022-12-04,24,2022-06-19,15.2,21.0,29.8,50.0,81.8,124.6,174.4,209.0,242.8,131,17.6,16.177777777777777,0.0,1.4222222222222234,49.2,False,True,True,True
gru_negbin,dengue,1,SC,2022-12-11,25,2022-06-19,15.4,22.4,32.4,56.6,95.8,150.6,215.2,261.0,305.0,136,18.01111111111111,18.01111111111111,0.0,0.0,40.2,True,True,True,True
gru_negbin,dengue,1,SC,2022-12-18,26,2022-06-19,16.0,23.6,35.6,64.4,113.8,184.2,267.6,327.6,385.8,165,22.932222222222222,22.932222222222222,0.0,0.0,51.2,True,True,True,True
gru_negbin,dengue,1,SC,2022-12-25,27,2022-06-19,17.0,25.6,39.8,75.2,137.4,228.6,338.2,417.4,494.8,95,26.87222222222222,26.87222222222222,0.0,0.0,42.400000000000006,True,True,True,True
gru_negbin,dengue,1,SC,2023-01-01,28,2022-06-19,19.0,29.8,47.0,92.0,173.4,294.2,441.8,549.2,654.4,61,48.68555555555556,41.79666666666667,6.888888888888889,0.0,112.4,False,True,True,True
gru_negbin,dengue,1,SC,2023-01-08,29,2022-06-19,22.6,35.6,56.8,114.2,218.4,377.2,573.4,716.8,857.6,75,62.943333333333335,54.23222222222222,8.711111111111112,0.0,143.4,False,True,True,True
gru_negbin,dengue,1,SC,2023-01-15,30,2022-06-19,27.6,43.2,69.6,140.8,275.0,482.4,741.8,932.6,1120.8,98,79.04888888888888,69.53777777777776,9.511111111111113,0.0,177.0,False,True,True,True
gru_negbin,dengue,1,SC,2023-01-22,31,2022-06-19,34.6,53.6,86.0,174.6,343.6,608.2,942.8,1190.0,1434.2,173,82.84222222222223,82.48666666666668,0.3555555555555543,0.0,170.60000000000002,False,True,True,True
gru_negbin,dengue,1,SC,2023-01-29,32,2022-06-19,45.0,68.8,109.0,220.4,434.2,772.8,1202.0,1520.6,1835.8,343,91.1911111111111,91.1911111111111,0.0,0.0,91.19999999999999,True,True,True,True
gru_negbin,dengue,1,SC,2023-02-05,33,2022-06-19,58.2,88.2,139.2,278.0,544.4,964.6,1497.6,1892.8,2284.2,524,103.01555555555554,103.01555555555554,0.0,0.0,20.399999999999977,True,True,True,True
gru_negbin,dengue,1,SC,2023-02-12,34,2022-06-19,73.0,110.2,172.0,340.4,660.6,1163.2,1797.8,2267.6,2732.0,623,124.7611111111111,124.7611111111111,0.0,0.0,37.60000000000002,True,True,True,True
gru_negbin,dengue,1,SC,2023-02-19,35,2022-06-19,84.8,127.2,198.2,391.0,755.6,1324.4,2040.8,2569.6,3092.2,806,142.24777777777777,142.24777777777777,0.0,0.0,50.39999999999998,True,True,True,True
gru_negbin,dengue,1,SC,2023-02-26,36,2022-06-19,95.8,143.8,223.8,437.4,836.0,1449.4,2215.6,2779.0,3334.4,1629,275.77888888888884,235.86777777777777,0.0,39.91111111111109,793.0,False,True,True,True
gru_negbin,dengue,1,SC,2023-03-05,37,2022-06-19,105.2,156.6,240.4,463.2,869.4,1486.0,2248.4,2806.0,3354.0,2550,639.1311111111111,335.6644444444444,0.0,303.46666666666664,1680.6,False,False,True,True
gru_negbin,dengue,1,SC,2023-03-12,38,2022-06-19,108.8,161.6,247.4,472.0,877.6,1486.6,2234.8,2780.6,3316.0,4311,2179.1600000000003,528.9377777777777,0.0,1650.2222222222222,3433.4,False,False,False,False
gru_negbin,dengue,1,SC,2023-03-19,39,2022-06-19,112.2,165.6,252.6,477.2,878.0,1474.2,2202.6,2732.2,3250.8,6848,4748.498888888888,808.01,0.0,3940.488888888889,5970.0,False,False,False,False
gru_negbin,dengue,1,SC,2023-03-26,40,2022-06-19,114.4,168.4,256.0,479.6,874.6,1458.6,2168.8,2683.6,3186.8,9873,7807.111111111111,1141.7333333333333,0.0,6665.377777777778,8998.4,False,False,False,False
gru_negbin,dengue,1,SC,2023-04-02,41,2022-06-19,114.6,169.0,256.6,479.4,870.4,1445.0,2140.6,2644.2,3135.8,12109,10070.842222222222,1388.531111111111,0.0,8682.311111111112,11238.6,False,False,False,False
gru_negbin,dengue,1,SC,2023-04-09,42,2022-06-19,111.8,165.6,251.6,468.6,845.2,1394.8,2056.4,2533.6,2999.2,13011,11054.558888888889,1485.6699999999998,0.0,9568.888888888889,12165.8,False,False,False,False
gru_negbin,dengue,1,SC,2023-04-16,43,2022-06-19,104.4,155.4,236.8,440.8,793.4,1304.8,1918.6,2360.8,2791.4,13663,11838.405555555557,1554.7611111111112,0.0,10283.644444444444,12869.6,False,False,False,False
gru_negbin,dengue,1,SC,2023-04-23,44,2022-06-19,93.0,138.8,211.8,393.8,706.6,1158.6,1699.8,2089.2,2467.6,12840,11224.085555555554,1458.5744444444442,0.0,9765.511111111111,12133.4,False,False,False,False
gru_negbin,dengue,1,SC,2023-04-30,45,2022-06-19,79.2,118.0,180.0,334.6,599.4,980.2,1435.8,1763.0,2081.6,12822,11457.33111111111,1451.2422222222222,0.0,10006.08888888889,12222.6,False,False,False,False
gru_negbin,dengue,1,SC,2023-05-07,46,2022-06-19,64.0,95.8,145.8,271.2,484.4,791.0,1157.0,1419.6,1675.2,12733,11633.564444444444,1435.9644444444443,0.0,10197.599999999999,12248.6,False,False,False,False
gru_negbin,dengue,1,SC,2023-05-14,47,2022-06-19,50.2,75.2,114.4,212.0,378.0,616.2,900.2,1103.6,1301.6,10460,9604.829999999998,1178.5188888888888,0.0,8426.311111111112,10082.0,False,False,False,False
gru_negbin,dengue,1,SC,2023-05-21,48,2022-06-19,39.6,58.6,88.0,160.4,282.4,455.6,660.8,807.2,949.6,7222,6594.635555555556,813.568888888889,0.0,5781.066666666666,6939.6,False,False,False,False
gru_negbin,dengue,1,SC,2023-05-28,49,2022-06-19,31.0,44.8,66.4,118.2,204.2,324.8,467.2,568.6,666.8,6145,5701.514444444445,689.8255555555556,0.0,5011.68888888889,5940.8,False,False,False,False
gru_negbin,dengue,1,SC,2023-06-04,50,2022-06-19,23.2,33.2,48.6,85.0,144.4,227.2,323.6,392.4,458.6,4641,4333.865555555556,520.0433333333335,0.0,3813.8222222222225,4496.6,False,False,False,False
gru_negbin,dengue,1,SC,2023-06-11,51,2022-06-19,17.6,25.2,36.4,62.6,104.4,162.2,229.2,276.4,322.2,4080,3862.701111111111,456.0344444444444,0.0,3406.6666666666665,3975.6,False,False,False,False
gru_negbin,dengue,1,SC,2023-06-18,52,2022-06-19,13.8,19.4,27.6,46.8,76.8,117.4,164.6,198.0,229.6,2525,2368.9277777777775,282.1722222222222,0.0,2086.7555555555555,2448.2,False,False,False,False
gru_negbin,dengue,1,SC,2023-06-25,53,2022-06-19,11.2,15.2,21.6,35.4,57.4,86.6,120.0,143.4,165.8,1919,1805.3144444444447,214.15888888888887,0.0,1591.1555555555556,1861.6,False,False,False,False
gru_negbin,dengue,1,SC,2023-07-02,54,2022-06-19,9.0,12.4,17.2,27.8,44.0,66.0,90.4,107.2,123.6,1638,1552.5055555555557,182.55,0.0,1369.9555555555553,1594.0,False,False,False,False
gru_negbin,dengue,1,SC,2023-07-09,55,2022-06-19,7.6,10.2,14.4,22.8,35.2,51.6,70.2,82.8,95.0,1100,1033.6433333333334,122.44333333333336,0.0,911.1999999999999,1064.8,False,False,False,False
gru_negbin,dengue,1,SC,2023-07-16,56,2022-06-19,6.8,8.8,12.0,18.8,28.6,41.8,56.0,65.8,75.2,742,689.0244444444446,82.53555555555555,0.0,606.4888888888888,713.4,False,False,False,False
gru_negbin,dengue,1,SC,2023-07-23,57,2022-06-19,6.0,7.8,10.6,16.0,24.2,34.6,45.8,53.8,61.0,486,442.56555555555553,53.94333333333334,0.0,388.6222222222222,461.8,False,False,False,False
gru_negbin,dengue,1,SC,2023-07-30,58,2022-06-19,5.6,7.0,9.4,14.2,21.0,29.4,38.8,45.0,50.6,464,427.4366666666667,51.39222222222222,0.0,376.0444444444444,443.0,False,False,False,False
gru_negbin,dengue,1,SC,2023-08-06,59,2022-06-19,4.8,6.4,8.4,12.6,18.4,25.4,33.2,38.4,43.2,341,309.63111111111107,37.675555555555555,0.0,271.9555555555556,322.6,False,False,False,False
gru_negbin,dengue,1,SC,2023-08-13,60,2022-06-19,4.2,6.0,7.8,11.0,16.2,22.8,29.4,33.8,38.4,349,321.19,38.612222222222215,0.0,282.5777777777778,332.8,False,False,False,False
gru_negbin,dengue,1,SC,2023-08-20,61,2022-06-19,4.2,5.6,7.2,10.6,15.4,20.8,26.6,30.6,34.4,250,224.75444444444443,27.509999999999998,0.0,197.24444444444444,234.6,False,False,False,False
gru_negbin,dengue,1,SC,2023-08-27,62,2022-06-19,4.0,5.4,7.0,10.0,14.2,19.4,25.0,28.6,32.0,245,221.42444444444448,26.98,0.0,194.44444444444446,230.8,False,False,False,False
gru_negbin,dengue,1,SC,2023-09-03,63,2022-06-19,4.0,5.2,6.6,9.8,13.8,18.8,23.8,27.2,30.4,237,214.4733333333333,26.07333333333333,0.0,188.4,223.2,False,False,False,False
gru_negbin,dengue,1,SC,2023-09-10,64,2022-06-19,4.2,5.4,6.6,9.6,13.4,18.4,23.4,26.6,29.4,268,246.01555555555555,29.526666666666667,0.0,216.4888888888889,254.6,False,False,False,False
gru_negbin,dengue,1,SC,2023-09-17,65,2022-06-19,4.2,5.2,6.6,9.6,13.2,18.2,23.2,26.4,29.2,258,236.1988888888889,28.421111111111113,0.0,207.77777777777777,244.8,False,False,False,False
gru_negbin,dengue,1,SC,2023-09-24,66,2022-06-19,4.2,5.4,7.0,9.8,14.0,18.4,23.2,26.8,29.8,205,182.84000000000003,22.44,0.0,160.39999999999998,191.0,False,False,False,False
gru_negbin,dengue,1,SC,2023-10-01,67,2022-06-19,4.6,5.8,7.2,10.2,14.4,19.2,24.4,28.0,31.0,185,161.87555555555554,20.231111111111108,0.0,141.64444444444445,170.6,False,False,False,False
gru_negbin,dengue,1,SE,2022-10-09,16,2022-06-19,11.2,17.2,26.8,49.8,89.0,146.0,213.4,261.8,309.0,43,20.485555555555557,18.974444444444444,1.5111111111111104,0.0,46.0,False,True,True,True
gru_negbin,dengue,1,SE,2022-10-16,17,2022-06-19,10.6,16.0,25.0,47.0,85.2,139.8,205.6,252.6,298.6,38,20.642222222222223,18.642222222222223,2.0,0.0,47.2,False,True,True,True
gru_negbin,dengue,1,SE,2022-10-23,18,2022-06-19,9.8,14.8,22.8,44.0,80.0,132.0,194.6,239.8,283.8,34,20.06222222222222,17.84,2.2222222222222223,0.0,46.0,False,True,True,True
gru_negbin,dengue,1,SE,2022-10-30,19,2022-06-19,8.6,13.2,20.8,40.4,74.6,124.0,184.0,227.4,269.4,29,19.7,17.166666666666668,2.533333333333333,0.0,45.599999999999994,False,True,True,True
gru_negbin,dengue,1,SE,2022-11-06,20,2022-06-19,7.4,11.6,18.8,37.0,68.8,116.0,173.2,214.4,254.6,13,24.268888888888892,17.646666666666665,6.622222222222223,0.0,55.8,False,False,True,True
gru_negbin,dengue,1,SE,2022-11-13,21,2022-06-19,6.4,10.6,16.8,33.8,62.8,106.4,158.8,197.2,234.4,9,24.106666666666666,16.506666666666664,7.599999999999999,0.0,53.8,False,False,False,True
gru_negbin,dengue,1,SE,2022-11-20,22,2022-06-19,5.6,9.2,15.2,30.2,57.2,97.0,146.0,181.2,215.6,7,22.74,15.273333333333332,7.466666666666665,0.0,50.2,False,False,False,True
gru_negbin,dengue,1,SE,2022-11-27,23,2022-06-19,5.2,8.2,13.4,27.4,51.8,89.0,134.2,166.8,199.2,8,19.36888888888889,13.813333333333333,5.5555555555555545,0.0,43.8,False,False,False,True
gru_negbin,dengue,1,SE,2022-12-04,24,2022-06-19,4.4,7.2,12.0,24.8,47.8,82.2,124.4,155.0,184.8,8,17.375555555555554,12.753333333333334,4.622222222222223,0.0,39.8,False,False,True,True
gru_negbin,dengue,1,SE,2022-12-11,25,2022-06-19,3.8,6.6,11.0,22.6,43.8,76.0,115.2,144.0,172.0,2,20.387777777777778,12.387777777777778,8.0,0.0,41.8,False,False,False,False
gru_negbin,dengue,1,SE,2022-12-18,26,2022-06-19,3.4,5.8,9.8,20.6,40.2,70.2,107.0,133.8,160.2,4,16.608888888888888,11.231111111111112,5.377777777777778,0.0,36.2,False,False,False,True
gru_negbin,dengue,1,SE,2022-12-25,27,2022-06-19,3.2,5.2,8.8,19.0,37.6,65.6,100.2,125.4,150.2,13,10.838888888888889,9.505555555555555,1.3333333333333333,0.0,24.6,False,True,True,True
gru_negbin,dengue,1,SE,2023-01-01,28,2022-06-19,3.0,5.0,8.6,18.2,35.8,62.2,94.8,118.8,142.0,50,7.974444444444444,7.974444444444444,0.0,0.0,14.200000000000003,True,True,True,True
gru_negbin,dengue,1,SE,2023-01-08,29,2022-06-19,2.8,5.0,8.4,17.8,34.2,59.8,91.2,113.8,136.4,44,7.213333333333332,7.213333333333332,0.0,0.0,9.799999999999997,True,True,True,True
gru_negbin,dengue,1,SE,2023-01-15,30,2022-06-19,2.8,4.8,8.4,17.2,33.6,58.4,88.4,110.4,131.8,43,7.001111111111111,7.001111111111111,0.0,0.0,9.399999999999999,True,True,True,True
gru_negbin,dengue,1,SE,2023-01-22,31,2022-06-19,2.8,4.8,8.6,17.4,33.6,58.0,88.0,109.4,130.8,56,8.382222222222222,8.382222222222222,0.0,0.0,22.4,True,True,True,True
gru_negbin,dengue,1,SE,2023-01-29,32,2022-06-19,3.0,5.2,8.8,17.8,34.4,58.8,88.8,110.6,131.8,75,14.053333333333335,10.453333333333333,0.0,3.6000000000000005,40.6,False,True,True,True
gru_negbin,dengue,1,SE,2023-02-05,33,2022-06-19,3.6,5.6,9.2,18.4,35.4,60.6,91.2,113.4,135.0,63,9.694444444444445,9.161111111111111,0.0,0.533333333333333,27.6,False,True,True,True
gru_negbin,dengue,1,SE,2023-02-12,34,2022-06-19,3.6,5.6,9.6,19.6,37.2,63.4,95.2,118.2,141.0,38,6.438888888888888,6.438888888888888,0.0,0.0,0.7999999999999972,True,True,True,True
gru_negbin,dengue,1,SE,2023-02-19,35,2022-06-19,3.8,6.4,10.4,21.0,39.6,67.2,100.4,124.6,148.6,54,8.284444444444444,8.284444444444444,0.0,0.0,14.399999999999999,True,True,True,True
gru_negbin,dengue,1,SE,2023-02-26,36,2022-06-19,3.8,6.4,11.0,21.8,41.2,69.8,104.6,129.6,154.2,64,9.484444444444444,9.484444444444444,0.0,0.0,22.799999999999997,True,True,True,True
gru_negbin,dengue,1,SE,2023-03-05,37,2022-06-19,4.0,6.6,11.0,22.6,42.6,72.8,108.8,135.2,161.0,55,8.64111111111111,8.64111111111111,0.0,0.0,12.399999999999999,True,True,True,True
gru_negbin,dengue,1,SE,2023-03-12,38,2022-06-19,4.2,7.0,11.6,23.4,44.8,76.8,115.6,143.2,170.8,75,11.072222222222223,11.072222222222223,0.0,0.0,30.200000000000003,True,True,True,True
gru_negbin,dengue,1,SE,2023-03-19,39,2022-06-19,4.4,7.6,12.4,25.4,48.6,83.2,124.8,155.4,185.2,63,9.955555555555556,9.955555555555556,0.0,0.0,14.399999999999999,True,True,True,True
gru_negbin,dengue,1,SE,2023-03-26,40,2022-06-19,5.0,8.0,13.6,27.6,52.8,90.2,136.2,169.4,201.6,81,12.221111111111112,12.221111111111112,0.0,0.0,28.200000000000003,True,True,True,True
gru_negbin,dengue,1,SE,2023-04-02,41,2022-06-19,5.2,8.4,14.4,30.0,57.0,97.8,147.8,183.8,219.4,59,10.092222222222222,10.092222222222222,0.0,0.0,2.0,True,True,True,True
gru_negbin,dengue,1,SE,2023-04-09,42,2022-06-19,6.0,9.8,16.0,33.0,63.2,108.2,163.4,203.2,242.4,85,13.337777777777777,13.337777777777777,0.0,0.0,21.799999999999997,True,True,True,True
gru_negbin,dengue,1,SE,2023-04-16,43,2022-06-19,6.6,10.8,17.8,36.4,70.2,119.6,180.6,225.0,268.2,72,12.273333333333332,12.273333333333332,0.0,0.0,1.7999999999999972,True,True,True,True
gru_negbin,dengue,1,SE,2023-04-23,44,2022-06-19,7.0,11.6,19.0,39.4,76.2,130.8,197.6,246.4,294.0,56,15.494444444444447,15.494444444444447,0.0,0.0,20.200000000000003,True,True,True,True
gru_negbin,dengue,1,SE,2023-04-30,45,2022-06-19,7.6,12.6,20.8,42.8,83.2,142.8,216.4,269.6,322.0,86,14.815555555555553,14.815555555555553,0.0,0.0,2.799999999999997,True,True,True,True
gru_negbin,dengue,1,SE,2023-05-07,46,2022-06-19,8.4,13.8,22.8,46.8,89.4,153.2,231.2,287.8,343.2,81,16.38,16.38,0.0,0.0,8.400000000000006,True,True,True,True
gru_negbin,dengue,1,SE,2023-05-14,47,2022-06-19,9.2,15.2,24.6,49.0,93.8,159.4,239.4,297.6,354.2,67,18.938888888888886,18.938888888888886,0.0,0.0,26.799999999999997,True,True,True,True
gru_negbin,dengue,1,SE,2023-05-21,48,2022-06-19,9.6,15.6,25.2,51.2,96.2,163.4,244.6,303.4,360.6,67,19.501111111111115,19.501111111111115,0.0,0.0,29.200000000000003,True,True,True,True
gru_negbin,dengue,1,SE,2023-05-28,49,2022-06-19,10.4,16.2,27.0,53.0,99.2,167.0,249.2,308.6,366.4,119,18.697777777777777,18.697777777777777,0.0,0.0,19.799999999999997,True,True,True,True
gru_negbin,dengue,1,SE,2023-06-04,50,2022-06-19,10.8,17.4,27.8,54.6,101.6,170.6,253.4,313.4,372.0,109,17.575555555555557,17.575555555555557,0.0,0.0,7.400000000000006,True,True,True,True
gru_negbin,dengue,1,SE,2023-06-11,51,2022-06-19,11.4,18.2,28.4,56.0,103.4,173.0,257.2,317.8,376.8,127,19.565555555555555,19.565555555555555,0.0,0.0,23.599999999999994,True,True,True,True
gru_negbin,dengue,1,SE,2023-06-18,52,2022-06-19,11.4,18.0,28.6,56.0,103.2,172.6,255.6,315.8,374.4,85,18.869999999999997,18.869999999999997,0.0,0.0,18.200000000000003,True,True,True,True
gru_negbin,dengue,1,SE,2023-06-25,53,2022-06-19,11.8,18.0,28.4,55.4,102.0,170.4,253.0,312.8,371.0,103,16.76222222222222,16.76222222222222,0.0,0.0,1.0,True,True,True,True
gru_negbin,dengue,1,SE,2023-07-02,54,2022-06-19,11.4,17.6,27.8,54.2,100.4,168.8,251.6,311.0,369.6,124,19.212222222222223,19.212222222222223,0.0,0.0,23.599999999999994,True,True,True,True
gru_negbin,dengue,1,SE,2023-07-09,55,2022-06-19,11.0,17.2,27.4,53.2,99.2,167.2,249.4,309.4,367.8,85,18.07333333333333,18.07333333333333,0.0,0.0,14.200000000000003,True,True,True,True
gru_negbin,dengue,1,SE,2023-07-16,56,2022-06-19,10.4,16.6,26.4,51.8,96.8,163.2,244.4,303.2,360.6,105,17.074444444444442,17.074444444444442,0.0,0.0,8.200000000000003,True,True,True,True
gru_negbin,dengue,1,SE,2023-07-23,57,2022-06-19,9.8,15.8,25.0,49.8,93.0,157.6,236.0,292.8,348.4,72,17.97,17.97,0.0,0.0,21.0,True,True,True,True
gru_negbin,dengue,1,SE,2023-07-30,58,2022-06-19,9.4,14.8,24.0,47.2,89.0,151.4,227.6,282.8,337.0,59,18.444444444444443,18.444444444444443,0.0,0.0,30.0,True,True,True,True
gru_negbin,dengue,1,SE,2023-08-06,59,2022-06-19,8.6,13.6,22.4,44.4,84.6,144.6,218.2,271.4,323.6,84,14.598888888888887,14.598888888888887,0.0,0.0,0.5999999999999943,True,True,True,True
gru_negbin,dengue,1,SE,2023-08-13,60,2022-06-19,8.0,12.8,20.4,42.0,80.2,138.2,209.0,260.6,311.2,75,14.551111111111112,14.551111111111112,0.0,0.0,5.200000000000003,True,True,True,True
gru_negbin,dengue,1,SE,2023-08-20,61,2022-06-19,7.2,11.8,19.2,39.4,76.6,133.0,202.6,253.2,302.8,69,14.444444444444441,14.444444444444441,0.0,0.0,7.599999999999994,True,True,True,True
gru_negbin,dengue,1,SE,2023-08-27,62,2022-06-19,6.8,11.2,18.4,38.0,74.0,128.8,196.4,245.6,294.2,57,15.09,15.09,0.0,0.0,17.0,True,True,True,True
gru_negbin,dengue,1,SE,2023-09-03,63,2022-06-19,6.2,10.6,17.6,36.8,72.0,125.2,190.6,238.6,285.6,53,14.952222222222225,14.952222222222225,0.0,0.0,19.0,True,True,True,True
gru_negbin,dengue,1,SE,2023-09-10,64,2022-06-19,6.0,10.2,17.4,36.0,70.4,122.2,185.8,232.6,278.2,36,16.336666666666666,16.336666666666666,0.0,0.0,34.400000000000006,True,True,True,True
gru_negbin,dengue,1,SE,2023-09-17,65,2022-06-19,5.8,9.6,16.4,34.6,67.6,117.2,178.4,223.0,267.0,51,13.855555555555556,13.855555555555556,0.0,0.0,16.599999999999994,True,True,True,True
gru_negbin,dengue,1,SE,2023-09-24,66,2022-06-19,5.4,9.2,15.4,33.0,64.4,112.0,170.2,213.0,255.2,38,14.414444444444447,14.414444444444447,0.0,0.0,26.400000000000006,True,True,True,True
gru_negbin,dengue,1,SE,2023-10-01,67,2022-06-19,5.0,8.4,14.8,31.2,61.2,106.8,162.8,204.0,244.4,30,14.725555555555555,14.458888888888888,0.2666666666666665,0.0,31.200000000000003,False,True,True,True
gru_negbin,dengue,1,SP,2022-10-09,16,2022-06-19,213.2,239.6,272.6,334.4,413.4,504.2,596.0,655.8,710.6,684,119.85222222222222,54.07444444444444,0.0,65.77777777777779,270.6,False,False,False,True
gru_negbin,dengue,1,SP,2022-10-16,17,2022-06-19,219.4,247.6,282.8,349.6,435.4,533.8,634.2,699.6,759.6,716,119.55444444444444,57.243333333333325,0.0,62.3111111111111,280.6,False,False,False,True
gru_negbin,dengue,1,SP,2022-10-23,18,2022-06-19,228.8,260.0,299.0,373.0,468.8,579.8,692.8,767.0,835.2,747,109.35333333333335,60.153333333333336,0.0,49.20000000000002,278.2,False,False,True,True
gru_negbin,dengue,1,SP,2022-10-30,19,2022-06-19,242.0,276.8,321.8,406.8,518.2,648.2,781.6,869.4,950.4,749,82.19333333333333,59.79333333333333,0.0,22.39999999999999,230.79999999999995,False,True,True,True
gru_negbin,dengue,1,SP,2022-11-06,20,2022-06-19,256.8,297.8,350.0,451.4,585.4,743.6,908.0,1016.8,1117.4,895,109.44777777777779,75.80333333333334,0.0,33.64444444444444,309.6,False,True,True,True
gru_negbin,dengue,1,SP,2022-11-13,21,2022-06-19,272.8,321.4,384.0,507.8,674.0,873.4,1082.8,1222.4,1352.2,957,101.87,83.29222222222222,0.0,18.577777777777783,283.0,False,True,True,True
gru_negbin,dengue,1,SP,2022-11-20,22,2022-06-19,283.8,340.6,415.4,565.6,771.8,1023.0,1290.4,1470.2,1638.0,1131,128.84111111111113,104.84111111111112,0.0,24.0,359.20000000000005,False,True,True,True
gru_negbin,dengue,1,SP,2022-11-27,23,2022-06-19,293.0,359.4,448.4,631.0,888.0,1207.4,1552.2,1785.6,2005.6,1361,168.6011111111111,134.46777777777777,0.0,34.13333333333331,473.0,False,True,True,True
gru_negbin,dengue,1,SP,2022-12-04,24,2022-06-19,298.8,376.6,483.4,708.2,1033.8,1448.4,1904.0,2215.4,2511.0,1651,219.01222222222222,173.99,0.0,45.022222222222204,617.2,False,True,True,True
gru_negbin,dengue,1,SP,2022-12-11,25,2022-06-19,304.8,395.4,523.4,802.0,1218.8,1763.0,2371.6,2792.8,3194.0,2090,306.61555555555555,233.9488888888889,0.0,72.66666666666667,871.2,False,True,True,True
gru_negbin,dengue,1,SP,2022-12-18,26,2022-06-19,321.2,428.8,584.2,932.0,1468.6,2185.6,3000.2,3569.4,4114.6,1624,196.57000000000002,196.57000000000002,0.0,0.0,155.4000000000001,True,True,True,True
gru_negbin,dengue,1,SP,2022-12-25,27,2022-06-19,357.8,487.4,679.8,1121.0,1818.4,2767.8,3860.8,4629.6,5369.2,1321,291.31,291.31,0.0,0.0,497.4000000000001,True,True,True,True
gru_negbin,dengue,1,SP,2023-01-01,28,2022-06-19,416.2,575.8,816.8,1380.6,2290.6,3547.8,5009.4,6043.4,7040.6,2607,346.27777777777777,346.27777777777777,0.0,0.0,316.4000000000001,True,True,True,True
gru_negbin,dengue,1,SP,2023-01-08,29,2022-06-19,508.0,706.6,1007.8,1719.2,2876.2,4483.8,6359.8,7690.2,8975.0,2811,404.40111111111105,404.40111111111105,0.0,0.0,65.19999999999982,True,True,True,True
gru_negbin,dengue,1,SP,2023-01-15,30,2022-06-19,651.0,901.4,1280.0,2170.2,3612.0,5609.6,7936.6,9585.0,11176.4,3671,500.5166666666667,500.5166666666667,0.0,0.0,59.0,True,True,True,True
gru_negbin,dengue,1,SP,2023-01-22,31,2022-06-19,867.8,1187.0,1663.4,2767.4,4531.6,6951.0,9750.4,11726.0,13629.2,4862,636.8411111111111,636.8411111111111,0.0,0.0,330.39999999999964,True,True,True,True
gru_negbin,dengue,1,SP,2023-01-29,32,2022-06-19,1133.0,1527.0,2107.0,3430.8,5513.6,8338.8,11583.0,13862.8,16053.4,6361,797.3555555555554,797.3555555555554,0.0,0.0,847.3999999999996,True,True,True,True
gru_negbin,dengue,1,SP,2023-02-05,33,2022-06-19,1422.4,1893.2,2579.0,4123.2,6521.8,9743.8,13419.6,15993.0,18460.2,8269,998.61,998.61,0.0,0.0,1747.1999999999998,True,True,True,True
gru_negbin,dengue,1,SP,2023-02-12,34,2022-06-19,1733.4,2281.6,3072.2,4831.2,7530.8,11125.0,15199.8,18042.8,20762.4,9431,1111.132222222222,1111.132222222222,0.0,0.0,1900.1999999999998,True,True,True,True
gru_negbin,dengue,1,SP,2023-02-19,35,2022-06-19,2014.4,2624.0,3495.0,5411.2,8320.8,12161.8,16492.4,19503.4,22379.0,10637,1221.9055555555558,1221.9055555555558,0.0,0.0,2316.2000000000007,True,True,True,True
gru_negbin,dengue,1,SP,2023-02-26,36,2022-06-19,2254.8,2911.8,3842.4,5871.6,8922.2,12919.4,17401.8,20508.8,23470.8,14223,1884.9199999999998,1595.231111111111,0.0,289.688888888889,5300.799999999999,False,True,True,True
gru_negbin,dengue,1,SP,2023-03-05,37,2022-06-19,2501.2,3200.6,4183.8,6305.0,9460.6,13561.8,18135.0,21295.2,24301.6,17177,2696.102222222222,1892.7244444444445,0.0,803.377777777778,7716.4,False,True,True,True
gru_negbin,dengue,1,SP,2023-03-12,38,2022-06-19,2753.0,3489.4,4514.2,6701.6,9919.0,14063.2,18655.0,21815.6,24816.2,19554,3539.9266666666663,2119.971111111111,0.0,1419.9555555555553,9635.0,False,False,True,True
gru_negbin,dengue,1,SP,2023-03-19,39,2022-06-19,2941.0,3698.8,4746.4,6961.6,10191.4,14321.6,18874.4,21999.2,24960.0,23368,5825.643333333333,2512.5766666666664,0.0,3313.066666666666,13176.6,False,False,False,True
gru_negbin,dengue,1,SP,2023-03-26,40,2022-06-19,3095.4,3873.2,4942.6,7190.6,10446.4,14588.0,19136.8,22251.4,25199.0,25346,7199.748888888889,2708.9044444444444,0.0,4490.844444444444,14899.6,False,False,False,False
gru_negbin,dengue,1,SP,2023-04-02,41,2022-06-19,3149.2,3934.8,5013.4,7274.4,10539.4,14683.6,19227.6,22335.4,25274.8,24744,6629.908888888888,2633.1533333333336,0.0,3996.755555555556,14204.6,False,False,False,True
gru_negbin,dengue,1,SP,2023-04-09,42,2022-06-19,3056.0,3816.8,4858.8,7038.4,10179.8,14160.0,18518.0,21497.0,24312.4,26166,8606.986666666668,2789.9644444444443,0.0,5817.022222222222,15986.2,False,False,False,False
gru_negbin,dengue,1,SP,2023-04-16,43,2022-06-19,2873.8,3589.8,4570.2,6619.8,9570.4,13305.8,17393.0,20185.0,22824.2,22349,5963.288888888888,2371.4666666666667,0.0,3591.8222222222225,12778.6,False,False,False,True
gru_negbin,dengue,1,SP,2023-04-23,44,2022-06-19,2652.0,3314.2,4220.4,6114.4,8840.4,12290.0,16063.8,18641.8,21078.2,18693,3992.216666666667,1973.6833333333334,0.0,2018.5333333333338,9852.6,False,False,False,True
gru_negbin,dengue,1,SP,2023-04-30,45,2022-06-19,2353.0,2937.2,3735.6,5401.4,7794.2,10817.6,14121.6,16377.0,18507.0,18066,4774.7088888888875,1912.0866666666666,0.0,2862.6222222222223,10271.8,False,False,False,True
gru_negbin,dengue,1,SP,2023-05-07,46,2022-06-19,2011.8,2505.0,3177.4,4577.0,6580.6,9106.2,11861.4,13740.2,15513.4,16828,5580.999999999999,1783.0444444444445,0.0,3797.9555555555553,10247.4,False,False,False,False
gru_negbin,dengue,1,SP,2023-05-14,47,2022-06-19,1657.4,2058.6,2604.6,3737.8,5355.6,7390.4,9606.2,11115.6,12539.6,13732,4622.803333333333,1450.3144444444442,0.0,3172.4888888888886,8376.4,False,False,False,False
gru_negbin,dengue,1,SP,2023-05-21,48,2022-06-19,1310.4,1618.4,2036.0,2897.4,4119.6,5650.2,7311.2,8440.4,9504.0,8174,1594.5466666666669,841.9688888888888,0.0,752.5777777777779,4054.3999999999996,False,False,True,True
gru_negbin,dengue,1,SP,2023-05-28,49,2022-06-19,1004.8,1232.2,1537.8,2164.6,3047.6,4146.2,5333.2,6137.8,6894.6,6067,1207.058888888889,617.1477777777778,0.0,589.9111111111112,3019.4,False,False,True,True
gru_negbin,dengue,1,SP,2023-06-04,50,2022-06-19,767.0,934.6,1159.4,1617.0,2257.8,3050.8,3903.6,4481.0,5022.8,4292,791.8411111111112,429.7077777777778,0.0,362.1333333333333,2034.1999999999998,False,False,True,True
gru_negbin,dengue,1,SP,2023-06-11,51,2022-06-19,594.2,720.0,888.4,1228.8,1703.0,2286.8,2913.0,3335.6,3732.2,3507,791.9533333333334,350.7088888888889,0.0,441.2444444444444,1804.0,False,False,False,True
gru_negbin,dengue,1,SP,2023-06-18,52,2022-06-19,470.8,567.2,695.4,953.0,1309.8,1747.0,2214.0,2528.8,2823.6,2320,375.8577777777777,224.9688888888889,0.0,150.88888888888889,1010.2,False,False,True,True
gru_negbin,dengue,1,SP,2023-06-25,53,2022-06-19,378.4,452.6,550.8,747.4,1017.4,1346.2,1696.0,1930.8,2150.8,1773,280.8977777777778,168.94222222222223,0.0,111.95555555555555,755.6,False,False,True,True
gru_negbin,dengue,1,SP,2023-07-02,54,2022-06-19,309.2,367.6,444.6,597.0,805.6,1058.2,1326.0,1505.2,1672.6,1267,163.09,116.69,0.0,46.39999999999999,461.4,False,True,True,True
gru_negbin,dengue,1,SP,2023-07-09,55,2022-06-19,260.6,307.6,369.2,491.0,655.6,853.8,1062.8,1202.6,1332.8,1066,144.9366666666667,97.07,0.0,47.86666666666669,410.4,False,False,True,True
gru_negbin,dengue,1,SP,2023-07-16,56,2022-06-19,228.6,268.2,319.2,419.4,554.2,715.4,884.6,997.6,1102.4,862,108.74555555555555,76.16777777777777,0.0,32.57777777777778,307.79999999999995,False,True,True,True
gru_negbin,dengue,1,SP,2023-07-23,57,2022-06-19,207.6,241.2,284.8,369.2,481.8,615.4,755.0,847.2,933.0,768,103.49,66.69,0.0,36.800000000000004,286.2,False,False,True,True
gru_negbin,dengue,1,SP,2023-07-30,58,2022-06-19,193.8,223.2,261.2,334.2,430.4,543.6,661.2,738.8,810.8,781,157.39,68.63444444444445,0.0,88.75555555555555,350.6,False,False,False,True
gru_negbin,dengue,1,SP,2023-08-06,59,2022-06-19,181.2,207.4,241.0,305.2,389.2,487.4,588.4,655.2,716.4,704,145.43555555555557,60.76888888888888,0.0,84.66666666666667,314.8,False,False,False,True
gru_negbin,dengue,1,SP,2023-08-13,60,2022-06-19,171.4,195.2,225.4,282.4,356.8,442.8,531.2,589.0,642.2,803,296.00888888888886,72.27555555555556,0.0,223.73333333333332,446.2,False,False,False,False
gru_negbin,dengue,1,SP,2023-08-20,61,2022-06-19,163.8,185.6,213.0,264.8,332.0,409.4,488.2,540.0,587.6,689,222.50777777777776,60.10777777777777,0.0,162.4,357.0,False,False,False,False
gru_negbin,dengue,1,SP,2023-08-27,62,2022-06-19,155.8,175.8,200.8,247.8,308.2,377.6,448.2,494.2,536.6,685,256.54,60.22888888888888,0.0,196.3111111111111,376.8,False,False,False,False
gru_negbin,dengue,1,SP,2023-09-03,63,2022-06-19,149.4,168.0,191.4,235.0,290.8,355.0,420.0,462.2,501.0,648,246.39111111111112,56.65777777777778,0.0,189.73333333333332,357.2,False,False,False,False
gru_negbin,dengue,1,SP,2023-09-10,64,2022-06-19,145.4,163.0,185.8,227.6,280.8,342.2,404.0,444.2,481.2,800,413.5388888888889,73.89444444444445,0.0,339.6444444444444,519.2,False,False,False,False
gru_negbin,dengue,1,SP,2023-09-17,65,2022-06-19,143.8,161.4,183.6,224.8,277.8,338.0,399.0,438.8,475.2,846,464.2433333333334,79.13222222222224,0.0,385.1111111111111,568.2,False,False,False,False
gru_negbin,dengue,1,SP,2023-09-24,66,2022-06-19,143.8,161.6,184.0,225.4,279.0,339.8,401.2,441.2,477.8,827,443.25555555555553,77.03333333333335,0.0,366.22222222222223,548.0,False,False,False,False
gru_negbin,dengue,1,SP,2023-10-01,67,2022-06-19,145.2,163.6,186.6,229.8,284.6,348.0,412.2,453.8,492.4,889,494.9111111111112,83.88888888888889,0.0,411.0222222222222,604.4,False,False,False,False
gru_negbin,dengue,1,TO,2022-10-09,16,2022-06-19,20.0,24.0,29.0,39.0,52.0,67.8,84.4,95.4,105.4,47,4.654444444444445,4.654444444444445,0.0,0.0,5.0,True,True,True,True
gru_negbin,dengue,1,TO,2022-10-16,17,2022-06-19,21.4,25.4,31.2,42.6,57.6,76.0,95.4,108.2,120.4,47,5.930000000000001,5.930000000000001,0.0,0.0,10.600000000000001,True,True,True,True
gru_negbin,dengue,1,TO,2022-10-23,18,2022-06-19,22.6,27.8,34.2,47.0,65.0,87.0,110.4,126.2,140.6,55,6.775555555555555,6.775555555555555,0.0,0.0,10.0,True,True,True,True
gru_negbin,dengue,1,TO,2022-10-30,19,2022-06-19,24.2,29.8,37.4,52.8,74.4,101.0,129.8,149.0,167.2,47,11.183333333333334,9.894444444444446,1.2888888888888883,0.0,27.400000000000006,False,True,True,True
gru_negbin,dengue,1,TO,2022-11-06,20,2022-06-19,25.6,32.2,41.0,59.4,85.4,118.2,154.0,177.8,201.4,54,13.061111111111112,11.861111111111112,1.1999999999999997,0.0,31.400000000000006,False,True,True,True
gru_negbin,dengue,1,TO,2022-11-13,21,2022-06-19,27.0,34.4,44.6,66.2,98.2,138.6,183.0,213.6,242.4,74,12.974444444444446,12.974444444444446,0.0,0.0,24.200000000000003,True,True,True,True
gru_negbin,dengue,1,TO,2022-11-20,22,2022-06-19,27.8,36.0,47.8,73.6,111.8,161.2,216.4,254.2,289.8,97,14.137777777777778,14.137777777777778,0.0,0.0,14.799999999999997,True,True,True,True
gru_negbin,dengue,1,TO,2022-11-27,23,2022-06-19,28.2,37.6,51.2,80.8,125.8,185.0,251.8,298.0,342.4,83,19.641111111111112,19.641111111111112,0.0,0.0,42.8,True,True,True,True
gru_negbin,dengue,1,TO,2022-12-04,24,2022-06-19,28.4,38.6,53.8,87.4,140.2,210.4,290.2,346.0,399.6,110,20.919999999999998,20.919999999999998,0.0,0.0,30.19999999999999,True,True,True,True
gru_negbin,dengue,1,TO,2022-12-11,25,2022-06-19,29.0,40.4,57.4,95.8,157.2,240.0,335.6,402.8,467.4,121,24.677777777777774,24.677777777777774,0.0,0.0,36.19999999999999,True,True,True,True
gru_negbin,dengue,1,TO,2022-12-18,26,2022-06-19,29.6,42.4,60.8,105.0,176.4,274.4,388.2,468.8,546.4,72,43.22888888888889,35.89555555555555,7.333333333333333,0.0,104.4,False,True,True,True
gru_negbin,dengue,1,TO,2022-12-25,27,2022-06-19,30.8,44.2,65.8,115.6,197.8,312.8,447.6,543.4,635.8,54,60.63666666666667,44.32555555555555,16.31111111111111,0.0,143.8,False,False,True,True
gru_negbin,dengue,1,TO,2023-01-01,28,2022-06-19,37.0,52.8,77.2,134.2,227.6,357.8,509.6,617.0,721.0,63,69.36666666666666,50.38888888888889,18.977777777777774,0.0,164.6,False,False,True,True
gru_negbin,dengue,1,TO,2023-01-08,29,2022-06-19,47.0,65.4,93.8,158.6,262.4,405.4,570.6,687.4,799.8,89,71.19999999999999,54.666666666666664,16.53333333333333,0.0,173.39999999999998,False,False,True,True
gru_negbin,dengue,1,TO,2023-01-15,30,2022-06-19,58.8,80.8,112.4,184.6,297.0,449.4,624.2,746.8,864.2,185,50.403333333333336,50.403333333333336,0.0,0.0,112.0,True,True,True,True
gru_negbin,dengue,1,TO,2023-01-22,31,2022-06-19,72.8,97.4,132.6,211.0,331.0,490.8,672.0,798.0,919.0,151,73.35,60.016666666666666,13.333333333333334,0.0,180.0,False,True,True,True
gru_negbin,dengue,1,TO,2023-01-29,32,2022-06-19,87.6,114.8,152.6,236.0,361.6,526.0,710.6,839.0,960.8,118,102.38666666666667,68.47555555555556,33.91111111111111,0.0,243.60000000000002,False,False,True,True
gru_negbin,dengue,1,TO,2023-02-05,33,2022-06-19,104.2,134.0,175.6,264.0,395.8,565.4,754.2,884.4,1008.0,143,105.18333333333334,71.05000000000001,34.13333333333333,0.0,252.8,False,False,True,True
gru_negbin,dengue,1,TO,2023-02-12,34,2022-06-19,121.0,153.0,197.2,290.2,425.8,599.0,789.6,920.4,1044.0,109,151.48555555555555,79.17444444444446,72.3111111111111,0.0,316.8,False,False,False,False
gru_negbin,dengue,1,TO,2023-02-19,35,2022-06-19,137.0,170.0,215.6,309.8,445.2,615.6,801.6,928.4,1048.0,152,129.27666666666667,76.07666666666665,53.2,0.0,293.2,False,False,False,True
gru_negbin,dengue,1,TO,2023-02-26,36,2022-06-19,149.0,182.6,228.2,322.0,455.0,620.2,799.4,920.6,1035.2,139,149.89444444444445,77.49444444444445,72.39999999999999,0.0,316.0,False,False,False,False
gru_negbin,dengue,1,TO,2023-03-05,37,2022-06-19,155.2,188.4,233.2,324.4,451.8,609.4,779.0,893.8,1001.2,127,163.96666666666664,76.5888888888889,87.37777777777778,0.0,324.8,False,False,False,False
gru_negbin,dengue,1,TO,2023-03-12,38,2022-06-19,155.6,187.6,230.2,316.6,436.4,583.6,741.2,847.4,946.8,141,143.18222222222224,70.73777777777778,72.44444444444444,0.0,295.4,False,False,False,False
gru_negbin,dengue,1,TO,2023-03-19,39,2022-06-19,151.0,181.4,221.2,301.8,412.4,547.8,692.4,789.2,880.4,184,94.76555555555555,60.32111111111111,34.44444444444444,0.0,228.39999999999998,False,False,True,True
gru_negbin,dengue,1,TO,2023-03-26,40,2022-06-19,146.0,174.6,211.8,287.0,390.2,515.6,649.0,738.8,822.2,214,68.24111111111111,52.01888888888888,16.22222222222222,0.0,176.2,False,True,True,True
gru_negbin,dengue,1,TO,2023-04-02,41,2022-06-19,142.0,169.2,205.0,275.6,372.4,489.6,614.0,697.2,775.2,177,80.20666666666666,52.07333333333333,28.13333333333334,0.0,195.39999999999998,False,False,True,True
gru_negbin,dengue,1,TO,2023-04-09,42,2022-06-19,138.4,164.4,198.4,265.8,357.8,469.0,586.6,665.4,738.8,222,53.64,43.906666666666666,9.733333333333336,0.0,135.8,False,True,True,True
gru_negbin,dengue,1,TO,2023-04-16,43,2022-06-19,133.6,158.4,191.0,255.0,342.4,448.4,559.8,634.2,703.8,151,82.30555555555554,48.66111111111111,33.644444444444446,0.0,191.39999999999998,False,False,False,True
gru_negbin,dengue,1,TO,2023-04-23,44,2022-06-19,127.6,151.4,181.8,242.4,324.6,424.0,528.6,598.4,664.0,151,72.27555555555557,45.03111111111111,27.24444444444445,0.0,173.60000000000002,False,False,False,True
gru_negbin,dengue,1,TO,2023-04-30,45,2022-06-19,118.8,140.6,169.2,225.2,301.6,393.4,490.4,555.6,616.0,110,92.65555555555555,45.14444444444445,47.5111111111111,0.0,191.60000000000002,False,False,False,False
gru_negbin,dengue,1,TO,2023-05-07,46,2022-06-19,108.4,127.8,153.8,205.0,274.0,357.8,445.6,504.8,559.6,112,73.13555555555556,39.66888888888889,33.46666666666667,0.0,162.0,False,False,False,True
gru_negbin,dengue,1,TO,2023-05-14,47,2022-06-19,96.8,114.6,137.8,183.6,246.0,321.0,400.2,453.0,502.4,142,40.27777777777777,31.033333333333335,9.244444444444444,0.0,104.0,False,True,True,True
gru_negbin,dengue,1,TO,2023-05-21,48,2022-06-19,85.4,100.8,121.4,161.8,216.8,282.6,352.4,399.0,442.2,101,48.05111111111112,30.006666666666668,18.044444444444448,0.0,115.80000000000001,False,False,True,True
gru_negbin,dengue,1,TO,2023-05-28,49,2022-06-19,72.4,86.0,103.6,138.4,184.8,241.6,301.4,341.2,378.4,87,40.642222222222216,25.53111111111111,15.11111111111111,0.0,97.80000000000001,False,False,True,True
gru_negbin,dengue,1,TO,2023-06-04,50,2022-06-19,60.4,71.4,86.0,114.8,153.6,200.4,249.8,282.6,313.4,60,43.12555555555556,22.547777777777778,20.577777777777776,0.0,93.6,False,False,False,False
gru_negbin,dengue,1,TO,2023-06-11,51,2022-06-19,49.8,58.8,70.8,94.6,126.0,164.6,204.8,231.2,256.4,64,25.13,16.81888888888889,8.31111111111111,0.0,62.0,False,False,True,True
gru_negbin,dengue,1,TO,2023-06-18,52,2022-06-19,40.8,48.8,58.6,78.2,104.0,135.4,168.8,190.8,211.2,44,26.72888888888889,14.817777777777776,11.911111111111111,0.0,60.0,False,False,False,True
gru_negbin,dengue,1,TO,2023-06-25,53,2022-06-19,34.0,40.0,48.2,64.0,85.2,110.6,137.2,154.6,171.4,34,23.447777777777777,12.292222222222222,11.155555555555557,0.0,51.2,False,False,False,True
gru_negbin,dengue,1,TO,2023-07-02,54,2022-06-19,28.2,33.4,40.2,53.2,70.6,91.2,112.8,127.0,140.4,35,14.543333333333335,9.343333333333332,5.200000000000001,0.0,35.599999999999994,False,False,True,True
gru_negbin,dengue,1,TO,2023-07-09,55,2022-06-19,23.6,28.0,33.4,44.2,58.4,75.6,93.4,104.8,116.0,27,13.399999999999999,7.933333333333333,5.466666666666667,0.0,31.4,False,False,False,True
gru_negbin,dengue,1,TO,2023-07-16,56,2022-06-19,20.2,23.6,28.6,37.6,49.6,64.2,79.0,88.8,98.0,28,8.42111111111111,6.154444444444445,2.2666666666666675,0.0,21.6,False,False,True,True
gru_negbin,dengue,1,TO,2023-07-23,57,2022-06-19,17.4,20.4,24.4,32.4,42.8,55.2,67.6,76.2,84.2,41,3.4177777777777774,3.4177777777777774,0.0,0.0,1.7999999999999972,True,True,True,True
gru_negbin,dengue,1,TO,2023-07-30,58,2022-06-19,15.0,18.2,21.6,28.4,37.4,48.2,59.2,66.2,73.0,30,3.6133333333333337,3.6133333333333337,0.0,0.0,7.399999999999999,True,True,True,True
gru_negbin,dengue,1,TO,2023-08-06,59,2022-06-19,13.6,16.4,19.4,25.6,33.4,42.8,52.2,58.8,64.6,23,4.1722222222222225,3.5944444444444437,0.5777777777777781,0.0,10.399999999999999,False,True,True,True
gru_negbin,dengue,1,TO,2023-08-13,60,2022-06-19,12.2,14.4,17.2,22.8,30.4,38.6,47.6,53.0,58.4,26,2.727777777777778,2.727777777777778,0.0,0.0,4.399999999999999,True,True,True,True
gru_negbin,dengue,1,TO,2023-08-20,61,2022-06-19,10.8,13.0,15.6,20.8,27.6,35.2,43.2,48.4,53.2,18,3.7311111111111117,3.1088888888888895,0.6222222222222223,0.0,9.600000000000001,False,True,True,True
gru_negbin,dengue,1,TO,2023-08-27,62,2022-06-19,10.2,12.0,14.4,19.2,25.2,32.6,40.0,44.8,49.2,18,2.9611111111111104,2.6944444444444446,0.2666666666666665,0.0,7.199999999999999,False,True,True,True
gru_negbin,dengue,1,TO,2023-09-03,63,2022-06-19,9.2,11.0,13.2,17.8,23.8,30.4,37.6,42.4,46.6,15,3.398888888888889,2.7766666666666664,0.6222222222222223,0.0,8.8,False,True,True,True
gru_negbin,dengue,1,TO,2023-09-10,64,2022-06-19,8.8,10.6,12.8,16.8,22.8,29.6,36.4,41.0,45.2,19,2.197777777777778,2.197777777777778,0.0,0.0,3.8000000000000007,True,True,True,True
gru_negbin,dengue,1,TO,2023-09-17,65,2022-06-19,8.4,10.2,12.6,16.8,22.6,29.4,36.0,40.6,45.0,16,2.6722222222222225,2.4944444444444445,0.17777777777777792,0.0,6.600000000000001,False,True,True,True
gru_negbin,dengue,1,TO,2023-09-24,66,2022-06-19,8.6,10.4,12.6,17.4,23.4,30.2,37.4,42.2,46.8,16,2.9611111111111104,2.65,0.3111111111111108,0.0,7.399999999999999,False,True,True,True
gru_negbin,dengue,1,TO,2023-10-01,67,2022-06-19,8.8,11.0,13.2,18.2,24.6,32.0,40.0,45.2,50.0,11,5.571111111111112,3.482222222222222,2.0888888888888886,0.0,13.600000000000001,False,False,True,True
gru_negbin,dengue,2,AC,2023-10-08,16,2023-06-18,8.4,13.4,20.8,40.8,76.8,130.2,195.4,242.8,289.4,54,15.49,15.49,0.0,0.0,22.799999999999997,True,True,True,True
gru_negbin,dengue,2,AC,2023-10-15,17,2023-06-18,8.6,13.8,22.8,46.6,90.0,156.8,239.0,299.4,358.6,63,19.044444444444448,19.044444444444448,0.0,0.0,27.0,True,True,True,True
gru_negbin,dengue,2,AC,2023-10-22,18,2023-06-18,9.2,15.2,25.0,53.0,105.8,187.6,290.2,365.8,440.0,110,20.12666666666667,20.12666666666667,0.0,0.0,4.200000000000003,True,True,True,True
gru_negbin,dengue,2,AC,2023-10-29,19,2023-06-18,9.6,16.0,27.4,60.0,123.0,222.6,347.6,440.2,531.8,138,25.429999999999996,25.429999999999996,0.0,0.0,15.0,True,True,True,True
gru_negbin,dengue,2,AC,2023-11-05,20,2023-06-18,9.8,17.0,29.6,67.8,142.4,261.8,414.0,527.0,639.0,225,37.66,37.66,0.0,0.0,82.6,True,True,True,True
gru_negbin,dengue,2,AC,2023-11-12,21,2023-06-18,10.4,18.2,32.6,75.8,163.2,304.2,485.2,620.2,754.2,264,44.76777777777778,44.76777777777778,0.0,0.0,100.80000000000001,True,True,True,True
gru_negbin,dengue,2,AC,2023-11-19,22,2023-06-18,11.0,19.6,36.0,85.8,186.8,350.6,561.4,718.2,874.4,364,61.61222222222222,58.63444444444445,0.0,2.9777777777777725,177.2,False,True,True,True
gru_negbin,dengue,2,AC,2023-11-26,23,2023-06-18,11.8,21.6,40.0,96.4,212.6,401.6,646.0,828.6,1009.6,534,110.06555555555555,80.64333333333333,0.0,29.422222222222217,321.4,False,True,True,True
gru_negbin,dengue,2,AC,2023-12-03,24,2023-06-18,12.8,23.6,44.0,107.8,239.2,454.0,731.8,939.4,1146.0,877,248.1222222222222,121.85555555555555,0.0,126.26666666666668,637.8,False,False,True,True
gru_negbin,dengue,2,AC,2023-12-10,25,2023-06-18,13.8,25.8,48.4,119.0,264.4,503.4,812.0,1042.8,1272.4,1105,362.6388888888889,150.01666666666668,0.0,212.62222222222223,840.6,False,False,False,True
gru_negbin,dengue,2,AC,2023-12-17,26,2023-06-18,15.6,29.0,54.2,131.8,293.0,556.0,895.4,1149.2,1401.4,514,86.96111111111111,86.96111111111111,0.0,0.0,221.0,True,True,True,True
gru_negbin,dengue,2,AC,2023-12-24,27,2023-06-18,18.4,33.4,61.4,147.2,320.6,600.8,959.6,1227.0,1492.0,474,83.65333333333334,83.65333333333334,0.0,0.0,153.39999999999998,True,True,True,True
gru_negbin,dengue,2,AC,2023-12-31,28,2023-06-18,24.0,42.2,74.8,169.8,355.2,647.6,1016.4,1289.6,1559.0,818,159.14555555555555,121.27888888888889,0.0,37.86666666666666,462.8,False,True,True,True
gru_negbin,dengue,2,AC,2024-01-07,29,2023-06-18,31.4,52.8,90.4,194.6,391.0,694.2,1071.2,1348.0,1620.8,554,90.88333333333334,90.88333333333334,0.0,0.0,163.0,True,True,True,True
gru_negbin,dengue,2,AC,2024-01-14,30,2023-06-18,39.6,64.4,106.4,218.4,423.2,731.6,1110.6,1386.8,1657.6,526,85.93111111111112,85.93111111111112,0.0,0.0,102.80000000000001,True,True,True,True
gru_negbin,dengue,2,AC,2024-01-21,31,2023-06-18,49.6,77.4,123.2,241.6,451.6,760.6,1135.0,1406.0,1670.8,410,79.7088888888889,79.7088888888889,0.0,0.0,41.60000000000002,True,True,True,True
gru_negbin,dengue,2,AC,2024-01-28,32,2023-06-18,58.6,89.0,137.2,258.8,468.0,770.2,1131.8,1391.6,1644.2,322,90.01777777777778,90.01777777777778,0.0,0.0,146.0,True,True,True,True
gru_negbin,dengue,2,AC,2024-02-04,33,2023-06-18,65.8,97.0,146.2,265.6,466.6,752.2,1090.4,1332.2,1566.2,206,112.27555555555557,99.03111111111112,13.244444444444449,0.0,260.6,False,True,True,True
gru_negbin,dengue,2,AC,2024-02-11,34,2023-06-18,70.8,102.2,150.2,265.4,455.0,720.2,1031.2,1252.8,1466.4,162,120.91555555555556,97.93777777777778,22.977777777777774,0.0,293.0,False,True,True,True
gru_negbin,dengue,2,AC,2024-02-18,35,2023-06-18,72.4,102.6,147.8,254.6,426.8,664.4,940.8,1136.6,1325.0,175,104.50333333333333,86.81444444444443,17.688888888888886,0.0,251.8,False,True,True,True
gru_negbin,dengue,2,AC,2024-02-25,36,2023-06-18,70.8,98.8,140.4,236.8,390.0,599.8,842.2,1012.6,1177.0,173,90.35000000000001,76.17222222222223,14.17777777777778,0.0,217.0,False,True,True,True
gru_negbin,dengue,2,AC,2024-03-03,37,2023-06-18,66.8,92.0,129.0,214.0,347.4,528.0,735.4,881.0,1020.8,146,82.47555555555556,67.36444444444444,15.11111111111111,0.0,201.39999999999998,False,True,True,True
gru_negbin,dengue,2,AC,2024-03-10,38,2023-06-18,61.4,83.2,115.4,188.0,300.6,451.6,623.8,744.6,859.6,131,69.23666666666668,56.57000000000001,12.666666666666666,0.0,169.60000000000002,False,True,True,True
gru_negbin,dengue,2,AC,2024-03-17,39,2023-06-18,54.4,73.8,101.2,162.6,257.4,383.6,527.0,626.6,722.4,85,71.59333333333332,50.748888888888885,20.844444444444445,0.0,172.39999999999998,False,False,True,True
gru_negbin,dengue,2,AC,2024-03-24,40,2023-06-18,49.2,65.8,89.4,141.8,221.8,328.0,447.6,531.0,610.4,106,47.41333333333333,39.45777777777777,7.955555555555558,0.0,115.80000000000001,False,True,True,True
gru_negbin,dengue,2,AC,2024-03-31,41,2023-06-18,45.6,59.8,80.6,125.0,192.2,280.4,379.0,447.6,512.8,97,38.968888888888884,32.74666666666666,6.222222222222222,0.0,95.19999999999999,False,True,True,True
gru_negbin,dengue,2,AC,2024-04-07,42,2023-06-18,41.6,54.4,72.2,110.4,167.6,241.6,324.4,381.2,435.4,99,28.86777777777778,26.334444444444447,2.5333333333333345,0.0,68.6,False,True,True,True
gru_negbin,dengue,2,AC,2024-04-14,43,2023-06-18,38.0,49.0,64.2,96.8,144.8,206.8,275.2,322.2,367.2,120,18.42,18.42,0.0,0.0,24.80000000000001,True,True,True,True
gru_negbin,dengue,2,AC,2024-04-21,44,2023-06-18,34.2,44.0,57.2,85.4,126.0,178.0,235.4,274.8,312.2,90,17.21333333333333,17.21333333333333,0.0,0.0,36.0,True,True,True,True
gru_negbin,dengue,2,AC,2024-04-28,45,2023-06-18,31.0,39.2,50.4,74.6,109.0,153.2,201.4,234.6,266.0,77,14.754444444444443,14.754444444444443,0.0,0.0,32.0,True,True,True,True
gru_negbin,dengue,2,AC,2024-05-05,46,2023-06-18,28.2,35.4,45.6,66.4,96.4,134.8,176.0,204.4,231.2,54,17.17,14.414444444444447,2.755555555555557,0.0,42.400000000000006,False,True,True,True
gru_negbin,dengue,2,AC,2024-05-12,47,2023-06-18,25.2,31.6,40.4,59.0,84.8,118.0,153.8,178.4,201.2,35,20.473333333333336,13.94,6.533333333333333,0.0,49.8,False,False,True,True
gru_negbin,dengue,2,AC,2024-05-19,48,2023-06-18,22.2,27.8,35.8,51.8,74.8,103.2,134.4,155.0,175.4,38,14.466666666666665,11.4,3.066666666666666,0.0,36.8,False,True,True,True
gru_negbin,dengue,2,AC,2024-05-26,49,2023-06-18,19.6,24.4,31.2,45.0,65.0,89.8,116.6,134.6,151.8,48,8.234444444444442,8.234444444444442,0.0,0.0,17.0,True,True,True,True
gru_negbin,dengue,2,AC,2024-06-02,50,2023-06-18,16.8,21.4,27.2,39.2,56.4,78.0,101.2,117.2,131.8,28,11.147777777777778,8.658888888888889,2.4888888888888894,0.0,28.4,False,True,True,True
gru_negbin,dengue,2,AC,2024-06-09,51,2023-06-18,14.6,18.4,23.6,34.4,49.2,68.2,88.4,102.4,115.6,33,6.923333333333335,6.612222222222224,0.3111111111111108,0.0,16.200000000000003,False,True,True,True
gru_negbin,dengue,2,AC,2024-06-16,52,2023-06-18,12.6,15.8,20.6,30.2,43.8,60.8,79.2,91.8,103.6,27,6.93,6.218888888888888,0.7111111111111109,0.0,16.799999999999997,False,True,True,True
gru_negbin,dengue,2,AC,2024-06-23,53,2023-06-18,11.0,14.0,18.4,27.4,39.6,55.2,72.2,83.6,94.8,33,4.7122222222222225,4.7122222222222225,0.0,0.0,6.600000000000001,True,True,True,True
gru_negbin,dengue,2,AC,2024-06-30,54,2023-06-18,9.8,12.6,16.8,24.8,36.4,50.8,66.8,77.6,87.8,32,4.2,4.2,0.0,0.0,4.399999999999999,True,True,True,True
gru_negbin,dengue,2,AC,2024-07-07,55,2023-06-18,8.8,11.4,15.0,22.8,33.6,47.6,62.4,73.0,82.6,25,4.481111111111111,4.481111111111111,0.0,0.0,8.600000000000001,True,True,True,True
gru_negbin,dengue,2,AC,2024-07-14,56,2023-06-18,8.4,10.8,14.2,21.8,32.0,45.4,60.2,70.2,79.6,24,4.277777777777777,4.277777777777777,0.0,0.0,8.0,True,True,True,True
gru_negbin,dengue,2,AC,2024-07-21,57,2023-06-18,7.6,9.8,13.4,20.4,30.8,43.8,58.4,68.2,77.6,17,5.626666666666666,4.8711111111111105,0.7555555555555552,0.0,13.8,False,True,True,True
gru_negbin,dengue,2,AC,2024-07-28,58,2023-06-18,7.0,9.6,12.6,20.0,30.0,43.4,58.0,68.2,77.6,26,3.796666666666667,3.796666666666667,0.0,0.0,4.0,True,True,True,True
gru_negbin,dengue,2,AC,2024-08-04,59,2023-06-18,6.8,9.0,12.4,19.4,30.2,44.2,59.8,70.4,81.0,28,3.77,3.77,0.0,0.0,2.1999999999999993,True,True,True,True
gru_negbin,dengue,2,AC,2024-08-11,60,2023-06-18,6.2,8.8,12.0,19.6,31.0,45.6,62.4,74.0,85.0,29,3.948888888888889,3.948888888888889,0.0,0.0,2.0,True,True,True,True
gru_negbin,dengue,2,AC,2024-08-18,61,2023-06-18,6.0,8.4,12.0,19.6,31.4,47.0,64.6,77.2,89.0,22,4.96111111111111,4.96111111111111,0.0,0.0,9.399999999999999,True,True,True,True
gru_negbin,dengue,2,AC,2024-08-25,62,2023-06-18,6.0,8.4,12.2,20.2,32.6,49.4,68.6,82.2,94.8,20,5.633333333333333,5.588888888888889,0.04444444444444429,0.0,12.600000000000001,False,True,True,True
gru_negbin,dengue,2,AC,2024-09-01,63,2023-06-18,6.0,8.8,12.8,21.4,35.0,54.2,76.0,91.0,106.0,23,6.02888888888889,6.02888888888889,0.0,0.0,12.0,True,True,True,True
gru_negbin,dengue,2,AC,2024-09-08,64,2023-06-18,6.0,9.2,13.4,23.2,39.0,61.4,86.8,104.6,121.8,38,5.567777777777778,5.567777777777778,0.0,0.0,1.0,True,True,True,True
gru_negbin,dengue,2,AC,2024-09-15,65,2023-06-18,6.6,9.6,14.4,25.8,44.2,70.2,100.8,122.6,143.8,31,7.871111111111111,7.871111111111111,0.0,0.0,13.200000000000003,True,True,True,True
gru_negbin,dengue,2,AC,2024-09-22,66,2023-06-18,7.2,10.4,16.0,29.0,51.4,83.0,120.6,147.4,173.6,38,9.26,9.26,0.0,0.0,13.399999999999999,True,True,True,True
gru_negbin,dengue,2,AC,2024-09-29,67,2023-06-18,7.4,11.4,17.6,33.4,60.8,100.0,147.2,181.6,214.6,72,10.866666666666667,10.866666666666667,0.0,0.0,11.200000000000003,True,True,True,True
gru_negbin,dengue,2,AL,2023-10-08,16,2023-06-18,22.6,28.2,35.8,52.0,75.4,104.6,136.2,158.2,178.4,48,11.396666666666668,10.507777777777779,0.8888888888888888,0.0,27.400000000000006,False,True,True,True
gru_negbin,dengue,2,AL,2023-10-15,17,2023-06-18,19.4,25.0,32.0,47.4,69.6,97.8,129.4,151.0,171.2,57,8.607777777777777,8.607777777777777,0.0,0.0,12.599999999999994,True,True,True,True
gru_negbin,dengue,2,AL,2023-10-22,18,2023-06-18,16.6,21.6,28.2,43.0,64.8,92.8,124.2,146.0,166.8,47,9.094444444444443,9.094444444444443,0.0,0.0,17.799999999999997,True,True,True,True
gru_negbin,dengue,2,AL,2023-10-29,19,2023-06-18,14.0,18.4,24.6,38.6,59.4,87.0,118.6,140.2,160.8,33,11.124444444444443,9.879999999999999,1.2444444444444447,0.0,26.4,False,True,True,True
gru_negbin,dengue,2,AL,2023-11-05,20,2023-06-18,11.6,15.6,21.6,34.4,54.6,81.6,112.2,133.8,154.4,45,7.808888888888889,7.808888888888889,0.0,0.0,9.600000000000001,True,True,True,True
gru_negbin,dengue,2,AL,2023-11-12,21,2023-06-18,9.8,13.4,18.6,30.6,49.6,75.4,105.0,125.6,145.8,36,7.922222222222223,7.922222222222223,0.0,0.0,13.600000000000001,True,True,True,True
gru_negbin,dengue,2,AL,2023-11-19,22,2023-06-18,8.2,11.4,16.2,27.2,44.8,69.2,97.4,117.2,136.4,39,6.669999999999999,6.669999999999999,0.0,0.0,5.799999999999997,True,True,True,True
gru_negbin,dengue,2,AL,2023-11-26,23,2023-06-18,7.0,9.6,14.0,24.0,40.4,62.6,89.0,107.2,125.4,32,6.486666666666666,6.486666666666666,0.0,0.0,8.399999999999999,True,True,True,True
gru_negbin,dengue,2,AL,2023-12-03,24,2023-06-18,5.4,8.4,12.0,21.4,36.4,57.0,81.4,98.6,115.6,35,5.29,5.29,0.0,0.0,1.3999999999999986,True,True,True,True
gru_negbin,dengue,2,AL,2023-12-10,25,2023-06-18,5.0,7.2,10.8,19.8,33.4,53.4,76.4,92.4,108.2,22,6.111111111111111,6.111111111111111,0.0,0.0,11.399999999999999,True,True,True,True
gru_negbin,dengue,2,AL,2023-12-17,26,2023-06-18,4.8,7.0,10.8,18.8,32.4,51.0,72.4,87.8,102.8,16,7.044444444444445,6.4222222222222225,0.6222222222222223,0.0,16.4,False,True,True,True
gru_negbin,dengue,2,AL,2023-12-24,27,2023-06-18,4.8,7.2,10.8,18.8,32.0,49.8,70.8,85.4,99.6,33,4.562222222222221,4.562222222222221,0.0,0.0,1.0,True,True,True,True
gru_negbin,dengue,2,AL,2023-12-31,28,2023-06-18,5.4,8.0,11.6,19.8,32.6,50.4,70.8,85.0,99.0,71,13.280000000000003,8.657777777777778,0.0,4.622222222222224,38.4,False,False,True,True
gru_negbin,dengue,2,AL,2024-01-07,29,2023-06-18,6.2,9.2,13.2,21.6,34.4,52.4,72.8,87.0,100.6,62,9.624444444444444,7.49111111111111,0.0,2.1333333333333337,27.6,False,True,True,True
gru_negbin,dengue,2,AL,2024-01-14,30,2023-06-18,7.6,10.8,15.0,23.8,37.6,55.8,76.6,90.8,104.6,64,9.330000000000002,7.507777777777779,0.0,1.8222222222222229,26.4,False,True,True,True
gru_negbin,dengue,2,AL,2024-01-21,31,2023-06-18,9.6,12.8,17.2,26.8,41.6,61.0,82.4,96.8,111.4,81,13.67,9.225555555555555,0.0,4.444444444444445,39.4,False,True,True,True
gru_negbin,dengue,2,AL,2024-01-28,32,2023-06-18,11.6,15.0,20.2,30.8,46.4,67.0,89.4,104.6,119.8,129,44.367777777777775,14.323333333333332,0.0,30.04444444444444,82.6,False,False,False,False
gru_negbin,dengue,2,AL,2024-02-04,33,2023-06-18,13.8,18.0,23.4,35.6,52.6,75.0,99.2,116.2,132.2,159,64.86666666666666,17.444444444444446,0.0,47.42222222222223,106.4,False,False,False,False
gru_negbin,dengue,2,AL,2024-02-11,34,2023-06-18,16.4,21.2,27.4,41.0,60.4,85.4,112.6,131.2,149.0,264,157.34111111111113,28.941111111111113,0.0,128.39999999999998,203.6,False,False,False,False
gru_negbin,dengue,2,AL,2024-02-18,35,2023-06-18,18.8,24.0,31.4,46.4,68.6,96.6,127.4,148.4,168.4,526,405.3355555555555,57.95777777777778,0.0,347.37777777777774,457.4,False,False,False,False
gru_negbin,dengue,2,AL,2024-02-25,36,2023-06-18,21.6,27.8,35.8,53.6,78.6,110.8,146.0,170.2,193.0,587,448.6499999999999,64.65,0.0,384.0,508.4,False,False,False,False
gru_negbin,dengue,2,AL,2024-03-03,37,2023-06-18,25.2,32.4,41.6,62.0,91.2,128.6,169.8,197.6,224.4,543,382.2688888888888,59.69111111111111,0.0,322.5777777777778,451.8,False,False,False,False
gru_negbin,dengue,2,AL,2024-03-10,38,2023-06-18,29.4,37.4,48.8,72.4,107.0,151.0,199.0,232.6,263.8,565,376.19777777777773,62.06444444444445,0.0,314.1333333333334,458.0,False,False,False,False
gru_negbin,dengue,2,AL,2024-03-17,39,2023-06-18,34.2,44.0,57.0,85.2,126.4,178.8,236.8,276.4,313.8,590,365.77555555555557,64.84222222222223,0.0,300.93333333333334,463.6,False,False,False,False
gru_negbin,dengue,2,AL,2024-03-24,40,2023-06-18,40.0,51.2,67.2,100.4,149.4,212.0,281.2,328.6,373.8,455,188.60333333333332,49.847777777777786,0.0,138.7555555555556,305.6,False,False,False,False
gru_negbin,dengue,2,AL,2024-03-31,41,2023-06-18,48.6,62.4,81.2,121.8,180.8,256.6,340.2,397.6,452.0,524,201.69888888888886,57.343333333333334,0.0,144.35555555555553,343.2,False,False,False,False
gru_negbin,dengue,2,AL,2024-04-07,42,2023-06-18,59.6,76.0,99.4,148.6,220.4,312.4,414.0,483.6,550.0,632,239.7444444444444,69.07777777777777,0.0,170.66666666666666,411.6,False,False,False,False
gru_negbin,dengue,2,AL,2024-04-14,43,2023-06-18,70.4,90.2,117.6,175.6,261.0,370.2,491.2,574.2,652.8,583,133.1488888888889,63.50444444444444,0.0,69.64444444444445,322.0,False,False,False,True
gru_negbin,dengue,2,AL,2024-04-21,44,2023-06-18,80.4,102.8,134.6,201.6,301.0,428.2,569.4,666.2,758.4,538,83.01111111111112,58.611111111111114,0.0,24.400000000000002,237.0,False,True,True,True
gru_negbin,dengue,2,AL,2024-04-28,45,2023-06-18,90.0,115.8,151.6,227.8,340.0,484.2,644.0,754.0,858.4,572,81.83555555555556,62.32444444444445,0.0,19.511111111111113,232.0,False,True,True,True
gru_negbin,dengue,2,AL,2024-05-05,46,2023-06-18,98.2,126.4,165.4,248.8,371.8,529.6,704.8,825.2,939.4,575,72.69111111111111,62.60222222222223,0.0,10.088888888888883,203.2,False,True,True,True
gru_negbin,dengue,2,AL,2024-05-12,47,2023-06-18,105.6,135.8,177.6,267.0,399.0,569.0,756.8,886.2,1009.4,650,88.89666666666666,70.89666666666666,0.0,18.0,251.0,False,True,True,True
gru_negbin,dengue,2,AL,2024-05-19,48,2023-06-18,112.2,144.2,188.6,283.6,422.6,601.6,800.4,936.8,1066.2,573,62.080000000000005,62.080000000000005,0.0,0.0,150.39999999999998,True,True,True,True
gru_negbin,dengue,2,AL,2024-05-26,49,2023-06-18,118.0,151.4,198.0,297.2,442.6,629.6,836.8,979.0,1114.4,591,63.882222222222225,63.882222222222225,0.0,0.0,148.39999999999998,True,True,True,True
gru_negbin,dengue,2,AL,2024-06-02,50,2023-06-18,120.6,154.6,202.0,302.4,450.6,640.4,850.4,995.0,1131.8,641,69.43111111111111,69.29777777777777,0.0,0.13333333333333838,190.39999999999998,False,True,True,True
gru_negbin,dengue,2,AL,2024-06-09,51,2023-06-18,122.8,157.2,205.0,306.6,456.0,647.8,860.0,1005.6,1144.0,768,109.9888888888889,83.27777777777777,0.0,26.711111111111123,312.0,False,True,True,True
gru_negbin,dengue,2,AL,2024-06-16,52,2023-06-18,123.4,157.2,205.0,306.2,454.4,645.2,855.4,1000.2,1137.6,775,112.75444444444443,83.91,0.0,28.844444444444434,320.6,False,True,True,True
gru_negbin,dengue,2,AL,2024-06-23,53,2023-06-18,123.6,157.2,203.8,302.6,446.6,631.6,835.4,975.0,1107.6,626,66.8,66.8,0.0,0.0,179.39999999999998,True,True,True,True
gru_negbin,dengue,2,AL,2024-06-30,54,2023-06-18,122.6,155.0,200.0,295.6,433.8,610.4,805.0,938.6,1064.6,793,125.36222222222221,84.78444444444443,0.0,40.57777777777778,359.2,False,True,True,True
gru_negbin,dengue,2,AL,2024-07-07,55,2023-06-18,118.4,149.0,191.2,280.0,408.2,570.8,749.8,872.4,988.2,825,160.95000000000002,87.75,0.0,73.20000000000002,416.8,False,False,True,True
gru_negbin,dengue,2,AL,2024-07-14,56,2023-06-18,114.6,143.4,183.0,265.6,384.6,535.2,700.6,813.6,920.4,721,121.60333333333331,75.78111111111112,0.0,45.82222222222221,336.4,False,False,True,True
gru_negbin,dengue,2,AL,2024-07-21,57,2023-06-18,109.8,137.0,174.0,251.0,361.2,501.0,653.6,757.6,855.6,674,113.31888888888888,70.34111111111112,0.0,42.977777777777774,312.8,False,False,True,True
gru_negbin,dengue,2,AL,2024-07-28,58,2023-06-18,104.4,130.0,164.4,236.4,338.8,468.2,609.2,705.4,796.0,488,53.97555555555555,49.57555555555555,0.0,4.400000000000002,149.2,False,True,True,True
gru_negbin,dengue,2,AL,2024-08-04,59,2023-06-18,99.2,122.8,155.0,221.6,317.0,436.4,566.8,655.4,738.8,454,49.68888888888889,45.77777777777777,0.0,3.9111111111111163,137.0,False,True,True,True
gru_negbin,dengue,2,AL,2024-08-11,60,2023-06-18,92.4,114.4,144.4,206.8,295.4,406.8,528.2,610.6,688.8,406,40.75555555555556,40.75555555555556,0.0,0.0,110.60000000000002,True,True,True,True
gru_negbin,dengue,2,AL,2024-08-18,61,2023-06-18,84.2,105.0,132.4,190.4,273.4,377.6,491.2,568.6,641.2,316,31.35222222222223,31.35222222222223,0.0,0.0,42.60000000000002,True,True,True,True
gru_negbin,dengue,2,AL,2024-08-25,62,2023-06-18,75.2,93.8,119.4,173.0,249.4,346.6,452.4,524.8,593.4,313,31.778888888888886,31.778888888888886,0.0,0.0,63.599999999999994,True,True,True,True
gru_negbin,dengue,2,AL,2024-09-01,63,2023-06-18,66.6,83.8,107.4,156.2,227.6,317.8,417.0,485.0,549.2,258,26.37444444444445,26.37444444444445,0.0,0.0,30.400000000000006,True,True,True,True
gru_negbin,dengue,2,AL,2024-09-08,64,2023-06-18,58.6,74.2,95.4,141.0,207.6,292.6,386.0,450.0,511.0,243,25.50222222222222,25.50222222222222,0.0,0.0,35.400000000000006,True,True,True,True
gru_negbin,dengue,2,AL,2024-09-15,65,2023-06-18,51.2,65.4,85.0,127.4,188.8,268.4,356.2,416.8,474.6,244,26.249999999999996,26.249999999999996,0.0,0.0,55.19999999999999,True,True,True,True
gru_negbin,dengue,2,AL,2024-09-22,66,2023-06-18,45.0,58.0,76.4,115.4,173.6,248.8,332.6,390.2,445.2,185,20.285555555555558,20.285555555555558,0.0,0.0,11.400000000000006,True,True,True,True
gru_negbin,dengue,2,AL,2024-09-29,67,2023-06-18,39.0,51.0,68.0,104.4,159.0,230.6,310.6,365.8,419.0,160,18.122222222222224,18.122222222222224,0.0,0.0,1.0,True,True,True,True
gru_negbin,dengue,2,AM,2023-10-08,16,2023-06-18,14.8,19.0,24.6,36.8,53.6,76.0,100.2,116.6,132.4,55,5.751111111111111,5.751111111111111,0.0,0.0,1.3999999999999986,True,True,True,True
gru_negbin,dengue,2,AM,2023-10-15,17,2023-06-18,14.4,18.8,24.6,36.8,55.0,78.2,104.0,121.6,138.8,73,7.89777777777778,7.89777777777778,0.0,0.0,18.0,True,True,True,True
gru_negbin,dengue,2,AM,2023-10-22,18,2023-06-18,14.2,18.2,24.4,37.2,56.2,80.8,108.0,127.4,145.4,82,9.355555555555556,9.088888888888889,0.0,0.2666666666666673,25.799999999999997,False,True,True,True
gru_negbin,dengue,2,AM,2023-10-29,19,2023-06-18,13.6,18.0,24.2,37.4,57.4,83.0,112.0,132.2,151.2,62,7.028888888888888,7.028888888888888,0.0,0.0,4.600000000000001,True,True,True,True
gru_negbin,dengue,2,AM,2023-11-05,20,2023-06-18,13.6,17.8,24.2,37.6,58.2,85.4,115.4,137.0,157.0,115,19.69222222222222,13.114444444444445,0.0,6.577777777777777,56.8,False,True,True,True
gru_negbin,dengue,2,AM,2023-11-12,21,2023-06-18,13.2,17.6,24.2,38.2,59.6,87.8,119.8,142.4,163.6,114,18.968888888888888,13.146666666666667,0.0,5.822222222222223,54.4,False,True,True,True
gru_negbin,dengue,2,AM,2023-11-19,22,2023-06-18,13.0,17.8,24.2,38.6,60.6,90.2,124.4,147.6,170.2,153,39.18666666666667,17.675555555555558,0.0,21.51111111111111,92.4,False,False,False,True
gru_negbin,dengue,2,AM,2023-11-26,23,2023-06-18,13.4,18.0,24.4,39.2,61.8,92.4,127.4,152.2,175.6,156,39.43666666666667,18.103333333333335,0.0,21.333333333333332,94.2,False,False,False,True
gru_negbin,dengue,2,AM,2023-12-03,24,2023-06-18,13.6,18.6,25.0,40.0,63.8,95.2,131.6,156.6,180.8,204,79.43111111111111,23.47555555555555,0.0,55.95555555555555,140.2,False,False,False,False
gru_negbin,dengue,2,AM,2023-12-10,25,2023-06-18,14.6,19.8,26.2,42.2,66.4,98.4,135.2,160.8,185.4,300,171.83777777777777,34.01555555555556,0.0,137.8222222222222,233.6,False,False,False,False
gru_negbin,dengue,2,AM,2023-12-17,26,2023-06-18,16.0,20.8,28.4,44.8,69.4,102.6,140.2,166.0,191.0,313,180.2811111111111,35.34777777777778,0.0,144.93333333333334,243.6,False,False,False,False
gru_negbin,dengue,2,AM,2023-12-24,27,2023-06-18,18.0,23.4,31.2,48.2,73.8,107.4,145.2,171.6,196.6,256,118.30555555555556,28.705555555555552,0.0,89.59999999999998,182.2,False,False,False,False
gru_negbin,dengue,2,AM,2023-12-31,28,2023-06-18,20.6,26.6,35.0,53.0,79.4,113.6,151.6,178.0,202.6,597,453.31777777777774,66.16222222222223,0.0,387.1555555555555,517.6,False,False,False,False
gru_negbin,dengue,2,AM,2024-01-07,29,2023-06-18,25.0,31.6,40.6,60.0,87.4,122.0,160.2,186.4,211.2,512,360.0788888888889,56.03444444444445,0.0,304.0444444444445,424.6,False,False,False,False
gru_negbin,dengue,2,AM,2024-01-14,30,2023-06-18,30.6,37.8,47.6,67.6,95.8,131.0,169.2,194.8,219.6,657,496.57444444444445,71.37444444444446,0.0,425.20000000000005,561.2,False,False,False,False
gru_negbin,dengue,2,AM,2024-01-21,31,2023-06-18,37.0,44.6,55.4,76.0,105.4,141.0,179.4,205.0,229.0,429,258.85999999999996,45.17111111111112,0.0,213.6888888888889,323.6,False,False,False,False
gru_negbin,dengue,2,AM,2024-01-28,32,2023-06-18,43.4,52.0,63.2,85.2,115.2,151.6,190.0,215.4,239.8,445,264.5466666666666,46.05777777777777,0.0,218.4888888888889,329.8,False,False,False,False
gru_negbin,dengue,2,AM,2024-02-04,33,2023-06-18,49.4,58.4,70.0,92.4,122.8,159.0,197.4,222.4,246.2,519,331.4688888888889,53.46888888888889,0.0,278.0,396.2,False,False,False,False
gru_negbin,dengue,2,AM,2024-02-11,34,2023-06-18,54.0,63.0,74.8,97.6,127.8,163.8,201.6,226.2,249.4,504,312.30555555555554,51.19444444444444,0.0,261.1111111111111,376.2,False,False,False,False
gru_negbin,dengue,2,AM,2024-02-18,35,2023-06-18,57.4,66.6,78.6,101.2,131.0,166.4,203.2,227.2,249.6,478,284.59888888888895,47.7988888888889,0.0,236.80000000000004,347.0,False,False,False,False
gru_negbin,dengue,2,AM,2024-02-25,36,2023-06-18,59.0,68.2,79.8,102.2,132.0,166.2,202.2,225.8,247.6,457,264.3411111111111,45.18555555555556,0.0,219.15555555555554,325.0,False,False,False,False
gru_negbin,dengue,2,AM,2024-03-03,37,2023-06-18,60.0,69.2,80.6,102.8,131.6,165.6,200.0,223.2,244.2,420,229.14333333333332,40.92111111111111,0.0,188.22222222222223,288.4,False,False,False,False
gru_negbin,dengue,2,AM,2024-03-10,38,2023-06-18,60.0,68.6,79.8,101.4,130.0,162.6,196.4,218.6,239.0,367,179.74111111111108,34.98555555555556,0.0,144.75555555555556,237.0,False,False,False,False
gru_negbin,dengue,2,AM,2024-03-17,39,2023-06-18,58.8,67.6,78.4,99.6,126.8,158.8,191.8,213.2,233.2,267,84.19555555555556,23.973333333333336,0.0,60.22222222222222,140.2,False,False,False,False
gru_negbin,dengue,2,AM,2024-03-24,40,2023-06-18,58.6,67.4,78.0,98.8,125.4,157.0,189.2,210.2,230.0,174,17.421111111111106,13.643333333333333,0.0,3.7777777777777777,48.599999999999994,False,True,True,True
gru_negbin,dengue,2,AM,2024-03-31,41,2023-06-18,58.8,67.2,78.0,98.6,125.0,156.0,187.8,208.2,227.4,229,50.04333333333332,19.68777777777778,0.0,30.355555555555554,104.0,False,False,False,False
gru_negbin,dengue,2,AM,2024-04-07,42,2023-06-18,58.4,66.6,77.6,97.4,123.4,153.6,184.4,204.6,223.4,168,16.10111111111111,12.90111111111111,0.0,3.200000000000001,44.599999999999994,False,True,True,True
gru_negbin,dengue,2,AM,2024-04-14,43,2023-06-18,57.2,65.4,75.6,95.4,120.4,150.0,180.0,199.4,217.6,166,16.355555555555554,12.799999999999999,0.0,3.5555555555555554,45.599999999999994,False,True,True,True
gru_negbin,dengue,2,AM,2024-04-21,44,2023-06-18,55.6,63.2,73.4,92.4,116.8,145.0,174.0,193.2,210.4,108,8.44,8.44,0.0,0.0,8.799999999999997,True,True,True,True
gru_negbin,dengue,2,AM,2024-04-28,45,2023-06-18,53.4,60.6,70.4,88.4,112.0,139.0,166.6,184.6,201.6,102,8.261111111111111,8.261111111111111,0.0,0.0,10.0,True,True,True,True
gru_negbin,dengue,2,AM,2024-05-05,46,2023-06-18,49.8,57.0,66.2,83.2,105.6,130.8,157.2,174.2,190.0,94,8.036666666666667,8.036666666666667,0.0,0.0,11.599999999999994,True,True,True,True
gru_negbin,dengue,2,AM,2024-05-12,47,2023-06-18,46.4,53.0,61.6,77.6,98.4,122.4,146.8,163.0,178.0,93,6.935555555555557,6.935555555555557,0.0,0.0,5.400000000000006,True,True,True,True
gru_negbin,dengue,2,AM,2024-05-19,48,2023-06-18,42.0,48.2,56.2,70.8,90.2,112.4,134.8,150.0,163.6,81,6.886666666666668,6.886666666666668,0.0,0.0,9.200000000000003,True,True,True,True
gru_negbin,dengue,2,AM,2024-05-26,49,2023-06-18,38.4,43.8,51.2,64.6,82.2,102.4,123.4,137.0,149.4,63,7.845555555555555,7.490000000000001,0.3555555555555543,0.0,19.200000000000003,False,True,True,True
gru_negbin,dengue,2,AM,2024-06-02,50,2023-06-18,34.6,40.2,46.4,58.8,75.2,93.8,112.8,125.2,137.0,57,7.355555555555556,6.955555555555557,0.39999999999999936,0.0,18.200000000000003,False,True,True,True
gru_negbin,dengue,2,AM,2024-06-09,51,2023-06-18,31.6,36.6,42.6,54.2,69.2,86.4,104.2,115.4,126.2,46,8.95888888888889,7.136666666666667,1.8222222222222229,0.0,23.200000000000003,False,True,True,True
gru_negbin,dengue,2,AM,2024-06-16,52,2023-06-18,29.4,34.0,39.8,50.4,64.2,80.6,97.2,107.8,118.0,45,7.5988888888888875,6.398888888888887,1.1999999999999997,0.0,19.200000000000003,False,True,True,True
gru_negbin,dengue,2,AM,2024-06-23,53,2023-06-18,27.6,31.8,37.0,47.2,60.8,75.8,91.6,102.0,111.4,61,4.069999999999999,4.069999999999999,0.0,0.0,0.20000000000000284,True,True,True,True
gru_negbin,dengue,2,AM,2024-06-30,54,2023-06-18,25.4,29.6,34.6,44.4,57.2,71.6,87.2,96.8,105.8,79,7.940000000000001,6.295555555555555,0.0,1.6444444444444457,21.799999999999997,False,True,True,True
gru_negbin,dengue,2,AM,2024-07-07,55,2023-06-18,24.2,28.0,33.0,42.2,54.6,69.0,83.4,93.2,102.2,76,7.699999999999999,6.144444444444444,0.0,1.5555555555555556,21.4,False,True,True,True
gru_negbin,dengue,2,AM,2024-07-14,56,2023-06-18,23.2,26.8,31.6,40.8,53.0,67.0,81.2,90.8,99.4,77,8.58111111111111,6.358888888888888,0.0,2.2222222222222223,24.0,False,True,True,True
gru_negbin,dengue,2,AM,2024-07-21,57,2023-06-18,22.2,26.0,30.6,39.6,51.8,65.8,80.2,89.6,98.4,67,5.643333333333334,5.376666666666667,0.0,0.2666666666666673,15.200000000000003,False,True,True,True
gru_negbin,dengue,2,AM,2024-07-28,58,2023-06-18,21.6,25.4,30.0,39.2,51.2,65.8,80.4,90.2,99.2,74,8.104444444444447,6.282222222222221,0.0,1.8222222222222229,22.799999999999997,False,True,True,True
gru_negbin,dengue,2,AM,2024-08-04,59,2023-06-18,20.6,24.8,29.4,38.6,51.4,66.2,81.6,92.0,101.4,75,8.466666666666667,6.511111111111112,0.0,1.9555555555555548,23.6,False,True,True,True
gru_negbin,dengue,2,AM,2024-08-11,60,2023-06-18,19.8,23.8,28.6,38.2,51.4,67.2,83.8,95.2,105.2,71,7.127777777777778,6.283333333333334,0.0,0.8444444444444438,19.6,False,True,True,True
gru_negbin,dengue,2,AM,2024-08-18,61,2023-06-18,18.6,22.4,27.4,37.4,51.0,68.0,85.8,97.8,109.0,73,7.893333333333334,6.782222222222222,0.0,1.1111111111111112,22.0,False,True,True,True
gru_negbin,dengue,2,AM,2024-08-25,62,2023-06-18,17.0,20.8,26.0,36.4,51.0,69.0,88.4,101.8,114.2,93,15.66,9.304444444444444,0.0,6.355555555555554,42.0,False,False,True,True
gru_negbin,dengue,2,AM,2024-09-01,63,2023-06-18,15.8,19.8,24.8,36.0,51.6,71.2,92.6,107.4,121.4,87,12.466666666666667,8.955555555555556,0.0,3.5111111111111106,35.4,False,True,True,True
gru_negbin,dengue,2,AM,2024-09-08,64,2023-06-18,14.8,19.0,24.4,35.8,52.6,73.4,96.8,112.8,128.0,110,22.813333333333333,11.746666666666668,0.0,11.066666666666666,57.4,False,False,True,True
gru_negbin,dengue,2,AM,2024-09-15,65,2023-06-18,14.4,18.0,23.6,35.4,52.6,74.8,98.6,115.6,131.6,75,8.124444444444443,8.079999999999998,0.0,0.04444444444444508,22.4,False,True,True,True
gru_negbin,dengue,2,AM,2024-09-22,66,2023-06-18,13.4,17.8,23.4,35.0,53.2,76.4,102.4,120.6,137.6,66,7.3100000000000005,7.3100000000000005,0.0,0.0,12.799999999999997,True,True,True,True
gru_negbin,dengue,2,AM,2024-09-29,67,2023-06-18,13.6,17.6,23.2,35.8,54.6,79.2,107.0,126.4,144.8,60,6.811111111111112,6.811111111111112,0.0,0.0,5.399999999999999,True,True,True,True
gru_negbin,dengue,2,AP,2023-10-08,16,2023-06-18,0.2,0.4,1.4,3.0,5.6,9.8,14.2,17.4,20.4,23,9.607777777777779,2.8966666666666665,0.0,6.711111111111112,17.4,False,False,False,False
gru_negbin,dengue,2,AP,2023-10-15,17,2023-06-18,0.2,0.4,1.2,2.8,5.6,9.8,14.4,17.6,21.0,13,2.5222222222222217,1.8111111111111111,0.0,0.7111111111111109,7.4,False,True,True,True
gru_negbin,dengue,2,AP,2023-10-22,18,2023-06-18,0.0,0.2,1.2,2.6,5.4,9.4,14.4,18.0,21.2,8,1.2755555555555556,1.2755555555555556,0.0,0.0,2.5999999999999996,True,True,True,True
gru_negbin,dengue,2,AP,2023-10-29,19,2023-06-18,0.0,0.2,1.2,2.6,5.2,9.2,14.0,17.6,20.8,34,20.69333333333333,4.16,0.0,16.53333333333333,28.8,False,False,False,False
gru_negbin,dengue,2,AP,2023-11-05,20,2023-06-18,0.0,0.2,1.0,2.4,5.0,8.8,13.8,17.0,20.4,25,12.051111111111112,3.162222222222222,0.0,8.88888888888889,20.0,False,False,False,False
gru_negbin,dengue,2,AP,2023-11-12,21,2023-06-18,0.0,0.2,1.0,2.2,4.6,8.4,13.2,16.6,20.0,20,7.464444444444445,2.6199999999999997,0.0,4.844444444444444,15.4,False,False,False,True
gru_negbin,dengue,2,AP,2023-11-19,22,2023-06-18,0.0,0.2,0.4,2.2,4.4,8.4,12.8,16.4,19.6,28,15.708888888888888,3.5311111111111115,0.0,12.177777777777777,23.6,False,False,False,False
gru_negbin,dengue,2,AP,2023-11-26,23,2023-06-18,0.0,0.2,0.2,2.0,4.4,8.4,12.6,16.2,19.4,17,5.383333333333334,2.3166666666666673,0.0,3.066666666666667,12.6,False,False,False,True
gru_negbin,dengue,2,AP,2023-12-03,24,2023-06-18,0.0,0.2,0.2,1.8,4.2,8.2,12.4,15.6,19.0,24,12.170000000000002,3.103333333333333,0.0,9.066666666666666,19.8,False,False,False,False
gru_negbin,dengue,2,AP,2023-12-10,25,2023-06-18,0.0,0.2,0.2,1.8,4.2,8.0,12.4,15.6,19.0,14,3.67,1.9811111111111108,0.0,1.6888888888888889,9.8,False,False,True,True
gru_negbin,dengue,2,AP,2023-12-17,26,2023-06-18,0.0,0.2,0.4,2.0,4.2,8.0,12.6,16.2,19.2,6,1.088888888888889,1.088888888888889,0.0,0.0,1.7999999999999998,True,True,True,True
gru_negbin,dengue,2,AP,2023-12-24,27,2023-06-18,0.0,0.2,0.6,2.0,4.4,8.4,13.2,16.6,20.2,18,5.952222222222222,2.4411111111111112,0.0,3.511111111111111,13.6,False,False,False,True
gru_negbin,dengue,2,AP,2023-12-31,28,2023-06-18,0.0,0.2,1.0,2.4,5.2,9.4,14.0,18.0,21.6,145,131.4177777777778,16.52888888888889,0.0,114.88888888888889,139.8,False,False,False,False
gru_negbin,dengue,2,AP,2024-01-07,29,2023-06-18,0.2,0.4,1.2,3.0,6.0,10.2,15.6,19.4,23.2,212,197.19222222222223,23.947777777777777,0.0,173.24444444444447,206.0,False,False,False,False
gru_negbin,dengue,2,AP,2024-01-14,30,2023-06-18,0.2,0.6,1.4,3.4,6.8,11.6,16.8,20.8,24.8,223,206.9588888888889,25.18111111111111,0.0,181.77777777777777,216.2,False,False,False,False
gru_negbin,dengue,2,AP,2024-01-21,31,2023-06-18,0.4,1.4,2.0,4.4,7.8,12.8,18.8,22.8,27.0,210,192.26999999999998,23.69222222222222,0.0,168.57777777777775,202.2,False,False,False,False
gru_negbin,dengue,2,AP,2024-01-28,32,2023-06-18,0.8,1.6,2.6,4.8,8.4,14.0,20.2,24.6,28.8,445,425.91333333333336,49.824444444444445,0.0,376.08888888888885,436.6,False,False,False,False
gru_negbin,dengue,2,AP,2024-02-04,33,2023-06-18,1.2,1.8,3.0,5.6,9.6,15.2,21.2,25.6,29.8,471,450.8944444444444,52.62777777777777,0.0,398.26666666666665,461.4,False,False,False,False
gru_negbin,dengue,2,AP,2024-02-11,34,2023-06-18,1.6,2.2,3.4,6.0,10.2,15.8,21.8,26.0,30.0,599,578.4422222222223,66.79777777777775,0.0,511.64444444444445,588.8,False,False,False,False
gru_negbin,dengue,2,AP,2024-02-18,35,2023-06-18,1.6,2.4,3.8,6.6,10.4,16.0,22.2,26.2,30.4,630,609.1333333333332,70.2,0.0,538.9333333333333,619.6,False,False,False,False
gru_negbin,dengue,2,AP,2024-02-25,36,2023-06-18,1.8,2.6,3.8,6.8,10.4,15.8,21.8,25.8,29.6,680,659.49,75.71222222222224,0.0,583.7777777777778,669.6,False,False,False,False
gru_negbin,dengue,2,AP,2024-03-03,37,2023-06-18,1.8,2.8,4.0,6.6,10.6,15.8,21.6,25.2,28.8,590,569.8122222222223,65.67888888888889,0.0,504.1333333333333,579.4,False,False,False,False
gru_negbin,dengue,2,AP,2024-03-10,38,2023-06-18,1.8,2.8,4.2,6.4,10.4,15.6,21.0,24.8,28.2,370,350.2088888888889,41.23111111111112,0.0,308.97777777777776,359.6,False,False,False,False
gru_negbin,dengue,2,AP,2024-03-17,39,2023-06-18,1.8,2.8,3.8,6.6,10.4,15.2,20.4,23.8,27.6,342,322.7344444444444,38.067777777777785,0.0,284.6666666666667,331.6,False,False,False,False
gru_negbin,dengue,2,AP,2024-03-24,40,2023-06-18,2.0,2.6,3.8,6.6,10.0,14.6,20.0,23.2,26.8,370,351.26,41.17111111111112,0.0,310.0888888888889,360.0,False,False,False,False
gru_negbin,dengue,2,AP,2024-03-31,41,2023-06-18,2.2,2.6,3.8,6.2,9.6,14.4,19.4,22.6,25.6,425,406.8655555555555,47.31,0.0,359.55555555555554,415.4,False,False,False,False
gru_negbin,dengue,2,AP,2024-04-07,42,2023-06-18,2.2,2.6,3.8,6.2,9.6,14.0,18.6,21.8,24.8,321,303.4344444444444,35.7011111111111,0.0,267.73333333333335,311.4,False,False,False,False
gru_negbin,dengue,2,AP,2024-04-14,43,2023-06-18,1.6,2.4,3.6,6.0,9.0,13.2,17.6,20.8,23.8,304,287.28333333333336,33.81666666666667,0.0,253.4666666666667,295.0,False,False,False,False
gru_negbin,dengue,2,AP,2024-04-21,44,2023-06-18,1.4,2.4,3.4,5.6,9.0,12.8,17.0,19.8,23.0,211,194.88222222222223,23.46,0.0,171.42222222222222,202.0,False,False,False,False
gru_negbin,dengue,2,AP,2024-04-28,45,2023-06-18,1.4,2.4,3.0,5.4,8.2,12.0,16.4,19.2,21.6,198,182.67444444444445,22.052222222222227,0.0,160.62222222222223,189.8,False,False,False,False
gru_negbin,dengue,2,AP,2024-05-05,46,2023-06-18,1.4,2.2,2.8,5.0,7.8,11.4,15.2,18.0,20.4,175,160.6011111111111,19.489999999999995,0.0,141.11111111111111,167.2,False,False,False,False
gru_negbin,dengue,2,AP,2024-05-12,47,2023-06-18,1.0,1.8,2.8,4.6,7.2,10.8,14.6,17.2,19.8,190,176.21555555555557,21.19333333333333,0.0,155.02222222222224,182.8,False,False,False,False
gru_negbin,dengue,2,AP,2024-05-19,48,2023-06-18,0.8,1.6,2.6,4.2,7.2,10.4,13.8,16.4,18.8,162,148.85777777777778,18.05777777777778,0.0,130.79999999999998,154.8,False,False,False,False
gru_negbin,dengue,2,AP,2024-05-26,49,2023-06-18,0.8,1.4,2.2,4.0,6.4,9.4,13.0,15.0,17.4,171,158.89444444444445,19.072222222222223,0.0,139.82222222222222,164.6,False,False,False,False
gru_negbin,dengue,2,AP,2024-06-02,50,2023-06-18,0.8,1.0,2.0,3.6,6.0,8.8,12.2,14.0,16.0,205,193.74444444444444,22.855555555555554,0.0,170.88888888888889,199.0,False,False,False,False
gru_negbin,dengue,2,AP,2024-06-09,51,2023-06-18,0.6,1.0,2.0,3.6,5.6,8.4,11.2,13.4,15.0,201,190.4,22.400000000000002,0.0,168.0,195.4,False,False,False,False
gru_negbin,dengue,2,AP,2024-06-16,52,2023-06-18,0.6,1.0,1.8,3.2,5.2,7.6,10.6,12.4,14.2,206,196.10888888888886,22.953333333333333,0.0,173.15555555555557,200.8,False,False,False,False
gru_negbin,dengue,2,AP,2024-06-23,53,2023-06-18,0.6,0.8,1.8,3.0,4.8,7.2,10.0,11.8,13.6,188,178.61,20.965555555555554,0.0,157.64444444444445,183.2,False,False,False,False
gru_negbin,dengue,2,AP,2024-06-30,54,2023-06-18,0.6,0.8,1.4,2.6,4.8,7.0,9.6,11.4,13.2,292,282.9255555555556,32.52555555555555,0.0,250.39999999999998,287.2,False,False,False,False
gru_negbin,dengue,2,AP,2024-07-07,55,2023-06-18,0.4,0.6,1.4,2.6,4.6,6.8,9.4,11.4,13.0,257,248.06777777777774,28.645555555555557,0.0,219.42222222222222,252.4,False,False,False,False
gru_negbin,dengue,2,AP,2024-07-14,56,2023-06-18,0.4,0.6,1.2,2.2,4.4,6.8,9.4,11.0,13.2,271,262.15777777777777,30.24666666666667,0.0,231.9111111111111,266.6,False,False,False,False
gru_negbin,dengue,2,AP,2024-07-21,57,2023-06-18,0.2,0.6,1.2,2.2,4.4,6.8,9.4,11.4,13.2,231,222.07444444444442,25.80777777777778,0.0,196.26666666666668,226.6,False,False,False,False
gru_negbin,dengue,2,AP,2024-07-28,58,2023-06-18,0.2,0.6,1.2,2.2,4.2,6.8,9.6,11.8,13.4,296,286.9288888888889,33.06222222222223,0.0,253.86666666666667,291.8,False,False,False,False
gru_negbin,dengue,2,AP,2024-08-04,59,2023-06-18,0.2,0.6,1.2,2.4,4.2,7.0,10.0,12.0,14.0,219,209.63222222222223,24.52111111111111,0.0,185.11111111111111,214.8,False,False,False,False
gru_negbin,dengue,2,AP,2024-08-11,60,2023-06-18,0.2,0.6,1.0,2.4,4.2,7.0,10.0,12.0,14.2,195,185.59333333333333,21.86,0.0,163.73333333333332,190.8,False,False,False,False
gru_negbin,dengue,2,AP,2024-08-18,61,2023-06-18,0.2,0.6,1.0,2.4,4.2,7.2,10.0,12.2,14.2,183,173.51777777777775,20.540000000000003,0.0,152.9777777777778,178.8,False,False,False,False
gru_negbin,dengue,2,AP,2024-08-25,62,2023-06-18,0.2,0.4,0.8,2.4,4.2,7.2,10.2,12.2,14.4,133,123.44111111111108,14.99666666666667,0.0,108.44444444444444,128.8,False,False,False,False
gru_negbin,dengue,2,AP,2024-09-01,63,2023-06-18,0.2,0.2,0.8,2.0,4.0,7.2,10.2,12.6,14.8,115,105.31666666666666,13.049999999999999,0.0,92.26666666666667,111.0,False,False,False,False
gru_negbin,dengue,2,AP,2024-09-08,64,2023-06-18,0.0,0.2,0.8,2.0,4.0,7.0,10.4,12.6,14.8,108,98.31111111111112,12.266666666666666,0.0,86.04444444444444,104.0,False,False,False,False
gru_negbin,dengue,2,AP,2024-09-15,65,2023-06-18,0.0,0.2,0.8,2.0,3.8,7.2,10.0,12.8,15.2,111,101.25111111111111,12.62888888888889,0.0,88.62222222222222,107.2,False,False,False,False
gru_negbin,dengue,2,AP,2024-09-22,66,2023-06-18,0.0,0.2,0.6,1.8,3.8,7.0,10.2,13.0,15.4,96,86.17444444444443,10.974444444444444,0.0,75.19999999999999,92.2,False,False,False,False
gru_negbin,dengue,2,AP,2024-09-29,67,2023-06-18,0.0,0.2,0.4,1.8,3.8,6.6,10.4,12.8,15.4,100,90.24777777777778,11.403333333333334,0.0,78.84444444444443,96.2,False,False,False,False
gru_negbin,dengue,2,BA,2023-10-08,16,2023-06-18,83.6,98.8,118.8,158.0,211.4,275.2,342.6,388.0,429.8,356,53.621111111111105,32.687777777777775,0.0,20.93333333333333,144.6,False,False,True,True
gru_negbin,dengue,2,BA,2023-10-15,17,2023-06-18,80.6,95.6,115.8,156.0,210.8,277.2,347.8,394.8,439.0,378,64.89333333333333,35.782222222222224,0.0,29.11111111111111,167.2,False,False,True,True
gru_negbin,dengue,2,BA,2023-10-22,18,2023-06-18,77.4,93.2,113.8,155.4,213.0,283.4,358.4,408.8,456.0,331,41.845555555555556,31.267777777777773,0.0,10.577777777777783,118.0,False,True,True,True
gru_negbin,dengue,2,BA,2023-10-29,19,2023-06-18,75.0,91.4,113.0,157.0,218.2,294.2,375.8,431.0,482.8,346,45.21222222222222,33.70111111111111,0.0,11.511111111111113,127.80000000000001,False,True,True,True
gru_negbin,dengue,2,BA,2023-11-05,20,2023-06-18,74.0,91.2,114.0,162.2,229.8,314.6,406.8,469.4,528.6,386,54.923333333333325,39.056666666666665,0.0,15.866666666666662,156.2,False,True,True,True
gru_negbin,dengue,2,BA,2023-11-12,21,2023-06-18,72.0,90.2,115.2,166.8,242.2,337.8,442.6,514.0,582.2,370,45.67444444444445,38.51888888888889,0.0,7.155555555555553,127.80000000000001,False,True,True,True
gru_negbin,dengue,2,BA,2023-11-19,22,2023-06-18,70.6,89.6,116.2,173.2,256.6,364.6,484.4,566.8,645.0,357,38.464444444444446,38.464444444444446,0.0,0.0,100.39999999999998,True,True,True,True
gru_negbin,dengue,2,BA,2023-11-26,23,2023-06-18,70.0,90.4,119.0,180.8,273.2,394.2,528.8,622.4,711.2,388,43.19111111111111,43.19111111111111,0.0,0.0,114.80000000000001,True,True,True,True
gru_negbin,dengue,2,BA,2023-12-03,24,2023-06-18,70.6,92.4,123.2,191.2,293.4,428.6,580.6,686.0,787.0,380,43.55111111111112,43.55111111111112,0.0,0.0,86.60000000000002,True,True,True,True
gru_negbin,dengue,2,BA,2023-12-10,25,2023-06-18,71.4,94.8,128.6,203.8,319.2,473.0,647.2,768.8,884.8,307,39.843333333333334,39.843333333333334,0.0,0.0,12.199999999999989,True,True,True,True
gru_negbin,dengue,2,BA,2023-12-17,26,2023-06-18,73.4,99.2,136.6,221.2,352.8,529.0,730.0,870.6,1005.6,185,70.72555555555556,62.68111111111111,8.044444444444443,0.0,167.8,False,True,True,True
gru_negbin,dengue,2,BA,2023-12-24,27,2023-06-18,79.6,108.8,151.4,249.0,401.8,608.4,845.4,1011.6,1171.2,207,82.46222222222222,73.12888888888888,9.333333333333334,0.0,194.8,False,True,True,True
gru_negbin,dengue,2,BA,2023-12-31,28,2023-06-18,94.4,128.6,178.6,292.2,469.6,709.4,983.6,1175.8,1360.4,668,81.78000000000002,81.78000000000002,0.0,0.0,198.39999999999998,True,True,True,True
gru_negbin,dengue,2,BA,2024-01-07,29,2023-06-18,116.6,157.2,215.8,347.8,552.0,825.0,1136.0,1353.2,1561.0,838,102.94,100.05111111111111,0.0,2.888888888888889,286.0,False,True,True,True
gru_negbin,dengue,2,BA,2024-01-14,30,2023-06-18,143.0,190.4,258.0,408.6,638.4,943.0,1287.2,1527.0,1756.0,1058,148.54999999999998,122.99444444444443,0.0,25.555555555555557,419.6,False,True,True,True
gru_negbin,dengue,2,BA,2024-01-21,31,2023-06-18,173.0,226.8,304.0,472.4,726.6,1060.4,1434.8,1695.0,1942.6,1550,309.8288888888889,175.42888888888888,0.0,134.39999999999998,823.4,False,False,True,True
gru_negbin,dengue,2,BA,2024-01-28,32,2023-06-18,202.2,262.6,348.0,532.6,808.4,1167.8,1569.2,1846.8,2111.0,2840,1353.0777777777778,316.3666666666666,0.0,1036.711111111111,2031.6,False,False,False,False
gru_negbin,dengue,2,BA,2024-02-04,33,2023-06-18,228.4,293.4,384.4,580.0,869.4,1243.4,1659.6,1946.2,2218.8,4144,2571.3488888888887,458.46000000000004,0.0,2112.8888888888887,3274.6,False,False,False,False
gru_negbin,dengue,2,BA,2024-02-11,34,2023-06-18,249.6,318.2,413.4,616.0,914.0,1297.6,1722.0,2014.2,2291.2,5990,4357.8,661.1333333333334,0.0,3696.6666666666665,5076.0,False,False,False,False
gru_negbin,dengue,2,BA,2024-02-18,35,2023-06-18,267.2,338.0,435.6,643.2,945.6,1333.2,1760.8,2054.4,2332.6,10651,8981.816666666668,1176.7055555555553,0.0,7805.111111111111,9705.4,False,False,False,False
gru_negbin,dengue,2,BA,2024-02-25,36,2023-06-18,274.6,345.6,443.2,649.8,950.2,1333.2,1755.2,2044.6,2319.0,14648,12983.779999999999,1619.3355555555554,0.0,11364.444444444445,13697.8,False,False,False,False
gru_negbin,dengue,2,BA,2024-03-03,37,2023-06-18,281.2,351.8,449.0,653.4,949.0,1325.4,1739.4,2022.4,2290.4,16541,14891.822222222221,1828.1777777777777,0.0,13063.644444444444,15592.0,False,False,False,False
gru_negbin,dengue,2,BA,2024-03-10,38,2023-06-18,284.2,354.2,450.0,651.2,941.2,1309.4,1713.6,1989.6,2250.8,18217,16592.076666666668,2013.2766666666669,0.0,14578.800000000001,17275.8,False,False,False,False
gru_negbin,dengue,2,BA,2024-03-17,39,2023-06-18,288.8,359.0,454.4,654.0,941.2,1305.4,1703.8,1976.2,2233.4,19414,17797.969999999998,2145.258888888889,0.0,15652.711111111113,18472.8,False,False,False,False
gru_negbin,dengue,2,BA,2024-03-24,40,2023-06-18,286.4,355.0,447.8,642.8,921.8,1273.8,1658.6,1921.4,2169.6,17522,15948.65111111111,1934.2955555555554,0.0,14014.355555555556,16600.2,False,False,False,False
gru_negbin,dengue,2,BA,2024-03-31,41,2023-06-18,280.4,346.2,435.6,621.6,886.8,1220.8,1585.0,1833.2,2067.4,20115,18611.43666666666,2221.7477777777776,0.0,16389.68888888889,19228.2,False,False,False,False
gru_negbin,dengue,2,BA,2024-04-07,42,2023-06-18,269.6,331.8,416.4,591.2,840.6,1153.6,1494.4,1726.6,1945.8,18026,16608.076666666668,1989.498888888889,0.0,14618.577777777778,17185.4,False,False,False,False
gru_negbin,dengue,2,BA,2024-04-14,43,2023-06-18,255.4,314.4,394.8,560.2,796.2,1093.0,1415.8,1635.8,1843.2,16006,14662.703333333331,1765.7699999999998,0.0,12896.933333333332,15209.8,False,False,False,False
gru_negbin,dengue,2,BA,2024-04-21,44,2023-06-18,236.6,291.8,366.8,522.6,745.2,1025.8,1331.4,1540.0,1737.2,12596,11332.707777777778,1388.3522222222223,0.0,9944.355555555558,11850.8,False,False,False,False
gru_negbin,dengue,2,BA,2024-04-28,45,2023-06-18,214.2,265.2,335.0,481.0,690.2,955.4,1245.2,1443.4,1630.6,11063,9881.72,1220.0755555555556,0.0,8661.644444444444,10372.8,False,False,False,False
gru_negbin,dengue,2,BA,2024-05-05,46,2023-06-18,190.6,237.6,302.0,436.8,632.0,880.6,1153.6,1340.6,1517.4,9761,8666.828888888887,1077.54,0.0,7589.288888888888,9129.0,False,False,False,False
gru_negbin,dengue,2,BA,2024-05-12,47,2023-06-18,165.0,207.0,265.2,388.2,567.4,796.8,1049.6,1223.4,1388.0,7540,6544.552222222222,832.9522222222223,0.0,5711.599999999999,6972.6,False,False,False,False
gru_negbin,dengue,2,BA,2024-05-19,48,2023-06-18,138.0,174.8,225.6,334.2,493.4,698.2,925.6,1082.2,1230.4,5799,4921.351111111111,641.44,0.0,4279.911111111111,5305.6,False,False,False,False
gru_negbin,dengue,2,BA,2024-05-26,49,2023-06-18,114.2,146.0,190.6,286.2,428.0,612.2,816.8,958.8,1093.6,3859,3084.2988888888885,427.7211111111111,0.0,2656.577777777778,3431.0,False,False,False,False
gru_negbin,dengue,2,BA,2024-06-02,50,2023-06-18,92.2,119.6,157.6,241.2,366.4,530.4,714.0,841.0,962.2,2946,2269.3244444444445,327.9022222222222,0.0,1941.4222222222222,2579.6,False,False,False,False
gru_negbin,dengue,2,BA,2024-06-09,51,2023-06-18,76.6,100.0,133.4,206.8,317.2,463.2,627.0,741.0,849.4,2245,1650.6955555555553,250.82888888888886,0.0,1399.8666666666666,1927.8,False,False,False,False
gru_negbin,dengue,2,BA,2024-06-16,52,2023-06-18,65.2,85.8,115.0,179.4,276.6,405.4,550.2,651.0,747.4,1599,1077.4522222222222,179.23000000000002,0.0,898.2222222222222,1322.4,False,False,False,False
gru_negbin,dengue,2,BA,2024-06-23,53,2023-06-18,57.8,75.8,101.4,157.4,242.8,354.4,480.6,568.4,651.8,1372,916.4555555555556,153.61111111111111,0.0,762.8444444444444,1129.2,False,False,False,False
gru_negbin,dengue,2,BA,2024-06-30,54,2023-06-18,52.6,68.0,90.2,137.8,209.0,302.0,406.0,478.2,546.8,1259,874.11,140.11,0.0,734.0,1050.0,False,False,False,False
gru_negbin,dengue,2,BA,2024-07-07,55,2023-06-18,49.2,62.8,81.6,122.2,181.2,257.8,342.6,400.8,456.2,1124,799.3499999999999,124.10555555555554,0.0,675.2444444444445,942.8,False,False,False,False
gru_negbin,dengue,2,BA,2024-07-14,56,2023-06-18,46.2,58.2,74.6,109.2,159.0,222.6,291.8,339.2,384.4,983,706.3499999999999,107.68333333333334,0.0,598.6666666666665,824.0,False,False,False,False
gru_negbin,dengue,2,BA,2024-07-21,57,2023-06-18,44.4,54.8,69.2,99.2,142.0,195.4,253.4,292.8,330.2,753,512.7144444444444,81.55888888888889,0.0,431.15555555555557,611.0,False,False,False,False
gru_negbin,dengue,2,BA,2024-07-28,58,2023-06-18,42.4,52.0,65.0,91.6,129.0,175.2,225.0,258.6,290.4,680,466.6066666666667,73.09555555555555,0.0,393.51111111111106,551.0,False,False,False,False
gru_negbin,dengue,2,BA,2024-08-04,59,2023-06-18,40.8,49.6,61.6,85.4,118.4,159.0,203.0,232.6,260.2,595,402.37222222222226,63.43888888888888,0.0,338.93333333333334,476.6,False,False,False,False
gru_negbin,dengue,2,BA,2024-08-11,60,2023-06-18,38.2,46.2,57.2,78.6,108.0,144.2,183.0,209.0,233.0,541,367.3977777777778,57.44222222222223,0.0,309.9555555555555,433.0,False,False,False,False
gru_negbin,dengue,2,BA,2024-08-18,61,2023-06-18,36.0,43.4,53.0,72.4,99.0,130.8,165.2,188.4,209.8,473,316.0477777777778,49.87,0.0,266.17777777777775,374.0,False,False,False,False
gru_negbin,dengue,2,BA,2024-08-25,62,2023-06-18,34.0,40.6,49.4,67.2,91.2,120.4,151.6,172.4,191.6,402,258.1,42.1,0.0,216.0,310.8,False,False,False,False
gru_negbin,dengue,2,BA,2024-09-01,63,2023-06-18,31.6,37.6,45.6,62.0,84.0,111.0,139.4,158.2,176.2,385,252.66111111111115,40.394444444444446,0.0,212.26666666666668,301.0,False,False,False,False
gru_negbin,dengue,2,BA,2024-09-08,64,2023-06-18,29.6,35.8,43.0,58.2,78.6,103.4,129.4,147.0,163.4,401,277.96555555555557,42.23222222222222,0.0,235.73333333333332,322.4,False,False,False,False
gru_negbin,dengue,2,BA,2024-09-15,65,2023-06-18,28.2,33.8,40.8,55.2,74.4,97.8,122.4,139.0,154.2,337,220.69333333333333,35.22666666666667,0.0,185.46666666666664,262.6,False,False,False,False
gru_negbin,dengue,2,BA,2024-09-22,66,2023-06-18,27.0,32.0,39.2,52.6,71.2,93.6,117.2,133.0,148.2,314,202.5622222222222,32.78444444444445,0.0,169.77777777777777,242.8,False,False,False,False
gru_negbin,dengue,2,BA,2024-09-29,67,2023-06-18,26.0,31.0,37.8,50.8,68.8,90.8,114.0,129.6,143.6,234,125.79777777777775,24.019999999999996,0.0,101.77777777777777,165.2,False,False,False,False
gru_negbin,dengue,2,CE,2023-10-08,16,2023-06-18,59.2,66.2,74.4,90.2,110.4,132.8,155.6,170.2,183.6,85,9.995555555555555,8.84,1.1555555555555561,0.0,25.400000000000006,False,True,True,True
gru_negbin,dengue,2,CE,2023-10-15,17,2023-06-18,52.8,59.4,67.6,82.8,102.0,123.8,146.2,160.6,173.6,88,7.375555555555555,7.375555555555555,0.0,0.0,14.0,True,True,True,True
gru_negbin,dengue,2,CE,2023-10-22,18,2023-06-18,46.6,52.8,60.4,75.2,93.6,114.8,136.6,150.6,163.2,86,6.472222222222221,6.472222222222221,0.0,0.0,7.599999999999994,True,True,True,True
gru_negbin,dengue,2,CE,2023-10-29,19,2023-06-18,41.2,47.2,54.8,68.6,86.8,108.2,129.6,143.8,156.6,61,10.132222222222222,8.443333333333335,1.6888888888888876,0.0,25.799999999999997,False,True,True,True
gru_negbin,dengue,2,CE,2023-11-05,20,2023-06-18,36.8,42.4,49.6,63.6,81.8,102.8,124.4,138.8,152.4,78,5.975555555555555,5.975555555555555,0.0,0.0,3.799999999999997,True,True,True,True
gru_negbin,dengue,2,CE,2023-11-12,21,2023-06-18,32.6,38.0,45.2,58.8,77.4,99.2,121.8,136.4,150.4,63,7.294444444444445,7.294444444444445,0.0,0.0,14.400000000000006,True,True,True,True
gru_negbin,dengue,2,CE,2023-11-19,22,2023-06-18,28.8,34.4,41.6,55.2,73.8,96.0,119.4,134.6,149.4,84,6.912222222222223,6.912222222222223,0.0,0.0,10.200000000000003,True,True,True,True
gru_negbin,dengue,2,CE,2023-11-26,23,2023-06-18,25.8,31.2,38.2,52.2,71.4,94.4,118.8,135.0,150.4,75,6.38111111111111,6.38111111111111,0.0,0.0,3.5999999999999943,True,True,True,True
gru_negbin,dengue,2,CE,2023-12-03,24,2023-06-18,23.6,28.8,35.8,50.0,70.0,93.8,119.6,137.0,153.4,81,7.441111111111111,7.441111111111111,0.0,0.0,11.0,True,True,True,True
gru_negbin,dengue,2,CE,2023-12-10,25,2023-06-18,22.2,27.4,34.4,49.0,69.0,93.6,120.6,138.8,155.6,64,6.927777777777778,6.927777777777778,0.0,0.0,5.0,True,True,True,True
gru_negbin,dengue,2,CE,2023-12-17,26,2023-06-18,22.2,27.8,34.8,49.6,70.2,96.0,123.8,142.6,160.4,26,19.11,11.510000000000002,7.6000000000000005,0.0,44.2,False,False,False,True
gru_negbin,dengue,2,CE,2023-12-24,27,2023-06-18,24.2,29.8,37.4,53.4,75.4,103.0,132.6,152.6,171.4,28,20.453333333333333,12.32,8.133333333333333,0.0,47.400000000000006,False,False,False,True
gru_negbin,dengue,2,CE,2023-12-31,28,2023-06-18,27.4,33.6,42.2,59.6,83.6,113.4,146.0,167.8,188.0,77,8.412222222222221,8.412222222222221,0.0,0.0,6.599999999999994,True,True,True,True
gru_negbin,dengue,2,CE,2024-01-07,29,2023-06-18,32.2,39.6,49.2,68.6,95.4,128.6,164.0,188.0,210.2,75,10.78888888888889,10.78888888888889,0.0,0.0,20.400000000000006,True,True,True,True
gru_negbin,dengue,2,CE,2024-01-14,30,2023-06-18,39.2,47.4,58.4,80.0,110.2,147.2,186.2,212.8,237.4,106,9.978888888888887,9.978888888888887,0.0,0.0,4.200000000000003,True,True,True,True
gru_negbin,dengue,2,CE,2024-01-21,31,2023-06-18,48.2,58.2,70.6,95.8,130.2,172.0,216.2,245.8,273.8,148,12.784444444444446,12.784444444444446,0.0,0.0,17.80000000000001,True,True,True,True
gru_negbin,dengue,2,CE,2024-01-28,32,2023-06-18,62.4,73.8,89.0,118.4,158.6,207.2,258.2,292.0,323.8,182,15.17,15.17,0.0,0.0,23.400000000000006,True,True,True,True
gru_negbin,dengue,2,CE,2024-02-04,33,2023-06-18,81.0,94.8,113.0,148.6,196.2,253.2,313.0,352.6,389.4,184,16.188888888888886,16.188888888888886,0.0,0.0,12.199999999999989,True,True,True,True
gru_negbin,dengue,2,CE,2024-02-11,34,2023-06-18,105.0,122.2,143.8,186.6,243.4,310.4,380.8,426.8,470.2,213,20.935555555555553,20.935555555555553,0.0,0.0,30.400000000000006,True,True,True,True
gru_negbin,dengue,2,CE,2024-02-18,35,2023-06-18,133.4,154.0,180.8,231.8,299.6,379.4,462.4,517.4,568.0,305,21.50999999999999,21.50999999999999,0.0,0.0,5.399999999999977,True,True,True,True
gru_negbin,dengue,2,CE,2024-02-25,36,2023-06-18,166.2,191.0,223.0,284.6,365.4,460.4,558.8,623.8,683.8,442,33.42444444444444,33.42444444444444,0.0,0.0,76.60000000000002,True,True,True,True
gru_negbin,dengue,2,CE,2024-03-03,37,2023-06-18,204.2,234.2,272.6,345.8,442.6,555.4,672.0,748.8,820.0,474,33.14777777777777,33.14777777777777,0.0,0.0,31.399999999999977,True,True,True,True
gru_negbin,dengue,2,CE,2024-03-10,38,2023-06-18,247.6,284.0,330.0,418.4,534.2,670.2,810.0,902.2,987.4,471,42.656666666666666,42.656666666666666,0.0,0.0,63.200000000000045,True,True,True,True
gru_negbin,dengue,2,CE,2024-03-17,39,2023-06-18,297.8,341.6,397.6,504.4,644.8,809.2,979.0,1091.0,1194.2,493,62.559999999999995,60.02666666666667,2.5333333333333283,0.0,151.79999999999995,False,True,True,True
gru_negbin,dengue,2,CE,2024-03-24,40,2023-06-18,356.6,409.0,476.4,605.2,774.2,972.0,1176.6,1311.6,1436.2,502,105.14222222222223,82.2088888888889,22.933333333333344,0.0,272.20000000000005,False,True,True,True
gru_negbin,dengue,2,CE,2024-03-31,41,2023-06-18,420.6,482.8,562.6,715.4,916.4,1151.6,1395.2,1555.4,1704.0,826,71.82777777777777,71.82777777777777,0.0,0.0,90.39999999999998,True,True,True,True
gru_negbin,dengue,2,CE,2024-04-07,42,2023-06-18,489.8,562.2,654.8,833.0,1066.8,1341.6,1625.4,1812.4,1985.4,890,91.66888888888889,91.66888888888889,0.0,0.0,176.79999999999995,True,True,True,True
gru_negbin,dengue,2,CE,2024-04-14,43,2023-06-18,563.4,646.0,751.6,954.0,1219.8,1531.0,1853.0,2065.0,2260.6,832,151.92666666666668,124.81555555555558,27.11111111111111,0.0,387.79999999999995,False,True,True,True
gru_negbin,dengue,2,CE,2024-04-21,44,2023-06-18,636.8,730.2,849.4,1077.8,1377.4,1728.4,2090.8,2329.4,2550.2,662,320.8188888888889,171.6188888888889,149.2,0.0,715.4000000000001,False,False,False,True
gru_negbin,dengue,2,CE,2024-04-28,45,2023-06-18,702.4,805.8,938.4,1192.4,1526.2,1917.2,2322.0,2588.6,2835.2,666,414.91555555555556,198.24888888888887,216.66666666666666,0.0,860.2,False,False,False,False
gru_negbin,dengue,2,CE,2024-05-05,46,2023-06-18,749.4,862.4,1006.4,1284.0,1649.2,2079.0,2523.6,2817.0,3088.4,532,630.9944444444444,236.7277777777778,394.2666666666667,0.0,1117.2,False,False,False,False
gru_negbin,dengue,2,CE,2024-05-12,47,2023-06-18,782.0,902.0,1055.8,1352.4,1743.8,2204.8,2683.2,2999.4,3291.6,461,762.9000000000001,263.29999999999995,499.59999999999997,0.0,1282.8,False,False,False,False
gru_negbin,dengue,2,CE,2024-05-19,48,2023-06-18,802.8,927.8,1088.2,1397.8,1807.6,2291.2,2793.4,3125.2,3432.8,420,844.4200000000001,280.73111111111103,563.688888888889,0.0,1387.6,False,False,False,False
gru_negbin,dengue,2,CE,2024-05-26,49,2023-06-18,797.4,923.0,1084.8,1397.6,1812.0,2301.4,2810.4,3147.0,3458.8,346,917.3433333333334,290.9433333333334,626.4,0.0,1466.0,False,False,False,False
gru_negbin,dengue,2,CE,2024-06-02,50,2023-06-18,763.8,885.8,1043.0,1347.2,1751.0,2228.8,2725.6,3055.0,3360.2,351,866.1844444444445,280.4511111111112,585.7333333333333,0.0,1400.0,False,False,False,False
gru_negbin,dengue,2,CE,2024-06-09,51,2023-06-18,714.6,829.2,976.4,1261.8,1641.0,2089.8,2556.8,2866.2,3153.0,366,774.0777777777778,258.96666666666664,515.1111111111111,0.0,1275.0,False,False,False,False
gru_negbin,dengue,2,CE,2024-06-16,52,2023-06-18,673.2,779.0,915.2,1178.6,1526.6,1938.0,2365.2,2648.0,2909.8,304,761.2255555555555,243.44777777777776,517.7777777777778,0.0,1222.6,False,False,False,False
gru_negbin,dengue,2,CE,2024-06-23,53,2023-06-18,632.4,729.6,854.0,1093.4,1409.8,1781.6,2167.2,2421.4,2657.2,249,740.5288888888889,226.43999999999997,514.088888888889,0.0,1160.8,False,False,False,False
gru_negbin,dengue,2,CE,2024-06-30,54,2023-06-18,593.0,680.8,792.8,1008.2,1290.6,1621.4,1962.8,2188.2,2396.2,291,622.5222222222222,197.89999999999998,424.6222222222222,0.0,999.5999999999999,False,False,False,False
gru_negbin,dengue,2,CE,2024-07-07,55,2023-06-18,553.4,632.4,732.8,924.4,1175.2,1467.8,1769.0,1966.8,2149.4,233,606.2644444444445,181.5977777777778,424.6666666666667,0.0,942.2,False,False,False,False
gru_negbin,dengue,2,CE,2024-07-14,56,2023-06-18,512.6,583.6,672.8,843.6,1064.8,1322.6,1587.0,1760.6,1920.6,184,582.7155555555555,165.69333333333333,417.0222222222222,0.0,880.8,False,False,False,False
gru_negbin,dengue,2,CE,2024-07-21,57,2023-06-18,472.8,535.8,615.0,766.0,960.6,1186.4,1417.0,1568.2,1707.6,145,552.2644444444445,150.13111111111115,402.1333333333333,0.0,815.6,False,False,False,False
gru_negbin,dengue,2,CE,2024-07-28,58,2023-06-18,431.4,487.2,557.2,689.4,859.4,1056.2,1256.4,1387.4,1507.8,176,452.54222222222216,127.83111111111111,324.71111111111105,0.0,683.4,False,False,False,False
gru_negbin,dengue,2,CE,2024-08-04,59,2023-06-18,392.4,441.2,503.0,619.0,768.0,939.2,1113.2,1226.8,1331.0,184,381.2033333333333,110.18111111111111,271.0222222222222,0.0,584.0,False,False,False,False
gru_negbin,dengue,2,CE,2024-08-11,60,2023-06-18,354.2,397.6,452.6,555.0,686.6,837.0,989.8,1089.4,1180.8,153,354.15,99.17222222222222,254.9777777777778,0.0,533.6,False,False,False,False
gru_negbin,dengue,2,CE,2024-08-18,61,2023-06-18,318.4,357.0,405.2,495.6,611.0,743.0,876.8,963.6,1043.6,130,323.14888888888885,88.43777777777777,234.71111111111108,0.0,481.0,False,False,False,False
gru_negbin,dengue,2,CE,2024-08-25,62,2023-06-18,279.6,312.8,354.2,431.2,529.4,642.0,755.6,830.0,897.6,107,287.8111111111111,76.74444444444444,211.0666666666667,0.0,422.4,False,False,False,False
gru_negbin,dengue,2,CE,2024-09-01,63,2023-06-18,243.4,271.6,307.2,373.4,457.4,553.4,650.0,712.6,770.0,92,249.95444444444442,66.04333333333334,183.91111111111113,0.0,365.4,False,False,False,False
gru_negbin,dengue,2,CE,2024-09-08,64,2023-06-18,211.2,236.0,266.8,324.4,397.6,480.6,564.8,619.4,669.4,95,202.0388888888889,55.72777777777778,146.31111111111113,0.0,302.6,False,False,False,False
gru_negbin,dengue,2,CE,2024-09-15,65,2023-06-18,184.2,205.8,233.2,284.2,348.8,422.6,497.6,546.0,590.4,78,182.0011111111111,49.69,132.3111111111111,0.0,270.8,False,False,False,False
gru_negbin,dengue,2,CE,2024-09-22,66,2023-06-18,162.4,182.2,206.6,252.4,310.8,377.6,444.8,488.8,529.0,90,140.80333333333334,42.225555555555566,98.57777777777778,0.0,220.8,False,False,False,False
gru_negbin,dengue,2,CE,2024-09-29,67,2023-06-18,143.6,161.4,183.6,225.6,279.0,339.6,401.8,441.8,479.0,55,150.8722222222222,41.05,109.82222222222224,0.0,224.0,False,False,False,False
gru_negbin,dengue,2,DF,2023-10-08,16,2023-06-18,47.6,55.4,64.8,83.0,107.4,135.6,164.8,184.0,201.6,252,95.05111111111111,23.495555555555555,0.0,71.55555555555556,144.6,False,False,False,False
gru_negbin,dengue,2,DF,2023-10-15,17,2023-06-18,47.4,55.2,65.4,84.6,110.0,140.0,171.0,191.8,210.6,355,192.09333333333333,35.071111111111115,0.0,157.02222222222224,245.0,False,False,False,False
gru_negbin,dengue,2,DF,2023-10-22,18,2023-06-18,47.0,55.0,65.6,85.4,112.6,144.8,178.2,200.6,221.2,281,111.36555555555555,27.09888888888889,0.0,84.26666666666667,168.4,False,False,False,False
gru_negbin,dengue,2,DF,2023-10-29,19,2023-06-18,46.0,54.6,65.4,86.8,115.6,149.8,185.8,209.8,232.0,365,188.33333333333331,36.644444444444446,0.0,151.68888888888887,249.4,False,False,False,False
gru_negbin,dengue,2,DF,2023-11-05,20,2023-06-18,45.2,54.0,65.0,87.4,117.6,154.2,192.6,218.6,242.6,503,319.85,52.29444444444444,0.0,267.55555555555554,385.4,False,False,False,False
gru_negbin,dengue,2,DF,2023-11-12,21,2023-06-18,44.2,53.0,65.0,88.4,120.6,159.8,201.0,228.8,254.8,590,399.06777777777774,62.26777777777777,0.0,336.8,469.4,False,False,False,False
gru_negbin,dengue,2,DF,2023-11-19,22,2023-06-18,43.4,52.6,65.2,89.8,124.2,165.8,210.8,240.8,269.0,944,744.0244444444445,101.89111111111112,0.0,642.1333333333334,819.8,False,False,False,False
gru_negbin,dengue,2,DF,2023-11-26,23,2023-06-18,42.4,51.8,65.0,90.8,127.4,172.4,220.6,253.8,284.2,1255,1045.5344444444445,136.86777777777775,0.0,908.6666666666666,1127.6,False,False,False,False
gru_negbin,dengue,2,DF,2023-12-03,24,2023-06-18,41.6,51.8,65.2,92.6,131.6,179.8,232.4,268.0,301.2,1671,1450.6933333333334,183.4488888888889,0.0,1267.2444444444445,1539.4,False,False,False,False
gru_negbin,dengue,2,DF,2023-12-10,25,2023-06-18,41.8,52.2,66.4,95.8,137.2,189.8,246.6,285.0,321.4,2468,2234.3888888888887,272.3444444444445,0.0,1962.0444444444447,2330.8,False,False,False,False
gru_negbin,dengue,2,DF,2023-12-17,26,2023-06-18,43.0,54.0,68.8,100.0,144.6,201.2,262.6,304.6,344.4,2833,2584.032222222222,313.09888888888895,0.0,2270.9333333333334,2688.4,False,False,False,False
gru_negbin,dengue,2,DF,2023-12-24,27,2023-06-18,45.4,57.4,73.2,106.8,154.8,215.6,282.4,327.8,370.6,3680,3412.4377777777777,407.1933333333334,0.0,3005.2444444444445,3525.2,False,False,False,False
gru_negbin,dengue,2,DF,2023-12-31,28,2023-06-18,49.4,62.0,79.4,115.4,167.2,233.0,304.8,354.0,400.0,8565,8276.09,949.8233333333333,0.0,7326.266666666666,8397.8,False,False,False,False
gru_negbin,dengue,2,DF,2024-01-07,29,2023-06-18,55.8,69.8,88.8,128.4,184.6,255.6,333.0,385.8,435.6,8713,8397.269999999999,965.7144444444444,0.0,7431.555555555556,8528.4,False,False,False,False
gru_negbin,dengue,2,DF,2024-01-14,30,2023-06-18,64.8,80.2,101.0,144.2,204.8,281.0,363.8,420.2,473.4,13135,12789.865555555556,1456.1766666666667,0.0,11333.688888888888,12930.2,False,False,False,False
gru_negbin,dengue,2,DF,2024-01-21,31,2023-06-18,74.6,91.8,114.6,161.2,226.6,308.4,397.0,456.4,513.0,19232,18855.584444444445,2132.651111111111,0.0,16722.933333333334,19005.4,False,False,False,False
gru_negbin,dengue,2,DF,2024-01-28,32,2023-06-18,87.8,106.6,131.6,181.8,252.2,339.2,432.0,495.0,553.8,22583,22172.85777777778,2503.5244444444447,0.0,19669.333333333332,22330.8,False,False,False,False
gru_negbin,dengue,2,DF,2024-02-04,33,2023-06-18,102.4,122.8,150.0,204.4,279.6,371.2,468.8,534.6,596.4,21745,21299.604444444445,2408.715555555556,0.0,18890.88888888889,21465.4,False,False,False,False
gru_negbin,dengue,2,DF,2024-02-11,34,2023-06-18,117.4,139.6,169.4,227.8,308.0,405.2,507.8,576.8,641.4,21486,21003.32222222222,2378.255555555556,0.0,18625.066666666666,21178.0,False,False,False,False
gru_negbin,dengue,2,DF,2024-02-18,35,2023-06-18,133.0,157.6,189.6,252.8,338.2,441.8,550.6,623.6,691.6,23166,22642.425555555557,2563.2255555555553,0.0,20079.199999999997,22827.8,False,False,False,False
gru_negbin,dengue,2,DF,2024-02-25,36,2023-06-18,148.4,174.8,209.4,277.0,368.8,479.0,594.6,671.6,743.6,21990,21424.564444444448,2430.9644444444443,0.0,18993.600000000002,21621.2,False,False,False,False
gru_negbin,dengue,2,DF,2024-03-03,37,2023-06-18,162.8,191.4,228.4,301.0,398.6,515.6,638.4,720.4,796.6,19205,18597.587777777782,2120.032222222222,0.0,16477.555555555555,18806.4,False,False,False,False
gru_negbin,dengue,2,DF,2024-03-10,38,2023-06-18,180.4,212.0,252.2,331.4,437.6,564.4,697.8,786.2,868.8,17170,16506.16222222222,1892.2066666666663,0.0,14613.955555555556,16732.4,False,False,False,False
gru_negbin,dengue,2,DF,2024-03-17,39,2023-06-18,200.2,234.0,278.0,363.4,477.6,614.4,757.4,852.6,941.0,15588,14867.097777777779,1714.52,0.0,13152.577777777777,15110.4,False,False,False,False
gru_negbin,dengue,2,DF,2024-03-24,40,2023-06-18,220.6,257.2,303.8,395.8,518.0,663.6,815.6,916.4,1010.0,10347,9570.605555555556,1130.072222222222,0.0,8440.533333333333,9829.0,False,False,False,False
gru_negbin,dengue,2,DF,2024-03-31,41,2023-06-18,241.4,280.2,330.4,427.6,557.0,710.4,870.0,976.0,1074.2,10614,9785.371111111112,1157.5044444444443,0.0,8627.866666666665,10057.0,False,False,False,False
gru_negbin,dengue,2,DF,2024-04-07,42,2023-06-18,257.8,298.6,350.8,452.4,586.6,745.0,910.4,1019.8,1120.8,9539,8671.765555555556,1036.21,0.0,7635.555555555556,8952.4,False,False,False,False
gru_negbin,dengue,2,DF,2024-04-14,43,2023-06-18,267.6,309.2,362.6,466.2,603.0,764.6,932.4,1043.2,1146.2,7332,6443.6322222222225,789.9433333333333,0.0,5653.688888888889,6729.0,False,False,False,False
gru_negbin,dengue,2,DF,2024-04-21,44,2023-06-18,268.6,310.2,363.6,467.2,603.4,764.6,932.2,1043.0,1145.6,5581,4692.705555555555,595.2388888888889,0.0,4097.466666666666,4977.6,False,False,False,False
gru_negbin,dengue,2,DF,2024-04-28,45,2023-06-18,263.4,304.6,357.0,459.2,593.8,753.0,918.4,1027.6,1129.0,4417,3541.9955555555553,466.44,0.0,3075.5555555555557,3823.2,False,False,False,False
gru_negbin,dengue,2,DF,2024-05-05,46,2023-06-18,251.6,291.2,342.0,440.0,570.0,723.8,883.6,989.4,1087.0,3696,2854.2455555555553,387.5344444444445,0.0,2466.711111111111,3126.0,False,False,False,False
gru_negbin,dengue,2,DF,2024-05-12,47,2023-06-18,232.4,269.4,316.8,409.2,531.6,676.2,826.8,926.6,1019.2,3192,2404.3733333333334,333.44,0.0,2070.9333333333334,2660.4,False,False,False,False
gru_negbin,dengue,2,DF,2024-05-19,48,2023-06-18,209.2,242.8,286.6,371.2,484.2,618.2,757.8,850.0,936.0,2828,2106.511111111111,295.4,0.0,1811.111111111111,2343.8,False,False,False,False
gru_negbin,dengue,2,DF,2024-05-26,49,2023-06-18,184.2,214.4,253.8,330.6,432.8,554.6,681.6,766.2,844.8,2019,1369.9522222222222,207.99666666666667,0.0,1161.9555555555555,1586.2,False,False,False,False
gru_negbin,dengue,2,DF,2024-06-02,50,2023-06-18,160.2,187.0,222.6,290.8,382.6,492.2,606.8,682.8,753.8,1356,778.5555555555555,136.68888888888887,0.0,641.8666666666666,973.4,False,False,False,False
gru_negbin,dengue,2,DF,2024-06-09,51,2023-06-18,138.8,162.6,193.6,254.4,336.0,433.4,535.6,603.2,667.0,886,376.4411111111111,86.48555555555555,0.0,289.9555555555555,550.0,False,False,False,False
gru_negbin,dengue,2,DF,2024-06-16,52,2023-06-18,120.4,141.4,168.2,221.2,292.2,377.2,466.2,525.2,580.6,586,142.48777777777775,54.754444444444445,0.0,87.73333333333332,293.8,False,False,False,False
gru_negbin,dengue,2,DF,2024-06-23,53,2023-06-18,104.4,122.4,145.8,191.6,253.0,326.2,403.2,454.4,501.8,299,24.205555555555552,24.205555555555552,0.0,0.0,46.0,True,True,True,True
gru_negbin,dengue,2,DF,2024-06-30,54,2023-06-18,91.8,107.6,127.8,167.8,221.6,285.4,351.8,396.4,437.8,344,43.26444444444445,30.242222222222225,0.0,13.022222222222227,122.4,False,True,True,True
gru_negbin,dengue,2,DF,2024-07-07,55,2023-06-18,80.4,94.4,112.4,147.4,194.4,250.2,309.0,347.6,383.8,290,34.04555555555555,25.20111111111111,0.0,8.844444444444447,95.6,False,True,True,True
gru_negbin,dengue,2,DF,2024-07-14,56,2023-06-18,71.0,83.2,99.0,130.0,171.0,220.2,271.6,305.8,337.2,205,16.576666666666668,16.576666666666668,0.0,0.0,34.0,True,True,True,True
gru_negbin,dengue,2,DF,2024-07-21,57,2023-06-18,64.2,75.2,89.4,117.2,154.2,197.8,243.2,273.6,302.0,218,22.99888888888889,18.510000000000005,0.0,4.488888888888886,63.80000000000001,False,True,True,True
gru_negbin,dengue,2,DF,2024-07-28,58,2023-06-18,59.6,69.4,82.8,107.6,141.0,180.4,221.4,248.6,274.0,247,42.57333333333334,22.084444444444443,0.0,20.488888888888887,106.0,False,False,True,True
gru_negbin,dengue,2,DF,2024-08-04,59,2023-06-18,55.6,64.8,76.8,99.8,130.4,166.6,204.0,228.6,251.8,232,42.24777777777778,20.736666666666665,0.0,21.511111111111113,101.6,False,False,False,True
gru_negbin,dengue,2,DF,2024-08-11,60,2023-06-18,52.0,60.8,71.6,92.8,120.8,154.0,188.8,211.2,232.2,259,79.54333333333332,24.03222222222222,0.0,55.51111111111111,138.2,False,False,False,False
gru_negbin,dengue,2,DF,2024-08-18,61,2023-06-18,48.2,56.4,66.8,86.4,112.4,143.4,174.8,196.0,215.6,227,60.38111111111112,20.781111111111112,0.0,39.599999999999994,114.6,False,False,False,False
gru_negbin,dengue,2,DF,2024-08-25,62,2023-06-18,45.6,53.0,62.6,81.0,105.2,133.8,164.0,183.4,201.8,196,41.32555555555555,17.59222222222222,0.0,23.73333333333333,90.8,False,False,False,True
gru_negbin,dengue,2,DF,2024-09-01,63,2023-06-18,43.0,50.4,59.8,77.4,100.4,128.0,156.8,175.4,192.8,184,36.876666666666665,16.476666666666667,0.0,20.399999999999995,83.6,False,False,False,True
gru_negbin,dengue,2,DF,2024-09-08,64,2023-06-18,41.2,48.2,57.0,74.0,96.6,123.2,150.8,168.6,185.8,193,49.58111111111111,17.67,0.0,31.911111111111104,96.4,False,False,False,False
gru_negbin,dengue,2,DF,2024-09-15,65,2023-06-18,39.8,46.2,55.2,71.8,94.0,120.0,147.2,165.2,181.8,181,41.07777777777778,16.5,0.0,24.577777777777783,87.0,False,False,False,True
gru_negbin,dengue,2,DF,2024-09-22,66,2023-06-18,38.6,45.6,54.0,70.6,92.8,119.0,146.2,164.4,181.2,199,59.80555555555556,18.65,0.0,41.15555555555556,106.2,False,False,False,False
gru_negbin,dengue,2,DF,2024-09-29,67,2023-06-18,37.8,45.0,53.2,70.2,92.8,119.4,147.6,166.2,183.4,187,46.653333333333336,17.453333333333333,0.0,29.200000000000003,94.2,False,False,False,False
gru_negbin,dengue,2,GO,2023-10-08,16,2023-06-18,186.4,207.2,233.4,281.8,343.2,412.6,481.8,527.2,568.4,681,219.10888888888888,55.997777777777785,0.0,163.1111111111111,337.8,False,False,False,False
gru_negbin,dengue,2,GO,2023-10-15,17,2023-06-18,185.4,207.4,235.2,286.4,351.6,426.2,501.2,550.2,595.0,816,336.11777777777775,71.36222222222221,0.0,264.7555555555556,464.4,False,False,False,False
gru_negbin,dengue,2,GO,2023-10-22,18,2023-06-18,185.6,209.0,238.4,293.4,364.4,445.8,528.2,582.2,631.8,769,263.8211111111111,66.48777777777781,0.0,197.33333333333334,404.6,False,False,False,False
gru_negbin,dengue,2,GO,2023-10-29,19,2023-06-18,184.8,209.6,241.2,300.6,377.8,467.4,558.8,618.8,673.8,769,235.3211111111111,67.05444444444443,0.0,168.2666666666667,391.2,False,False,False,False
gru_negbin,dengue,2,GO,2023-11-05,20,2023-06-18,183.0,209.8,243.8,309.0,394.4,494.4,597.4,665.4,728.0,1053,483.1588888888889,99.42555555555555,0.0,383.73333333333335,658.6,False,False,False,False
gru_negbin,dengue,2,GO,2023-11-12,21,2023-06-18,182.4,211.2,247.8,319.4,414.4,526.2,643.0,720.0,791.4,951,338.57444444444445,88.93,0.0,249.64444444444447,536.6,False,False,False,False
gru_negbin,dengue,2,GO,2023-11-19,22,2023-06-18,182.2,213.0,253.2,332.0,437.6,564.2,697.0,785.4,867.4,1170,506.75111111111113,114.30666666666667,0.0,392.44444444444446,732.4,False,False,False,False
gru_negbin,dengue,2,GO,2023-11-26,23,2023-06-18,183.0,216.2,260.4,347.0,464.6,607.2,757.4,858.0,952.0,1332,611.8144444444443,133.28111111111113,0.0,478.53333333333336,867.4,False,False,False,False
gru_negbin,dengue,2,GO,2023-12-03,24,2023-06-18,184.0,220.0,267.6,362.8,493.6,653.0,822.4,936.4,1043.4,1198,416.5188888888889,119.45222222222222,0.0,297.06666666666666,704.4,False,False,False,False
gru_negbin,dengue,2,GO,2023-12-10,25,2023-06-18,190.8,230.0,281.8,386.4,530.6,708.0,897.4,1025.2,1144.8,993,181.63777777777776,97.06,0.0,84.57777777777778,462.4,False,False,True,True
gru_negbin,dengue,2,GO,2023-12-17,26,2023-06-18,206.4,249.8,306.8,422.2,582.8,780.4,992.0,1134.6,1268.6,706,64.54777777777778,64.54777777777778,0.0,0.0,123.20000000000005,True,True,True,True
gru_negbin,dengue,2,GO,2023-12-24,27,2023-06-18,232.6,280.2,344.6,474.0,653.2,873.8,1109.8,1269.0,1418.2,1203,211.7444444444444,117.87777777777777,0.0,93.86666666666669,549.8,False,False,True,True
gru_negbin,dengue,2,GO,2023-12-31,28,2023-06-18,271.0,325.8,397.8,543.0,742.6,987.4,1248.2,1423.4,1587.6,3670,2484.6744444444444,388.3633333333333,0.0,2096.311111111111,2927.4,False,False,False,False
gru_negbin,dengue,2,GO,2024-01-07,29,2023-06-18,326.6,389.0,471.8,635.8,860.4,1133.0,1422.0,1615.8,1797.0,4031,2679.76,422.8266666666666,0.0,2256.9333333333334,3170.6,False,False,False,False
gru_negbin,dengue,2,GO,2024-01-14,30,2023-06-18,389.6,460.4,552.8,735.8,983.2,1281.0,1595.6,1805.4,2000.8,5399,3882.046666666667,568.0022222222224,0.0,3314.0444444444447,4415.8,False,False,False,False
gru_negbin,dengue,2,GO,2024-01-21,31,2023-06-18,464.8,544.6,648.2,851.0,1123.2,1448.2,1789.2,2015.6,2226.6,8373,6670.732222222222,890.198888888889,0.0,5780.533333333334,7249.8,False,False,False,False
gru_negbin,dengue,2,GO,2024-01-28,32,2023-06-18,550.0,638.8,753.6,976.6,1272.8,1624.2,1990.6,2233.2,2458.6,12515,10619.452222222222,1340.918888888889,0.0,9278.533333333333,11242.2,False,False,False,False
gru_negbin,dengue,2,GO,2024-02-04,33,2023-06-18,642.6,740.6,866.8,1109.0,1428.8,1805.2,2194.8,2452.2,2690.6,14475,12383.095555555554,1548.1622222222222,0.0,10834.933333333334,13046.2,False,False,False,False
gru_negbin,dengue,2,GO,2024-02-11,34,2023-06-18,737.6,844.6,981.6,1243.2,1585.4,1986.2,2399.4,2671.0,2922.2,16496,14207.547777777778,1761.9477777777777,0.0,12445.599999999999,14910.6,False,False,False,False
gru_negbin,dengue,2,GO,2024-02-18,35,2023-06-18,835.0,951.8,1099.8,1382.0,1749.0,2176.8,2615.6,2904.2,3170.0,18879,16382.372222222222,2015.8388888888892,0.0,14366.533333333333,17130.0,False,False,False,False
gru_negbin,dengue,2,GO,2024-02-25,36,2023-06-18,932.4,1059.2,1219.6,1524.4,1919.6,2377.6,2847.0,3154.8,3438.6,19539,16820.261111111107,2078.4833333333336,0.0,14741.777777777777,17619.4,False,False,False,False
gru_negbin,dengue,2,GO,2024-03-03,37,2023-06-18,1024.8,1160.6,1332.8,1658.4,2079.8,2567.8,3066.2,3392.2,3692.8,19170,16241.126666666669,2027.5711111111113,0.0,14213.555555555555,17090.2,False,False,False,False
gru_negbin,dengue,2,GO,2024-03-10,38,2023-06-18,1116.4,1263.2,1448.2,1798.4,2250.6,2773.2,3307.0,3656.2,3977.6,20213,17053.324444444443,2133.7688888888893,0.0,14919.555555555555,17962.4,False,False,False,False
gru_negbin,dengue,2,GO,2024-03-17,39,2023-06-18,1216.0,1374.4,1574.6,1953.2,2441.8,3006.6,3583.0,3960.2,4307.4,19441,16017.147777777776,2037.8588888888892,0.0,13979.288888888888,16999.2,False,False,False,False
gru_negbin,dengue,2,GO,2024-03-24,40,2023-06-18,1330.6,1502.6,1719.4,2128.8,2656.8,3265.8,3887.6,4293.8,4667.8,15771,12055.591111111113,1618.0355555555557,0.0,10437.555555555555,13114.2,False,False,False,False
gru_negbin,dengue,2,GO,2024-03-31,41,2023-06-18,1438.0,1623.4,1857.8,2299.8,2869.4,3527.2,4198.2,4636.8,5039.8,19248,15235.756666666666,1993.5344444444443,0.0,13242.222222222223,16378.6,False,False,False,False
gru_negbin,dengue,2,GO,2024-04-07,42,2023-06-18,1519.2,1715.8,1964.0,2432.8,3037.0,3734.8,4446.6,4911.8,5340.0,19706,15456.52888888889,2036.351111111111,0.0,13420.177777777779,16669.0,False,False,False,False
gru_negbin,dengue,2,GO,2024-04-14,43,2023-06-18,1552.8,1755.0,2010.4,2492.8,3115.2,3834.4,4568.2,5048.2,5489.8,19600,15234.681111111111,2021.481111111111,0.0,13213.199999999999,16484.8,False,False,False,False
gru_negbin,dengue,2,GO,2024-04-21,44,2023-06-18,1538.4,1740.8,1996.0,2479.6,3104.6,3827.2,4565.4,5048.4,5492.8,17751,13389.217777777776,1818.0622222222219,0.0,11571.155555555555,14646.4,False,False,False,False
gru_negbin,dengue,2,GO,2024-04-28,45,2023-06-18,1479.6,1676.8,1926.6,2399.8,3012.4,3721.6,4447.4,4922.6,5360.4,17278,13029.920000000002,1772.1422222222222,0.0,11257.777777777777,14265.6,False,False,False,False
gru_negbin,dengue,2,GO,2024-05-05,46,2023-06-18,1372.6,1558.8,1795.2,2244.0,2826.8,3503.0,4196.0,4650.6,5069.6,15524,11517.165555555555,1588.9877777777779,0.0,9928.177777777779,12697.2,False,False,False,False
gru_negbin,dengue,2,GO,2024-05-12,47,2023-06-18,1233.0,1404.6,1622.6,2038.0,2579.2,3209.8,3857.2,4282.4,4674.8,12494,8812.343333333334,1267.4988888888888,0.0,7544.844444444443,9914.8,False,False,False,False
gru_negbin,dengue,2,GO,2024-05-19,48,2023-06-18,1077.2,1230.6,1426.0,1800.2,2288.8,2859.6,3447.6,3834.4,4191.6,9812,6522.546666666666,985.9244444444442,0.0,5536.622222222223,7523.2,False,False,False,False
gru_negbin,dengue,2,GO,2024-05-26,49,2023-06-18,931.2,1067.0,1240.8,1573.2,2009.6,2521.0,3048.8,3397.0,3718.4,6750,3841.9844444444443,660.9177777777778,0.0,3181.066666666667,4740.4,False,False,False,False
gru_negbin,dengue,2,GO,2024-06-02,50,2023-06-18,796.4,914.2,1065.0,1355.0,1736.6,2184.8,2648.4,2954.2,3237.2,5701,3175.6466666666665,558.0022222222223,0.0,2617.644444444444,3964.4,False,False,False,False
gru_negbin,dengue,2,GO,2024-06-09,51,2023-06-18,686.0,787.4,916.8,1166.0,1493.6,1878.4,2276.4,2539.0,2781.8,4835,2664.252222222222,472.16333333333336,0.0,2192.088888888889,3341.4,False,False,False,False
gru_negbin,dengue,2,GO,2024-06-16,52,2023-06-18,593.8,680.8,791.4,1003.8,1282.8,1610.2,1948.2,2171.0,2377.0,3569,1710.9044444444444,339.8822222222222,0.0,1371.0222222222224,2286.2,False,False,False,False
gru_negbin,dengue,2,GO,2024-06-23,53,2023-06-18,513.6,587.0,680.6,859.8,1094.4,1369.0,1652.0,1838.2,2010.4,2733,1156.9155555555553,254.15999999999997,0.0,902.7555555555556,1638.6,False,False,False,False
gru_negbin,dengue,2,GO,2024-06-30,54,2023-06-18,446.0,508.4,587.2,738.2,934.6,1163.8,1399.6,1554.4,1697.6,2521,1185.1177777777777,236.54000000000002,0.0,948.5777777777779,1586.4,False,False,False,False
gru_negbin,dengue,2,GO,2024-07-07,55,2023-06-18,395.6,448.8,516.0,643.4,808.6,1000.4,1196.8,1325.4,1444.2,1817,673.9499999999999,162.57222222222222,0.0,511.37777777777774,1008.4,False,False,False,False
gru_negbin,dengue,2,GO,2024-07-14,56,2023-06-18,353.6,399.0,456.2,564.2,703.6,864.2,1028.0,1135.4,1233.8,1421,438.29,122.15666666666668,0.0,316.1333333333333,717.4,False,False,False,False
gru_negbin,dengue,2,GO,2024-07-21,57,2023-06-18,318.2,357.6,407.0,500.0,619.2,756.2,895.0,985.6,1068.8,1355,498.9588888888889,117.9811111111111,0.0,380.97777777777776,735.8,False,False,False,False
gru_negbin,dengue,2,GO,2024-07-28,58,2023-06-18,289.8,324.4,368.2,449.6,553.6,672.8,793.4,872.0,943.8,1398,638.7222222222222,125.38888888888889,0.0,513.3333333333334,844.4,False,False,False,False
gru_negbin,dengue,2,GO,2024-08-04,59,2023-06-18,267.6,298.8,338.6,411.6,505.2,611.6,719.4,789.4,853.4,1072,383.30111111111114,91.25666666666666,0.0,292.0444444444444,566.8,False,False,False,False
gru_negbin,dengue,2,GO,2024-08-11,60,2023-06-18,248.4,277.2,313.0,379.6,464.6,561.4,659.0,722.2,780.2,1000,368.99888888888887,85.17666666666668,0.0,283.82222222222225,535.4,False,False,False,False
gru_negbin,dengue,2,GO,2024-08-18,61,2023-06-18,232.2,259.2,292.4,354.4,433.4,522.8,613.2,671.8,725.4,908,320.72,76.54222222222221,0.0,244.1777777777778,474.6,False,False,False,False
gru_negbin,dengue,2,GO,2024-08-25,62,2023-06-18,219.0,244.2,275.8,334.6,409.4,494.4,580.2,636.0,687.0,788,232.30666666666664,64.66222222222221,0.0,167.64444444444445,378.6,False,False,False,False
gru_negbin,dengue,2,GO,2024-09-01,63,2023-06-18,208.8,233.2,263.6,320.6,393.2,475.8,559.4,613.2,663.0,801,265.60777777777776,67.25222222222222,0.0,198.35555555555553,407.8,False,False,False,False
gru_negbin,dengue,2,GO,2024-09-08,64,2023-06-18,202.6,226.8,256.8,313.2,385.2,467.2,550.2,604.4,654.0,825,298.24555555555554,70.64555555555555,0.0,227.59999999999997,439.8,False,False,False,False
gru_negbin,dengue,2,GO,2024-09-15,65,2023-06-18,199.6,224.0,254.2,311.4,384.4,467.8,552.2,607.6,658.4,744,215.4111111111111,62.0777777777778,0.0,153.33333333333331,359.6,False,False,False,False
gru_negbin,dengue,2,GO,2024-09-22,66,2023-06-18,198.0,222.6,253.8,312.2,387.4,473.6,561.2,619.0,671.2,631,103.05333333333331,49.89777777777779,0.0,53.15555555555554,243.60000000000002,False,False,False,True
gru_negbin,dengue,2,GO,2024-09-29,67,2023-06-18,198.6,223.8,256.4,317.0,395.4,486.4,579.4,639.8,695.6,656,111.23888888888891,52.92777777777778,0.0,58.31111111111113,260.6,False,False,False,True
gru_negbin,dengue,2,MA,2023-10-08,16,2023-06-18,5.6,7.2,9.4,13.2,18.6,25.4,32.0,36.6,41.0,24,2.303333333333333,2.303333333333333,0.0,0.0,5.399999999999999,True,True,True,True
gru_negbin,dengue,2,MA,2023-10-15,17,2023-06-18,5.6,7.2,9.2,13.2,19.0,25.4,32.8,37.8,42.0,22,2.0777777777777775,2.0777777777777775,0.0,0.0,3.0,True,True,True,True
gru_negbin,dengue,2,MA,2023-10-22,18,2023-06-18,5.6,7.0,9.2,13.6,19.2,26.0,34.2,39.0,43.6,8,4.566666666666666,3.0555555555555554,1.5111111111111108,0.0,11.2,False,False,True,True
gru_negbin,dengue,2,MA,2023-10-29,19,2023-06-18,5.4,7.0,9.0,13.2,19.4,26.6,34.6,40.0,45.0,16,2.2777777777777777,2.2777777777777777,0.0,0.0,3.3999999999999986,True,True,True,True
gru_negbin,dengue,2,MA,2023-11-05,20,2023-06-18,5.2,6.8,8.8,13.2,19.4,27.2,36.0,41.6,47.2,25,2.6244444444444444,2.6244444444444444,0.0,0.0,5.600000000000001,True,True,True,True
gru_negbin,dengue,2,MA,2023-11-12,21,2023-06-18,4.6,6.6,8.6,13.4,20.0,28.6,37.6,43.8,49.8,21,2.2644444444444445,2.2644444444444445,0.0,0.0,1.0,True,True,True,True
gru_negbin,dengue,2,MA,2023-11-19,22,2023-06-18,4.6,6.0,8.4,13.6,20.6,29.8,39.8,46.6,53.4,28,3.142222222222222,3.142222222222222,0.0,0.0,7.399999999999999,True,True,True,True
gru_negbin,dengue,2,MA,2023-11-26,23,2023-06-18,4.4,6.2,8.6,14.0,21.6,32.0,43.4,50.8,58.6,35,4.725555555555555,4.058888888888888,0.0,0.6666666666666666,13.399999999999999,False,True,True,True
gru_negbin,dengue,2,MA,2023-12-03,24,2023-06-18,4.6,6.2,8.8,14.6,23.2,35.0,47.8,56.8,65.6,11,5.056666666666667,4.256666666666666,0.7999999999999999,0.0,12.2,False,True,True,True
gru_negbin,dengue,2,MA,2023-12-10,25,2023-06-18,4.4,6.6,9.2,16.0,25.8,39.4,55.0,65.6,76.0,17,4.348888888888889,4.348888888888889,0.0,0.0,8.8,True,True,True,True
gru_negbin,dengue,2,MA,2023-12-17,26,2023-06-18,4.8,7.2,10.4,17.8,29.8,46.0,64.2,77.2,89.8,5,11.301111111111112,6.767777777777777,4.533333333333334,0.0,24.8,False,False,False,True
gru_negbin,dengue,2,MA,2023-12-24,27,2023-06-18,5.8,8.6,12.2,21.2,35.8,55.0,77.4,93.6,108.8,13,9.198888888888888,7.376666666666667,1.822222222222222,0.0,22.799999999999997,False,True,True,True
gru_negbin,dengue,2,MA,2023-12-31,28,2023-06-18,7.0,10.0,15.0,26.0,43.4,67.6,95.6,115.0,133.6,53,7.038888888888889,7.038888888888889,0.0,0.0,9.600000000000001,True,True,True,True
gru_negbin,dengue,2,MA,2024-01-07,29,2023-06-18,9.4,13.2,19.2,32.8,54.6,84.6,119.2,143.4,166.8,82,10.465555555555556,10.465555555555556,0.0,0.0,27.4,True,True,True,True
gru_negbin,dengue,2,MA,2024-01-14,30,2023-06-18,12.2,17.2,24.6,41.6,68.2,104.8,146.6,176.0,204.4,83,10.698888888888888,10.698888888888888,0.0,0.0,14.799999999999997,True,True,True,True
gru_negbin,dengue,2,MA,2024-01-21,31,2023-06-18,17.0,23.0,31.8,51.8,82.8,124.0,171.2,204.0,235.6,75,11.20111111111111,11.20111111111111,0.0,0.0,7.799999999999997,True,True,True,True
gru_negbin,dengue,2,MA,2024-01-28,32,2023-06-18,22.8,30.2,41.2,64.6,100.4,147.6,200.6,237.6,273.0,124,14.469999999999999,14.469999999999999,0.0,0.0,23.599999999999994,True,True,True,True
gru_negbin,dengue,2,MA,2024-02-04,33,2023-06-18,30.4,39.2,52.4,80.2,121.8,176.2,236.8,278.4,318.2,214,32.33222222222222,23.932222222222222,0.0,8.400000000000002,92.2,False,True,True,True
gru_negbin,dengue,2,MA,2024-02-11,34,2023-06-18,38.2,49.0,64.2,96.0,143.0,202.8,269.4,315.0,358.0,397,141.84777777777776,43.44777777777777,0.0,98.4,254.0,False,False,False,False
gru_negbin,dengue,2,MA,2024-02-18,35,2023-06-18,45.8,58.2,75.0,110.8,162.2,228.0,299.8,349.0,395.6,602,317.90333333333336,65.54777777777778,0.0,252.35555555555553,439.8,False,False,False,False
gru_negbin,dengue,2,MA,2024-02-25,36,2023-06-18,52.4,66.0,84.0,122.4,177.2,246.2,321.8,373.2,422.0,747,442.00666666666666,80.94,0.0,361.06666666666666,569.8,False,False,False,False
gru_negbin,dengue,2,MA,2024-03-03,37,2023-06-18,58.4,72.8,92.2,132.8,191.0,264.0,342.6,396.6,447.8,768,442.9477777777777,82.72555555555556,0.0,360.22222222222223,577.0,False,False,False,False
gru_negbin,dengue,2,MA,2024-03-10,38,2023-06-18,63.8,79.0,100.0,143.0,204.0,280.6,363.8,420.2,473.6,933,588.0855555555556,100.57444444444444,0.0,487.51111111111106,729.0,False,False,False,False
gru_negbin,dengue,2,MA,2024-03-17,39,2023-06-18,68.8,84.8,106.6,151.6,215.2,294.6,380.4,438.8,493.8,1053,692.1677777777778,113.41222222222221,0.0,578.7555555555556,837.8,False,False,False,False
gru_negbin,dengue,2,MA,2024-03-24,40,2023-06-18,73.0,89.6,112.4,158.0,223.4,304.2,391.4,450.2,506.2,744,372.80222222222227,78.57999999999998,0.0,294.22222222222223,520.6,False,False,False,False
gru_negbin,dengue,2,MA,2024-03-31,41,2023-06-18,76.8,93.8,116.8,164.0,230.2,312.2,401.0,461.0,517.2,844,463.63111111111107,89.27555555555556,0.0,374.35555555555555,613.8,False,False,False,False
gru_negbin,dengue,2,MA,2024-04-07,42,2023-06-18,77.6,94.8,118.2,165.6,231.6,313.8,401.8,461.4,517.6,772,390.74222222222227,81.09777777777778,0.0,309.64444444444445,540.4,False,False,False,False
gru_negbin,dengue,2,MA,2024-04-14,43,2023-06-18,76.4,93.4,116.4,162.6,228.0,308.8,395.8,455.0,510.6,668,292.2722222222222,69.65,0.0,222.6222222222222,440.0,False,False,False,False
gru_negbin,dengue,2,MA,2024-04-21,44,2023-06-18,73.6,90.0,112.2,157.0,220.4,299.2,383.8,441.2,495.2,447,93.53555555555556,45.357777777777784,0.0,48.17777777777778,226.6,False,False,False,True
gru_negbin,dengue,2,MA,2024-04-28,45,2023-06-18,68.4,83.2,103.8,144.4,202.0,273.6,350.6,402.6,451.6,375,65.51777777777778,37.56222222222223,0.0,27.955555555555545,173.0,False,False,True,True
gru_negbin,dengue,2,MA,2024-05-05,46,2023-06-18,62.6,76.4,95.0,132.6,185.2,251.0,321.8,370.0,415.0,311,44.14888888888889,30.81555555555555,0.0,13.333333333333334,125.80000000000001,False,True,True,True
gru_negbin,dengue,2,MA,2024-05-12,47,2023-06-18,57.0,69.2,86.2,120.8,169.0,229.6,295.0,339.6,381.4,216,20.713333333333335,20.713333333333335,0.0,0.0,47.0,True,True,True,True
gru_negbin,dengue,2,MA,2024-05-19,48,2023-06-18,50.0,61.4,76.0,106.8,149.8,203.8,262.2,301.6,339.0,204,19.867777777777775,19.823333333333334,0.0,0.04444444444444192,54.19999999999999,False,True,True,True
gru_negbin,dengue,2,MA,2024-05-26,49,2023-06-18,43.6,53.0,65.8,92.0,129.2,175.2,225.4,259.2,291.0,133,12.256666666666668,12.256666666666668,0.0,0.0,3.8000000000000114,True,True,True,True
gru_negbin,dengue,2,MA,2024-06-02,50,2023-06-18,37.0,44.8,56.2,78.0,109.4,148.2,190.0,218.6,245.4,108,10.117777777777778,10.117777777777778,0.0,0.0,1.4000000000000057,True,True,True,True
gru_negbin,dengue,2,MA,2024-06-09,51,2023-06-18,31.2,38.2,47.4,66.2,92.6,125.6,160.8,184.6,207.2,88,8.935555555555556,8.935555555555556,0.0,0.0,4.599999999999994,True,True,True,True
gru_negbin,dengue,2,MA,2024-06-16,52,2023-06-18,26.2,32.4,40.2,56.2,79.0,106.8,136.8,157.2,176.6,92,8.624444444444443,8.624444444444443,0.0,0.0,13.0,True,True,True,True
gru_negbin,dengue,2,MA,2024-06-23,53,2023-06-18,22.4,27.6,34.2,48.2,68.0,91.8,118.0,135.6,152.0,63,6.759999999999999,6.759999999999999,0.0,0.0,5.0,True,True,True,True
gru_negbin,dengue,2,MA,2024-06-30,54,2023-06-18,19.2,23.4,29.4,41.8,59.2,80.8,104.2,120.0,134.8,48,6.78888888888889,6.78888888888889,0.0,0.0,11.200000000000003,True,True,True,True
gru_negbin,dengue,2,MA,2024-07-07,55,2023-06-18,16.4,20.4,25.8,37.2,53.0,72.0,93.2,107.4,120.8,37,6.800000000000001,6.7555555555555555,0.04444444444444508,0.0,16.0,False,True,True,True
gru_negbin,dengue,2,MA,2024-07-14,56,2023-06-18,14.4,18.0,23.0,33.0,47.2,64.8,83.8,97.0,109.2,23,9.433333333333334,7.211111111111112,2.2222222222222223,0.0,24.200000000000003,False,True,True,True
gru_negbin,dengue,2,MA,2024-07-21,57,2023-06-18,12.6,16.0,20.6,29.8,42.8,58.8,76.4,88.4,99.4,27,6.515555555555555,5.8933333333333335,0.6222222222222223,0.0,15.799999999999997,False,True,True,True
gru_negbin,dengue,2,MA,2024-07-28,58,2023-06-18,11.6,14.6,18.8,27.0,38.8,53.6,69.2,79.8,89.8,27,5.067777777777777,5.067777777777777,0.0,0.0,11.799999999999997,True,True,True,True
gru_negbin,dengue,2,MA,2024-08-04,59,2023-06-18,10.6,13.6,17.4,25.0,36.0,49.2,63.6,73.2,82.4,28,4.321111111111112,4.321111111111112,0.0,0.0,8.0,True,True,True,True
gru_negbin,dengue,2,MA,2024-08-11,60,2023-06-18,10.2,12.8,16.2,23.4,33.6,45.8,59.4,68.4,76.8,24,4.258888888888889,4.258888888888889,0.0,0.0,9.600000000000001,True,True,True,True
gru_negbin,dengue,2,MA,2024-08-18,61,2023-06-18,9.6,12.0,15.4,22.4,31.6,43.2,55.6,63.8,71.8,25,3.703333333333334,3.703333333333334,0.0,0.0,6.600000000000001,True,True,True,True
gru_negbin,dengue,2,MA,2024-08-25,62,2023-06-18,9.2,11.6,15.0,21.2,29.8,40.4,51.6,59.2,66.4,27,3.037777777777778,3.037777777777778,0.0,0.0,2.8000000000000007,True,True,True,True
gru_negbin,dengue,2,MA,2024-09-01,63,2023-06-18,8.8,11.2,14.2,20.0,28.2,38.2,48.8,55.8,62.4,20,3.4844444444444442,3.4844444444444442,0.0,0.0,8.2,True,True,True,True
gru_negbin,dengue,2,MA,2024-09-08,64,2023-06-18,8.6,10.8,13.6,19.2,26.6,35.8,45.4,52.2,58.0,24,2.6522222222222225,2.6522222222222225,0.0,0.0,2.6000000000000014,True,True,True,True
gru_negbin,dengue,2,MA,2024-09-15,65,2023-06-18,8.4,10.6,12.6,18.2,25.4,33.8,43.2,49.2,54.8,24,2.388888888888889,2.388888888888889,0.0,0.0,1.3999999999999986,True,True,True,True
gru_negbin,dengue,2,MA,2024-09-22,66,2023-06-18,8.0,10.0,12.4,17.4,24.4,32.6,41.2,47.4,52.8,17,3.0599999999999996,2.971111111111111,0.08888888888888857,0.0,7.399999999999999,False,True,True,True
gru_negbin,dengue,2,MA,2024-09-29,67,2023-06-18,7.6,9.6,12.2,17.2,24.0,32.0,40.6,46.2,51.8,20,2.55,2.55,0.0,0.0,4.0,True,True,True,True
gru_negbin,dengue,2,MG,2023-10-08,16,2023-06-18,232.4,261.0,296.8,364.4,450.4,549.0,649.2,714.2,774.0,1204,583.1088888888888,109.86444444444446,0.0,473.2444444444444,753.6,False,False,False,False
gru_negbin,dengue,2,MG,2023-10-15,17,2023-06-18,228.2,258.0,295.6,367.2,458.6,564.4,671.8,742.2,807.2,1547,904.9344444444445,148.84555555555556,0.0,756.088888888889,1088.4,False,False,False,False
gru_negbin,dengue,2,MG,2023-10-22,18,2023-06-18,221.8,253.0,292.6,368.0,466.0,580.2,697.6,774.2,845.2,1730,1064.4433333333334,170.48777777777775,0.0,893.9555555555556,1264.0,False,False,False,False
gru_negbin,dengue,2,MG,2023-10-29,19,2023-06-18,215.0,247.8,289.6,370.4,476.4,601.4,730.2,815.4,894.0,1921,1224.992222222222,193.21444444444444,0.0,1031.7777777777778,1444.6,False,False,False,False
gru_negbin,dengue,2,MG,2023-11-05,20,2023-06-18,210.0,245.0,290.0,378.2,495.8,635.8,782.0,879.0,969.0,2914,2169.683333333333,305.19444444444446,0.0,1864.488888888889,2418.2,False,False,False,False
gru_negbin,dengue,2,MG,2023-11-12,21,2023-06-18,203.0,240.4,289.6,386.8,518.6,677.6,845.6,958.0,1062.6,3016,2212.1266666666666,318.7488888888889,0.0,1893.377777777778,2497.4,False,False,False,False
gru_negbin,dengue,2,MG,2023-11-19,22,2023-06-18,195.6,236.0,290.0,398.6,548.8,733.0,930.8,1063.4,1188.0,4362,3478.502222222222,471.21333333333325,0.0,3007.288888888889,3813.2,False,False,False,False
gru_negbin,dengue,2,MG,2023-11-26,23,2023-06-18,189.2,232.6,290.6,410.4,578.8,789.4,1016.6,1170.8,1316.0,5006,4041.6066666666666,545.7844444444444,0.0,3495.8222222222225,4427.2,False,False,False,False
gru_negbin,dengue,2,MG,2023-12-03,24,2023-06-18,187.0,233.6,297.2,430.0,620.0,860.8,1123.6,1302.6,1472.0,5472,4406.869999999999,600.4255555555554,0.0,3806.4444444444443,4852.0,False,False,False,False
gru_negbin,dengue,2,MG,2023-12-10,25,2023-06-18,191.4,243.2,314.2,465.0,684.0,964.2,1273.2,1485.2,1686.0,6086,4879.236666666667,671.3700000000001,0.0,4207.866666666667,5402.0,False,False,False,False
gru_negbin,dengue,2,MG,2023-12-17,26,2023-06-18,206.8,265.2,346.6,520.2,776.4,1106.8,1473.0,1725.2,1964.6,4756,3360.096666666667,525.7855555555556,0.0,2834.311111111111,3979.6,False,False,False,False
gru_negbin,dengue,2,MG,2023-12-24,27,2023-06-18,231.8,299.0,393.8,598.4,901.8,1296.2,1735.6,2038.6,2327.4,5562,3917.4000000000005,617.3555555555554,0.0,3300.0444444444447,4660.2,False,False,False,False
gru_negbin,dengue,2,MG,2023-12-31,28,2023-06-18,268.0,346.6,458.2,699.6,1060.6,1531.2,2056.6,2420.4,2766.6,18361,16411.843333333334,2040.9100000000003,0.0,14370.933333333332,17300.4,False,False,False,False
gru_negbin,dengue,2,MG,2024-01-07,29,2023-06-18,319.2,412.6,545.0,831.8,1261.4,1821.8,2448.8,2883.0,3295.8,23289,20968.047777777778,2588.8033333333333,0.0,18379.244444444445,22027.6,False,False,False,False
gru_negbin,dengue,2,MG,2024-01-14,30,2023-06-18,404.6,518.6,678.6,1022.8,1533.4,2195.2,2932.0,3440.6,3923.8,35679,32899.93777777778,3961.1822222222213,0.0,28938.75555555556,34145.6,False,False,False,False
gru_negbin,dengue,2,MG,2024-01-21,31,2023-06-18,512.6,650.2,842.2,1250.6,1850.2,2620.8,3473.6,4060.4,4617.0,54266,50973.091111111105,6019.268888888889,0.0,44953.822222222225,52415.8,False,False,False,False
gru_negbin,dengue,2,MG,2024-01-28,32,2023-06-18,636.8,800.2,1025.4,1500.2,2190.2,3069.8,4037.2,4700.2,5328.2,75435,71607.30333333333,8361.836666666668,0.0,63245.46666666666,73244.8,False,False,False,False
gru_negbin,dengue,2,MG,2024-02-04,33,2023-06-18,778.4,969.0,1230.6,1776.4,2562.0,3556.8,4645.0,5388.6,6091.0,89803,85398.09666666666,9946.852222222224,0.0,75451.24444444444,87241.0,False,False,False,False
gru_negbin,dengue,2,MG,2024-02-11,34,2023-06-18,914.4,1130.0,1422.8,2029.6,2896.2,3986.2,5173.2,5981.8,6745.0,102825,97917.94333333333,11381.543333333333,0.0,86536.4,99928.8,False,False,False,False
gru_negbin,dengue,2,MG,2024-02-18,35,2023-06-18,1046.4,1282.2,1600.6,2254.8,3181.2,4338.2,5591.4,6442.6,7244.4,127746,122440.60000000002,14136.733333333332,0.0,108303.86666666667,124564.8,False,False,False,False
gru_negbin,dengue,2,MG,2024-02-25,36,2023-06-18,1168.2,1423.4,1767.0,2469.6,3458.6,4688.6,6017.0,6917.4,7764.8,134412,128701.3922222222,14865.792222222219,0.0,113835.6,130953.4,False,False,False,False
gru_negbin,dengue,2,MG,2024-03-03,37,2023-06-18,1319.2,1599.4,1975.2,2740.0,3811.0,5138.0,6566.6,7533.2,8441.6,135296,129062.33111111111,14950.197777777777,0.0,114112.13333333333,131485.0,False,False,False,False
gru_negbin,dengue,2,MG,2024-03-10,38,2023-06-18,1449.0,1747.8,2147.2,2955.2,4081.0,5468.8,6959.2,7965.2,8909.2,136191,129583.01666666666,15035.994444444443,0.0,114547.02222222222,132110.0,False,False,False,False
gru_negbin,dengue,2,MG,2024-03-17,39,2023-06-18,1564.8,1882.0,2303.8,3155.0,4336.8,5789.8,7346.0,8395.2,9379.4,138287,131310.36555555556,15257.565555555559,0.0,116052.79999999999,133950.2,False,False,False,False
gru_negbin,dengue,2,MG,2024-03-24,40,2023-06-18,1681.6,2014.6,2456.4,3344.6,4572.0,6076.0,7683.0,8764.4,9778.0,103743,96444.78,11406.86888888889,0.0,85037.91111111111,99171.0,False,False,False,False
gru_negbin,dengue,2,MG,2024-03-31,41,2023-06-18,1773.2,2115.8,2568.4,3474.2,4720.6,6241.8,7862.0,8950.6,9969.4,106759,99288.73444444445,11730.467777777776,0.0,87558.26666666666,102038.4,False,False,False,False
gru_negbin,dengue,2,MG,2024-04-07,42,2023-06-18,1814.6,2158.0,2610.6,3513.0,4750.0,6254.2,7852.6,8924.8,9927.4,97286,89823.03555555554,10670.813333333332,0.0,79152.22222222222,92536.0,False,False,False,False
gru_negbin,dengue,2,MG,2024-04-14,43,2023-06-18,1767.6,2098.2,2533.2,3398.8,4582.0,6018.2,7542.0,8563.2,9517.4,76286,69117.31666666668,8338.827777777777,0.0,60778.48888888888,71704.0,False,False,False,False
gru_negbin,dengue,2,MG,2024-04-21,44,2023-06-18,1642.8,1948.8,2351.2,3150.8,4242.8,5567.4,6971.4,7912.4,8790.8,60440,53813.25555555555,6587.033333333334,0.0,47226.22222222222,56197.2,False,False,False,False
gru_negbin,dengue,2,MG,2024-04-28,45,2023-06-18,1453.0,1725.0,2082.4,2793.4,3765.8,4945.2,6196.2,7034.6,7818.2,55118,49228.40888888889,6011.12,0.0,43217.288888888885,51352.2,False,False,False,False
gru_negbin,dengue,2,MG,2024-05-05,46,2023-06-18,1247.0,1482.2,1792.8,2411.6,3258.6,4288.2,5381.4,6114.6,6800.2,45496,40381.502222222225,4959.36888888889,0.0,35422.13333333333,42237.4,False,False,False,False
gru_negbin,dengue,2,MG,2024-05-12,47,2023-06-18,1038.2,1236.8,1498.8,2021.6,2738.6,3611.2,4538.6,5161.0,5743.4,35092,30779.048888888883,3820.426666666667,0.0,26958.62222222222,32353.4,False,False,False,False
gru_negbin,dengue,2,MG,2024-05-19,48,2023-06-18,844.6,1008.4,1224.2,1656.6,2250.6,2974.4,3744.6,4262.0,4745.8,26097,22539.13333333333,2836.6444444444446,0.0,19702.48888888889,23846.4,False,False,False,False
gru_negbin,dengue,2,MG,2024-05-26,49,2023-06-18,681.4,815.2,992.0,1346.4,1834.2,2429.4,3064.2,3490.8,3889.8,15334,12423.035555555556,1653.7466666666667,0.0,10769.28888888889,13499.8,False,False,False,False
gru_negbin,dengue,2,MG,2024-06-02,50,2023-06-18,553.2,663.0,808.4,1099.8,1501.8,1993.8,2518.6,2871.6,3202.4,10445,8052.52888888889,1120.617777777778,0.0,6931.911111111111,8943.2,False,False,False,False
gru_negbin,dengue,2,MG,2024-06-09,51,2023-06-18,459.0,549.8,669.6,910.0,1241.4,1646.4,2077.8,2368.4,2640.2,7644,5669.973333333334,815.928888888889,0.0,4854.044444444445,6402.6,False,False,False,False
gru_negbin,dengue,2,MG,2024-06-16,52,2023-06-18,379.4,453.2,551.2,746.8,1016.0,1344.4,1694.0,1929.0,2148.8,5421,3811.556666666667,574.2677777777778,0.0,3237.288888888889,4405.0,False,False,False,False
gru_negbin,dengue,2,MG,2024-06-23,53,2023-06-18,319.2,380.2,460.0,619.4,837.6,1103.4,1384.8,1574.2,1750.8,3838,2521.771111111111,402.0377777777778,0.0,2119.733333333333,3000.4,False,False,False,False
gru_negbin,dengue,2,MG,2024-06-30,54,2023-06-18,270.8,320.8,385.6,515.0,691.2,904.0,1129.4,1280.0,1420.6,2926,1852.3855555555556,303.4966666666667,0.0,1548.888888888889,2234.8,False,False,False,False
gru_negbin,dengue,2,MG,2024-07-07,55,2023-06-18,232.8,274.0,327.8,434.0,577.4,749.8,931.2,1052.8,1165.6,2010,1124.1,203.96666666666667,0.0,920.1333333333334,1432.6,False,False,False,False
gru_negbin,dengue,2,MG,2024-07-14,56,2023-06-18,204.2,239.4,284.6,373.2,492.2,634.8,784.0,883.4,976.0,1644,897.8966666666666,165.0522222222222,0.0,732.8444444444444,1151.8,False,False,False,False
gru_negbin,dengue,2,MG,2024-07-21,57,2023-06-18,185.2,215.4,254.4,330.0,431.0,550.6,675.4,758.2,835.0,1127,483.8744444444444,108.58555555555554,0.0,375.2888888888889,696.0,False,False,False,False
gru_negbin,dengue,2,MG,2024-07-28,58,2023-06-18,172.0,199.0,233.2,299.6,387.6,491.4,598.8,669.6,735.8,1053,482.49666666666667,101.07444444444444,0.0,381.4222222222222,665.4,False,False,False,False
gru_negbin,dengue,2,MG,2024-08-04,59,2023-06-18,162.6,187.0,218.4,278.2,356.6,448.8,544.2,607.0,664.8,864,345.2633333333333,80.55222222222223,0.0,264.7111111111111,507.4,False,False,False,False
gru_negbin,dengue,2,MG,2024-08-11,60,2023-06-18,155.0,177.2,205.8,260.4,331.4,414.6,500.0,556.4,608.4,828,350.92555555555555,77.01444444444445,0.0,273.9111111111111,496.6,False,False,False,False
gru_negbin,dengue,2,MG,2024-08-18,61,2023-06-18,148.8,169.2,196.0,245.6,310.6,385.8,463.0,513.8,560.4,945,502.9933333333334,90.32666666666667,0.0,412.6666666666667,634.4,False,False,False,False
gru_negbin,dengue,2,MG,2024-08-25,62,2023-06-18,145.4,165.2,189.6,236.2,296.0,365.6,436.4,482.8,525.2,712,295.2011111111111,64.53444444444445,0.0,230.66666666666666,416.0,False,False,False,False
gru_negbin,dengue,2,MG,2024-09-01,63,2023-06-18,142.4,161.0,184.4,228.4,285.0,350.0,416.4,459.8,499.4,827,429.08111111111117,77.43666666666667,0.0,351.64444444444445,542.0,False,False,False,False
gru_negbin,dengue,2,MG,2024-09-08,64,2023-06-18,138.8,156.8,178.8,221.0,275.0,337.2,400.0,441.2,479.2,800,417.5111111111111,74.75555555555555,0.0,342.75555555555553,525.0,False,False,False,False
gru_negbin,dengue,2,MG,2024-09-15,65,2023-06-18,135.4,152.6,174.6,215.6,268.0,328.4,389.6,429.8,466.4,893,520.4744444444445,85.40777777777778,0.0,435.0666666666667,625.0,False,False,False,False
gru_negbin,dengue,2,MG,2024-09-22,66,2023-06-18,133.2,150.2,171.8,212.2,264.0,323.4,384.0,423.2,459.6,855,488.0288888888889,81.40666666666667,0.0,406.62222222222226,591.0,False,False,False,False
gru_negbin,dengue,2,MG,2024-09-29,67,2023-06-18,131.2,148.2,170.0,210.8,262.8,322.8,383.6,423.6,460.2,891,524.2788888888889,85.65666666666668,0.0,438.6222222222222,628.2,False,False,False,False
gru_negbin,dengue,2,MS,2023-10-08,16,2023-06-18,37.2,46.2,58.8,84.4,120.4,166.0,215.4,248.8,280.4,53,27.37111111111111,19.104444444444443,8.266666666666667,0.0,67.4,False,False,True,True
gru_negbin,dengue,2,MS,2023-10-15,17,2023-06-18,37.6,47.4,60.6,88.4,128.4,179.2,234.6,272.4,308.0,99,16.18,16.18,0.0,0.0,29.400000000000006,True,True,True,True
gru_negbin,dengue,2,MS,2023-10-22,18,2023-06-18,38.0,48.4,63.0,93.6,138.6,196.2,259.8,303.2,344.8,87,21.808888888888887,20.34222222222222,1.4666666666666655,0.0,51.599999999999994,False,True,True,True
gru_negbin,dengue,2,MS,2023-10-29,19,2023-06-18,38.2,49.4,65.2,99.2,150.2,216.0,289.8,340.6,389.0,72,31.397777777777776,25.353333333333335,6.044444444444445,0.0,78.19999999999999,False,True,True,True
gru_negbin,dengue,2,MS,2023-11-05,20,2023-06-18,38.0,50.2,67.4,106.0,164.8,242.4,330.4,391.4,449.8,73,37.034444444444446,29.70111111111111,7.333333333333333,0.0,91.80000000000001,False,True,True,True
gru_negbin,dengue,2,MS,2023-11-12,21,2023-06-18,37.6,50.8,70.0,113.6,181.6,273.4,378.4,452.6,523.2,79,41.98222222222222,34.29333333333333,7.688888888888887,0.0,102.6,False,True,True,True
gru_negbin,dengue,2,MS,2023-11-19,22,2023-06-18,37.0,51.6,72.4,121.8,200.8,310.0,436.8,526.6,613.0,86,47.742222222222225,39.78666666666666,7.955555555555555,0.0,114.80000000000001,False,True,True,True
gru_negbin,dengue,2,MS,2023-11-26,23,2023-06-18,38.8,54.4,77.2,132.2,221.6,346.4,492.8,596.2,696.4,94,53.47555555555556,44.98666666666667,8.488888888888887,0.0,127.6,False,True,True,True
gru_negbin,dengue,2,MS,2023-12-03,24,2023-06-18,41.4,58.4,84.0,145.6,246.8,389.2,556.6,675.6,791.0,117,55.83555555555555,49.48,6.355555555555554,0.0,129.8,False,True,True,True
gru_negbin,dengue,2,MS,2023-12-10,25,2023-06-18,45.2,64.0,93.2,163.0,278.2,441.2,633.4,770.4,903.2,112,69.87555555555555,58.54222222222222,11.333333333333334,0.0,166.2,False,True,True,True
gru_negbin,dengue,2,MS,2023-12-17,26,2023-06-18,50.6,72.4,105.0,184.2,316.0,502.8,723.2,880.4,1033.0,104,87.47333333333333,69.42888888888889,18.04444444444444,0.0,212.0,False,False,True,True
gru_negbin,dengue,2,MS,2023-12-24,27,2023-06-18,58.8,83.6,121.0,211.8,363.0,576.8,829.6,1009.8,1185.0,80,123.21666666666664,84.01666666666668,39.2,0.0,283.0,False,False,False,True
gru_negbin,dengue,2,MS,2023-12-31,28,2023-06-18,72.2,101.0,144.2,249.0,421.2,663.8,949.6,1153.0,1350.2,193,97.5311111111111,85.08666666666666,12.444444444444445,0.0,228.2,False,True,True,True
gru_negbin,dengue,2,MS,2024-01-07,29,2023-06-18,92.2,126.6,178.0,299.2,495.4,768.2,1086.4,1312.6,1530.8,269,99.27888888888889,92.56777777777778,6.711111111111109,0.0,226.39999999999998,False,True,True,True
gru_negbin,dengue,2,MS,2024-01-14,30,2023-06-18,117.8,158.8,219.2,357.6,577.4,878.0,1224.6,1469.0,1704.4,383,96.22555555555554,96.22555555555554,0.0,0.0,194.39999999999998,True,True,True,True
gru_negbin,dengue,2,MS,2024-01-21,31,2023-06-18,150.6,199.0,269.0,426.8,670.8,998.0,1371.0,1632.0,1882.4,484,102.52111111111111,102.52111111111111,0.0,0.0,186.79999999999995,True,True,True,True
gru_negbin,dengue,2,MS,2024-01-28,32,2023-06-18,188.2,244.4,325.0,501.0,768.0,1120.4,1516.8,1792.8,2056.2,470,128.47777777777776,121.58888888888889,6.888888888888889,0.0,298.0,False,True,True,True
gru_negbin,dengue,2,MS,2024-02-04,33,2023-06-18,229.0,293.0,382.4,575.2,861.2,1232.8,1647.0,1933.0,2205.4,571,127.01555555555557,126.08222222222223,0.9333333333333435,0.0,290.20000000000005,False,True,True,True
gru_negbin,dengue,2,MS,2024-02-11,34,2023-06-18,266.0,335.6,432.0,636.4,935.2,1318.2,1741.4,2032.4,2308.0,820,109.97333333333334,109.97333333333334,0.0,0.0,115.20000000000005,True,True,True,True
gru_negbin,dengue,2,MS,2024-02-18,35,2023-06-18,293.8,366.4,465.8,675.2,977.2,1360.8,1781.4,2069.8,2342.0,808,116.42999999999999,116.42999999999999,0.0,0.0,169.20000000000005,True,True,True,True
gru_negbin,dengue,2,MS,2024-02-25,36,2023-06-18,313.6,388.0,489.0,698.8,999.0,1377.6,1790.0,2071.2,2336.8,881,109.67555555555555,109.67555555555555,0.0,0.0,118.0,True,True,True,True
gru_negbin,dengue,2,MS,2024-03-03,37,2023-06-18,327.8,402.4,503.4,711.6,1006.8,1376.4,1777.2,2049.8,2306.8,1031,97.2277777777778,97.2277777777778,0.0,0.0,24.200000000000045,True,True,True,True
gru_negbin,dengue,2,MS,2024-03-10,38,2023-06-18,333.8,407.4,506.8,710.4,997.0,1353.8,1739.8,2001.8,2248.0,1211,115.27222222222223,115.27222222222223,0.0,0.0,214.0,True,True,True,True
gru_negbin,dengue,2,MS,2024-03-17,39,2023-06-18,336.8,409.6,507.2,706.0,984.8,1330.6,1703.6,1956.0,2193.4,1186,111.13888888888889,111.13888888888889,0.0,0.0,201.20000000000005,True,True,True,True
gru_negbin,dengue,2,MS,2024-03-24,40,2023-06-18,334.2,404.6,498.6,690.0,957.0,1287.0,1642.2,1882.2,2108.0,1013,91.07444444444444,91.07444444444444,0.0,0.0,56.0,True,True,True,True
gru_negbin,dengue,2,MS,2024-03-31,41,2023-06-18,321.6,387.8,476.0,654.2,902.2,1207.4,1534.8,1755.8,1962.8,1088,99.22444444444443,99.22444444444443,0.0,0.0,185.79999999999995,True,True,True,True
gru_negbin,dengue,2,MS,2024-04-07,42,2023-06-18,301.8,363.2,444.6,609.4,837.8,1119.0,1419.6,1622.4,1812.4,1167,119.60555555555555,108.9388888888889,0.0,10.666666666666666,329.20000000000005,False,True,True,True
gru_negbin,dengue,2,MS,2024-04-14,43,2023-06-18,272.6,328.2,401.8,550.6,756.6,1010.0,1281.0,1463.2,1634.2,953,87.05777777777777,87.05777777777777,0.0,0.0,196.39999999999998,True,True,True,True
gru_negbin,dengue,2,MS,2024-04-21,44,2023-06-18,238.4,287.2,352.0,482.8,664.2,887.2,1125.6,1286.2,1437.2,928,95.79555555555554,86.72888888888889,0.0,9.066666666666656,263.79999999999995,False,True,True,True
gru_negbin,dengue,2,MS,2024-04-28,45,2023-06-18,205.6,248.0,304.0,417.2,574.2,767.6,974.4,1114.2,1245.0,966,137.38555555555553,93.29666666666667,0.0,44.08888888888888,391.79999999999995,False,True,True,True
gru_negbin,dengue,2,MS,2024-05-05,46,2023-06-18,171.2,206.8,254.2,350.2,483.6,648.4,824.8,944.0,1055.8,1044,263.46333333333337,104.61888888888889,0.0,158.84444444444446,560.4,False,False,False,True
gru_negbin,dengue,2,MS,2024-05-12,47,2023-06-18,138.8,168.2,207.6,287.2,398.6,536.2,684.4,784.6,878.6,860,214.38777777777776,86.65444444444444,0.0,127.73333333333332,461.4,False,False,False,True
gru_negbin,dengue,2,MS,2024-05-19,48,2023-06-18,109.0,132.6,164.4,229.0,319.6,432.2,553.6,635.6,713.0,486,59.326666666666675,47.37111111111111,0.0,11.955555555555557,166.39999999999998,False,True,True,True
gru_negbin,dengue,2,MS,2024-05-26,49,2023-06-18,83.2,102.0,127.4,178.6,251.0,341.4,439.0,505.2,567.6,269,25.14,25.14,0.0,0.0,18.0,True,True,True,True
gru_negbin,dengue,2,MS,2024-06-02,50,2023-06-18,64.2,79.0,99.4,140.8,199.6,273.2,353.2,407.8,458.8,229,22.107777777777777,22.107777777777777,0.0,0.0,29.400000000000006,True,True,True,True
gru_negbin,dengue,2,MS,2024-06-09,51,2023-06-18,50.6,62.8,79.2,113.4,162.0,223.4,289.8,335.0,377.8,324,63.58888888888888,33.63333333333333,0.0,29.955555555555552,162.0,False,False,True,True
gru_negbin,dengue,2,MS,2024-06-16,52,2023-06-18,41.2,51.8,65.4,94.2,135.6,187.6,243.6,282.4,318.6,245,38.474444444444444,25.407777777777778,0.0,13.06666666666667,109.4,False,False,True,True
gru_negbin,dengue,2,MS,2024-06-23,53,2023-06-18,34.8,43.8,55.4,80.2,115.6,160.6,209.4,242.6,274.0,141,14.24888888888889,14.24888888888889,0.0,0.0,25.400000000000006,True,True,True,True
gru_negbin,dengue,2,MS,2024-06-30,54,2023-06-18,30.2,38.2,48.2,69.8,100.8,139.4,181.6,210.2,237.4,87,11.426666666666668,11.426666666666668,0.0,0.0,13.799999999999997,True,True,True,True
gru_negbin,dengue,2,MS,2024-07-07,55,2023-06-18,27.2,34.0,43.2,62.4,89.4,123.2,159.8,184.8,208.6,49,16.11888888888889,13.141111111111112,2.9777777777777774,0.0,40.400000000000006,False,True,True,True
gru_negbin,dengue,2,MS,2024-07-14,56,2023-06-18,25.0,31.0,39.4,56.4,80.8,111.4,144.0,166.4,187.4,40,15.964444444444442,12.32,3.644444444444444,0.0,40.8,False,True,True,True
gru_negbin,dengue,2,MS,2024-07-21,57,2023-06-18,23.2,29.0,36.4,52.2,74.0,102.0,131.6,151.8,170.6,41,13.221111111111112,10.732222222222223,2.4888888888888894,0.0,33.0,False,True,True,True
gru_negbin,dengue,2,MS,2024-07-28,58,2023-06-18,22.2,27.2,34.4,48.8,69.2,94.4,121.4,140.0,157.2,50,8.603333333333333,8.603333333333333,0.0,0.0,19.200000000000003,True,True,True,True
gru_negbin,dengue,2,MS,2024-08-04,59,2023-06-18,20.8,25.6,32.2,45.8,65.0,88.6,114.0,131.2,147.2,28,15.07111111111111,10.182222222222222,4.888888888888889,0.0,37.0,False,False,True,True
gru_negbin,dengue,2,MS,2024-08-11,60,2023-06-18,19.8,24.6,30.8,43.6,61.6,84.2,108.2,124.2,139.4,27,14.124444444444443,9.591111111111111,4.533333333333334,0.0,34.6,False,False,True,True
gru_negbin,dengue,2,MS,2024-08-18,61,2023-06-18,18.8,23.4,29.8,42.2,59.8,81.6,105.0,120.8,135.6,30,11.613333333333333,8.902222222222221,2.7111111111111117,0.0,29.799999999999997,False,True,True,True
gru_negbin,dengue,2,MS,2024-08-25,62,2023-06-18,18.4,23.2,29.2,41.6,59.0,81.0,104.2,120.2,134.8,22,15.913333333333334,9.691111111111113,6.222222222222222,0.0,37.0,False,False,False,True
gru_negbin,dengue,2,MS,2024-09-01,63,2023-06-18,18.0,22.6,28.4,41.0,58.4,80.2,103.4,119.2,134.0,15,21.495555555555555,10.384444444444446,11.11111111111111,0.0,43.4,False,False,False,False
gru_negbin,dengue,2,MS,2024-09-08,64,2023-06-18,18.0,22.6,28.4,40.8,58.4,80.4,103.8,120.2,135.2,21,16.166666666666668,9.766666666666666,6.3999999999999995,0.0,37.4,False,False,False,True
gru_negbin,dengue,2,MS,2024-09-15,65,2023-06-18,18.0,22.8,29.0,41.6,59.6,81.6,105.8,122.4,137.8,39,8.567777777777778,7.989999999999999,0.5777777777777781,0.0,20.6,False,True,True,True
gru_negbin,dengue,2,MS,2024-09-22,66,2023-06-18,18.6,23.2,29.6,42.8,61.6,84.8,110.4,127.2,143.4,39,9.333333333333334,8.488888888888889,0.8444444444444438,0.0,22.6,False,True,True,True
gru_negbin,dengue,2,MS,2024-09-29,67,2023-06-18,19.4,24.2,31.0,44.8,65.2,90.0,117.4,136.0,153.6,27,15.50777777777778,10.663333333333334,4.844444444444444,0.0,38.2,False,False,True,True
gru_negbin,dengue,2,MT,2023-10-08,16,2023-06-18,65.8,75.0,86.4,108.4,136.2,168.2,201.2,222.8,242.6,130,9.186666666666664,9.186666666666664,0.0,0.0,6.199999999999989,True,True,True,True
gru_negbin,dengue,2,MT,2023-10-15,17,2023-06-18,68.0,77.8,90.6,114.4,145.4,181.6,218.4,242.6,265.2,163,11.455555555555556,11.455555555555556,0.0,0.0,17.599999999999994,True,True,True,True
gru_negbin,dengue,2,MT,2023-10-22,18,2023-06-18,71.0,82.0,95.8,122.6,158.0,199.0,241.4,269.4,295.2,168,11.918888888888889,11.918888888888889,0.0,0.0,10.0,True,True,True,True
gru_negbin,dengue,2,MT,2023-10-29,19,2023-06-18,74.4,86.4,102.0,132.8,173.0,220.8,271.0,303.6,333.8,143,15.83222222222222,15.83222222222222,0.0,0.0,30.0,True,True,True,True
gru_negbin,dengue,2,MT,2023-11-05,20,2023-06-18,77.0,90.8,108.6,143.4,190.0,245.8,304.4,343.4,379.2,207,16.41444444444444,16.41444444444444,0.0,0.0,17.0,True,True,True,True
gru_negbin,dengue,2,MT,2023-11-12,21,2023-06-18,79.6,94.8,114.8,154.4,208.4,273.4,342.4,388.6,431.6,175,20.599999999999998,20.599999999999998,0.0,0.0,33.400000000000006,True,True,True,True
gru_negbin,dengue,2,MT,2023-11-19,22,2023-06-18,82.2,99.0,121.4,166.0,227.6,302.8,382.8,436.8,487.4,237,20.45777777777778,20.45777777777778,0.0,0.0,9.400000000000006,True,True,True,True
gru_negbin,dengue,2,MT,2023-11-26,23,2023-06-18,86.2,105.2,130.2,180.4,250.6,337.2,429.8,492.6,551.6,250,22.325555555555553,22.325555555555553,0.0,0.0,0.5999999999999943,True,True,True,True
gru_negbin,dengue,2,MT,2023-12-03,24,2023-06-18,91.8,112.4,139.8,196.2,274.8,372.8,478.0,549.6,616.4,273,25.298888888888893,25.298888888888893,0.0,0.0,1.8000000000000114,True,True,True,True
gru_negbin,dengue,2,MT,2023-12-10,25,2023-06-18,99.0,122.0,152.4,215.0,302.6,412.0,530.0,610.2,685.6,226,36.53,36.53,0.0,0.0,76.60000000000002,True,True,True,True
gru_negbin,dengue,2,MT,2023-12-17,26,2023-06-18,111.0,136.2,169.8,238.8,335.8,456.4,586.4,674.8,757.6,89,124.96777777777775,58.345555555555556,66.62222222222222,0.0,246.8,False,False,False,False
gru_negbin,dengue,2,MT,2023-12-24,27,2023-06-18,127.4,155.2,192.6,268.2,374.6,506.0,647.4,743.0,832.6,172,82.23333333333332,56.27777777777778,25.955555555555552,0.0,202.60000000000002,False,False,True,True
gru_negbin,dengue,2,MT,2023-12-31,28,2023-06-18,149.2,180.4,221.8,305.0,421.0,562.6,714.6,816.8,912.8,576,56.77555555555555,53.79777777777778,0.0,2.9777777777777725,155.0,False,True,True,True
gru_negbin,dengue,2,MT,2024-01-07,29,2023-06-18,179.6,214.6,261.2,353.6,480.6,634.8,798.8,908.8,1011.6,621,55.50444444444443,55.50444444444443,0.0,0.0,140.39999999999998,True,True,True,True
gru_negbin,dengue,2,MT,2024-01-14,30,2023-06-18,214.6,253.4,304.8,405.8,543.0,708.0,882.2,998.2,1107.0,897,127.47555555555556,82.18666666666667,0.0,45.28888888888888,354.0,False,False,True,True
gru_negbin,dengue,2,MT,2024-01-21,31,2023-06-18,254.6,297.8,354.4,464.4,612.2,789.0,973.6,1096.2,1210.8,1062,176.26555555555552,95.95444444444443,0.0,80.3111111111111,449.79999999999995,False,False,True,True
gru_negbin,dengue,2,MT,2024-01-28,32,2023-06-18,297.0,345.0,406.8,526.4,685.2,873.8,1069.8,1199.8,1320.2,1302,287.21555555555557,117.74888888888889,0.0,169.4666666666667,616.8,False,False,False,True
gru_negbin,dengue,2,MT,2024-02-04,33,2023-06-18,337.6,389.8,455.8,583.6,752.0,950.4,1156.0,1291.8,1417.8,1522,420.18333333333334,137.51666666666668,0.0,282.66666666666674,770.0,False,False,False,False
gru_negbin,dengue,2,MT,2024-02-11,34,2023-06-18,373.0,427.4,497.2,631.0,806.6,1012.4,1224.8,1364.8,1493.8,1654,485.9777777777778,148.15555555555554,0.0,337.8222222222223,847.4,False,False,False,False
gru_negbin,dengue,2,MT,2024-02-18,35,2023-06-18,401.0,457.8,530.0,668.0,848.4,1059.0,1275.4,1417.8,1549.2,1921,703.9766666666666,174.51,0.0,529.4666666666667,1072.6,False,False,False,False
gru_negbin,dengue,2,MT,2024-02-25,36,2023-06-18,422.0,480.6,554.8,696.6,880.4,1094.8,1314.6,1459.4,1592.6,1801,545.9188888888889,158.67444444444445,0.0,387.24444444444447,920.6,False,False,False,False
gru_negbin,dengue,2,MT,2024-03-03,37,2023-06-18,436.2,495.8,571.4,715.6,903.0,1120.6,1344.4,1491.2,1626.6,1569,298.19555555555553,131.35111111111112,0.0,166.84444444444443,666.0,False,False,False,True
gru_negbin,dengue,2,MT,2024-03-10,38,2023-06-18,441.4,501.6,578.4,724.2,914.2,1134.8,1361.2,1510.4,1647.4,1687,387.1377777777777,143.9822222222222,0.0,243.1555555555555,772.8,False,False,False,False
gru_negbin,dengue,2,MT,2024-03-17,39,2023-06-18,445.2,506.2,584.6,733.2,926.8,1152.4,1384.2,1536.4,1677.2,1659,341.59333333333325,140.70444444444445,0.0,200.88888888888883,732.2,False,False,False,True
gru_negbin,dengue,2,MT,2024-03-24,40,2023-06-18,453.6,516.4,596.4,749.4,948.4,1181.0,1420.2,1577.6,1722.8,1315,131.63777777777779,101.86000000000001,0.0,29.77777777777778,366.6,False,True,True,True
gru_negbin,dengue,2,MT,2024-03-31,41,2023-06-18,469.0,533.4,615.6,771.6,975.6,1213.2,1457.4,1617.8,1765.8,1902,510.7155555555555,165.42666666666668,0.0,345.2888888888889,926.4,False,False,False,False
gru_negbin,dengue,2,MT,2024-04-07,42,2023-06-18,475.0,539.8,622.8,780.4,986.2,1225.6,1471.6,1633.4,1782.8,1866,460.90111111111116,160.76777777777775,0.0,300.1333333333334,879.8,False,False,False,False
gru_negbin,dengue,2,MT,2024-04-14,43,2023-06-18,471.6,537.0,620.0,778.4,984.8,1226.0,1474.0,1637.0,1787.6,2090,682.9333333333334,186.17777777777778,0.0,496.7555555555556,1105.2,False,False,False,False
gru_negbin,dengue,2,MT,2024-04-21,44,2023-06-18,453.0,516.4,596.8,750.6,952.4,1188.0,1430.6,1590.2,1737.6,2077,711.6522222222223,186.85222222222222,0.0,524.8000000000001,1124.6,False,False,False,False
gru_negbin,dengue,2,MT,2024-04-28,45,2023-06-18,420.4,479.8,556.0,701.6,892.8,1116.4,1347.6,1499.6,1640.6,2354,1068.1677777777777,221.10111111111112,0.0,847.0666666666667,1461.2,False,False,False,False
gru_negbin,dengue,2,MT,2024-05-05,46,2023-06-18,381.0,436.2,506.2,641.6,819.8,1029.0,1245.6,1388.8,1521.0,2347,1158.6933333333334,224.56,0.0,934.1333333333334,1527.2,False,False,False,False
gru_negbin,dengue,2,MT,2024-05-12,47,2023-06-18,338.6,388.6,453.0,576.8,740.4,933.6,1134.2,1266.8,1389.6,1823,741.4677777777779,170.84555555555553,0.0,570.6222222222221,1082.6,False,False,False,False
gru_negbin,dengue,2,MT,2024-05-19,48,2023-06-18,295.8,340.4,397.8,508.6,655.8,829.8,1010.8,1130.4,1241.8,1421,457.4555555555555,130.5222222222222,0.0,326.93333333333334,765.2,False,False,False,False
gru_negbin,dengue,2,MT,2024-05-26,49,2023-06-18,253.8,292.8,343.0,440.4,570.0,723.4,883.0,988.8,1087.0,830,92.66222222222224,68.97333333333334,0.0,23.688888888888894,260.0,False,True,True,True
gru_negbin,dengue,2,MT,2024-06-02,50,2023-06-18,214.2,247.8,291.2,375.2,487.2,620.6,759.2,851.0,936.2,1002,278.8355555555555,91.94666666666667,0.0,186.88888888888886,514.8,False,False,False,False
gru_negbin,dengue,2,MT,2024-06-09,51,2023-06-18,179.8,208.4,245.4,317.6,413.2,527.0,646.0,724.8,798.0,845,229.72999999999996,77.68555555555557,0.0,152.04444444444445,431.8,False,False,False,False
gru_negbin,dengue,2,MT,2024-06-16,52,2023-06-18,152.0,176.0,207.4,268.8,350.2,447.4,548.8,616.0,678.6,841,318.34555555555556,79.85666666666667,0.0,238.4888888888889,490.8,False,False,False,False
gru_negbin,dengue,2,MT,2024-06-23,53,2023-06-18,129.4,150.2,176.8,229.2,298.6,381.4,467.6,525.0,578.2,579,133.57555555555552,52.73111111111111,0.0,80.84444444444443,280.4,False,False,False,False
gru_negbin,dengue,2,MT,2024-06-30,54,2023-06-18,113.0,131.0,154.4,199.2,258.8,329.6,403.8,452.6,498.4,582,197.43444444444447,54.41222222222222,0.0,143.02222222222224,323.2,False,False,False,False
gru_negbin,dengue,2,MT,2024-07-07,55,2023-06-18,100.8,116.2,136.2,175.2,226.2,287.0,350.0,391.6,430.4,391,66.38666666666667,34.164444444444456,0.0,32.22222222222222,164.8,False,False,True,True
gru_negbin,dengue,2,MT,2024-07-14,56,2023-06-18,91.2,105.0,122.6,156.4,200.8,253.0,307.0,343.0,375.6,256,20.48888888888889,19.822222222222223,0.0,0.6666666666666666,55.19999999999999,False,True,True,True
gru_negbin,dengue,2,MT,2024-07-21,57,2023-06-18,84.0,95.8,111.4,141.0,179.8,225.2,271.8,302.4,330.8,300,48.15333333333333,25.26444444444444,0.0,22.88888888888889,120.19999999999999,False,False,True,True
gru_negbin,dengue,2,MT,2024-07-28,58,2023-06-18,77.4,88.0,102.0,128.2,162.2,202.0,242.8,269.6,294.4,284,54.563333333333325,23.985555555555557,0.0,30.57777777777777,121.80000000000001,False,False,False,True
gru_negbin,dengue,2,MT,2024-08-04,59,2023-06-18,71.6,81.6,94.2,117.6,148.0,182.8,218.6,242.6,264.0,226,29.15555555555556,17.91111111111111,0.0,11.244444444444444,78.0,False,False,True,True
gru_negbin,dengue,2,MT,2024-08-11,60,2023-06-18,66.6,75.8,86.8,108.4,135.6,167.2,199.6,220.6,239.8,164,11.5,11.5,0.0,0.0,28.400000000000006,True,True,True,True
gru_negbin,dengue,2,MT,2024-08-18,61,2023-06-18,62.4,70.4,81.0,100.4,125.4,154.4,183.6,202.8,220.6,146,9.918888888888889,9.918888888888889,0.0,0.0,20.599999999999994,True,True,True,True
gru_negbin,dengue,2,MT,2024-08-25,62,2023-06-18,58.2,66.0,75.6,93.8,117.8,144.6,172.0,189.8,206.6,138,9.408888888888889,9.408888888888889,0.0,0.0,20.200000000000003,True,True,True,True
gru_negbin,dengue,2,MT,2024-09-01,63,2023-06-18,54.8,62.2,71.6,89.0,111.8,137.8,164.4,181.8,197.8,147,12.85222222222222,10.80777777777778,0.0,2.044444444444442,35.2,False,True,True,True
gru_negbin,dengue,2,MT,2024-09-08,64,2023-06-18,52.2,59.4,68.6,86.0,108.4,134.4,160.6,178.0,194.0,116,7.683333333333333,7.683333333333333,0.0,0.0,7.599999999999994,True,True,True,True
gru_negbin,dengue,2,MT,2024-09-15,65,2023-06-18,51.0,58.2,67.4,84.6,107.4,133.8,160.4,178.2,194.4,138,11.26333333333333,10.33,0.0,0.9333333333333308,30.599999999999994,False,True,True,True
gru_negbin,dengue,2,MT,2024-09-22,66,2023-06-18,51.0,58.6,68.2,86.4,110.2,137.8,166.2,185.0,202.0,76,13.38777777777778,11.076666666666668,2.3111111111111122,0.0,34.2,False,True,True,True
gru_negbin,dengue,2,MT,2024-09-29,67,2023-06-18,52.2,60.0,70.6,90.4,116.2,146.8,178.4,198.6,217.8,98,10.011111111111113,10.011111111111113,0.0,0.0,18.200000000000003,True,True,True,True
gru_negbin,dengue,2,PA,2023-10-08,16,2023-06-18,17.8,21.4,26.0,35.0,46.8,61.0,76.4,86.6,96.0,45,3.923333333333333,3.923333333333333,0.0,0.0,1.7999999999999972,True,True,True,True
gru_negbin,dengue,2,PA,2023-10-15,17,2023-06-18,17.4,21.0,25.8,34.8,47.4,62.8,79.2,89.8,99.8,57,5.0311111111111115,5.0311111111111115,0.0,0.0,9.600000000000001,True,True,True,True
gru_negbin,dengue,2,PA,2023-10-22,18,2023-06-18,16.8,20.4,25.2,35.2,48.6,65.0,82.4,94.0,105.2,39,5.302222222222222,5.302222222222222,0.0,0.0,9.600000000000001,True,True,True,True
gru_negbin,dengue,2,PA,2023-10-29,19,2023-06-18,16.0,19.6,25.0,35.4,49.8,67.6,87.2,100.2,112.6,37,6.025555555555554,6.025555555555554,0.0,0.0,12.799999999999997,True,True,True,True
gru_negbin,dengue,2,PA,2023-11-05,20,2023-06-18,15.4,19.2,24.8,35.6,51.6,71.6,93.0,107.6,121.4,48,5.486666666666666,5.486666666666666,0.0,0.0,3.6000000000000014,True,True,True,True
gru_negbin,dengue,2,PA,2023-11-12,21,2023-06-18,14.4,18.4,24.0,36.0,53.4,75.6,99.6,116.6,132.2,55,5.803333333333332,5.803333333333332,0.0,0.0,1.6000000000000014,True,True,True,True
gru_negbin,dengue,2,PA,2023-11-19,22,2023-06-18,13.4,17.4,23.0,36.0,54.6,79.0,106.6,125.6,143.6,62,6.994444444444444,6.994444444444444,0.0,0.0,7.399999999999999,True,True,True,True
gru_negbin,dengue,2,PA,2023-11-26,23,2023-06-18,12.4,16.4,22.4,35.8,56.0,82.4,112.2,133.2,153.0,75,8.774444444444445,8.774444444444445,0.0,0.0,19.0,True,True,True,True
gru_negbin,dengue,2,PA,2023-12-03,24,2023-06-18,12.2,16.2,22.4,36.4,57.8,86.8,119.4,142.4,164.4,64,7.892222222222222,7.892222222222222,0.0,0.0,6.200000000000003,True,True,True,True
gru_negbin,dengue,2,PA,2023-12-10,25,2023-06-18,11.8,16.2,22.8,37.4,60.4,91.6,127.0,151.8,175.6,56,8.232222222222223,8.232222222222223,0.0,0.0,4.399999999999999,True,True,True,True
gru_negbin,dengue,2,PA,2023-12-17,26,2023-06-18,12.6,17.4,24.2,40.0,64.6,98.2,136.0,162.6,188.0,34,13.038888888888888,11.705555555555556,1.3333333333333333,0.0,30.599999999999994,False,True,True,True
gru_negbin,dengue,2,PA,2023-12-24,27,2023-06-18,14.4,19.4,27.0,44.2,71.0,107.4,148.6,177.8,205.4,49,11.47888888888889,11.47888888888889,0.0,0.0,22.0,True,True,True,True
gru_negbin,dengue,2,PA,2023-12-31,28,2023-06-18,17.2,23.2,31.6,51.0,80.6,120.0,165.0,196.2,226.4,181,38.14888888888889,21.037777777777777,0.0,17.11111111111111,100.4,False,False,True,True
gru_negbin,dengue,2,PA,2024-01-07,29,2023-06-18,23.0,30.0,40.2,61.6,94.2,137.2,185.0,218.2,249.8,234,62.21333333333335,26.302222222222227,0.0,35.91111111111112,139.8,False,False,False,True
gru_negbin,dengue,2,PA,2024-01-14,30,2023-06-18,30.6,38.6,50.4,74.8,110.8,156.2,206.8,241.6,274.6,327,130.92,35.6311111111111,0.0,95.28888888888888,216.2,False,False,False,False
gru_negbin,dengue,2,PA,2024-01-21,31,2023-06-18,40.2,49.8,63.4,90.6,129.6,178.6,232.2,268.4,302.6,387,166.9488888888889,41.126666666666665,0.0,125.82222222222224,257.4,False,False,False,False
gru_negbin,dengue,2,PA,2024-01-28,32,2023-06-18,51.8,63.2,78.0,108.0,150.4,202.4,258.6,296.4,331.4,595,349.73555555555555,62.80222222222223,0.0,286.9333333333333,444.6,False,False,False,False
gru_negbin,dengue,2,PA,2024-02-04,33,2023-06-18,63.2,75.8,92.2,124.6,169.2,223.2,280.4,318.8,355.2,681,414.4933333333333,70.8488888888889,0.0,343.64444444444445,511.8,False,False,False,False
gru_negbin,dengue,2,PA,2024-02-11,34,2023-06-18,72.4,85.6,102.8,136.4,181.6,236.2,293.6,331.8,367.2,1071,791.9133333333334,112.97999999999999,0.0,678.9333333333333,889.4,False,False,False,False
gru_negbin,dengue,2,PA,2024-02-18,35,2023-06-18,78.6,92.2,109.4,143.4,188.0,242.0,297.4,334.6,369.2,1172,888.8077777777778,123.29666666666665,0.0,765.5111111111112,984.0,False,False,False,False
gru_negbin,dengue,2,PA,2024-02-25,36,2023-06-18,82.2,95.6,112.6,145.6,188.8,240.0,293.6,328.8,361.4,1243,963.4755555555556,130.54222222222222,0.0,832.9333333333334,1054.2,False,False,False,False
gru_negbin,dengue,2,PA,2024-03-03,37,2023-06-18,82.6,95.2,111.8,143.0,183.8,232.2,281.6,314.6,344.8,1139,870.49,118.75666666666666,0.0,751.7333333333333,955.2,False,False,False,False
gru_negbin,dengue,2,PA,2024-03-10,38,2023-06-18,79.8,91.6,106.8,135.8,174.2,218.4,264.4,294.6,322.0,1183,931.0255555555557,123.78111111111109,0.0,807.2444444444444,1008.8,False,False,False,False
gru_negbin,dengue,2,PA,2024-03-17,39,2023-06-18,76.4,87.6,101.6,128.4,163.8,205.0,246.6,274.0,299.6,1134,898.7666666666668,118.5888888888889,0.0,780.1777777777778,970.2,False,False,False,False
gru_negbin,dengue,2,PA,2024-03-24,40,2023-06-18,73.4,83.8,97.2,122.6,155.4,193.6,232.8,258.8,282.2,947,724.8177777777778,98.01777777777778,0.0,626.8000000000001,791.6,False,False,False,False
gru_negbin,dengue,2,PA,2024-03-31,41,2023-06-18,70.4,80.4,93.0,117.0,148.2,184.0,221.2,245.6,267.8,1041,829.9033333333334,108.70333333333332,0.0,721.1999999999999,892.8,False,False,False,False
gru_negbin,dengue,2,PA,2024-04-07,42,2023-06-18,66.8,76.2,88.4,111.4,140.4,174.8,210.2,233.2,254.6,873,672.4611111111111,90.41666666666669,0.0,582.0444444444444,732.6,False,False,False,False
gru_negbin,dengue,2,PA,2024-04-14,43,2023-06-18,62.6,71.8,83.2,104.6,133.0,165.2,198.6,220.2,240.4,834,644.5899999999999,86.45666666666666,0.0,558.1333333333333,701.0,False,False,False,False
gru_negbin,dengue,2,PA,2024-04-21,44,2023-06-18,59.2,67.6,78.4,99.2,125.6,156.2,188.2,208.8,227.8,655,475.6011111111111,66.93444444444445,0.0,408.6666666666667,529.4,False,False,False,False
gru_negbin,dengue,2,PA,2024-04-28,45,2023-06-18,55.4,63.6,73.8,93.4,118.2,147.6,177.6,197.0,215.2,541,371.6877777777778,54.66555555555555,0.0,317.0222222222222,422.8,False,False,False,False
gru_negbin,dengue,2,PA,2024-05-05,46,2023-06-18,51.2,58.6,68.2,85.8,109.2,136.0,163.6,181.6,198.0,521,365.0244444444445,52.84666666666667,0.0,312.17777777777775,411.8,False,False,False,False
gru_negbin,dengue,2,PA,2024-05-12,47,2023-06-18,46.0,52.8,61.2,77.2,97.8,121.8,146.4,162.2,177.4,426,286.3833333333333,42.78333333333333,0.0,243.59999999999997,328.2,False,False,False,False
gru_negbin,dengue,2,PA,2024-05-19,48,2023-06-18,40.8,46.8,54.0,68.0,85.8,106.6,127.6,141.6,154.2,341,219.1522222222222,33.81888888888889,0.0,185.33333333333334,255.2,False,False,False,False
gru_negbin,dengue,2,PA,2024-05-26,49,2023-06-18,36.4,41.6,48.0,60.4,75.8,93.8,112.0,124.0,134.8,253,146.07333333333332,24.428888888888892,0.0,121.64444444444445,177.2,False,False,False,False
gru_negbin,dengue,2,PA,2024-06-02,50,2023-06-18,32.6,36.6,42.4,53.0,66.8,82.4,98.6,108.8,118.2,334,240.0711111111111,33.84888888888889,0.0,206.22222222222223,267.2,False,False,False,False
gru_negbin,dengue,2,PA,2024-06-09,51,2023-06-18,28.8,32.6,37.8,47.0,59.0,72.8,86.6,95.6,104.0,328,245.3022222222222,33.52444444444444,0.0,211.77777777777777,269.0,False,False,False,False
gru_negbin,dengue,2,PA,2024-06-16,52,2023-06-18,25.4,29.0,33.4,41.8,52.6,64.8,77.2,85.0,92.6,281,207.38,28.624444444444446,0.0,178.75555555555556,228.4,False,False,False,False
gru_negbin,dengue,2,PA,2024-06-23,53,2023-06-18,23.0,26.4,30.4,38.2,48.0,58.8,69.8,77.2,84.0,269,202.19,27.478888888888893,0.0,174.7111111111111,221.0,False,False,False,False
gru_negbin,dengue,2,PA,2024-06-30,54,2023-06-18,20.8,24.2,27.8,34.8,44.0,54.2,64.4,71.2,77.4,255,193.4611111111111,26.17222222222222,0.0,167.2888888888889,211.0,False,False,False,False
gru_negbin,dengue,2,PA,2024-07-07,55,2023-06-18,19.6,22.4,26.2,33.0,41.4,51.4,61.0,68.0,73.6,233,174.55777777777777,23.89111111111111,0.0,150.66666666666666,191.6,False,False,False,False
gru_negbin,dengue,2,PA,2024-07-14,56,2023-06-18,18.6,21.8,25.2,31.6,40.2,49.6,59.2,65.8,71.6,199,142.36111111111111,20.183333333333337,0.0,122.17777777777779,158.8,False,False,False,False
gru_negbin,dengue,2,PA,2024-07-21,57,2023-06-18,18.4,21.2,24.6,31.0,39.2,48.6,58.4,64.4,70.0,184,128.49555555555557,18.584444444444447,0.0,109.91111111111111,144.8,False,False,False,False
gru_negbin,dengue,2,PA,2024-07-28,58,2023-06-18,17.6,20.6,23.8,30.2,38.4,48.0,57.4,64.0,69.6,196,141.1288888888889,20.017777777777777,0.0,121.11111111111111,157.6,False,False,False,False
gru_negbin,dengue,2,PA,2024-08-04,59,2023-06-18,17.2,19.8,23.4,29.8,38.0,47.6,57.4,64.0,69.6,188,133.28222222222223,19.193333333333335,0.0,114.08888888888889,150.0,False,False,False,False
gru_negbin,dengue,2,PA,2024-08-11,60,2023-06-18,16.4,19.2,22.6,29.0,37.4,47.0,57.4,63.8,69.8,158,103.52111111111111,15.965555555555559,0.0,87.55555555555556,120.6,False,False,False,False
gru_negbin,dengue,2,PA,2024-08-18,61,2023-06-18,15.6,18.0,21.4,28.2,36.2,45.8,55.6,62.2,68.2,191,137.98777777777778,19.721111111111114,0.0,118.26666666666668,154.8,False,False,False,False
gru_negbin,dengue,2,PA,2024-08-25,62,2023-06-18,14.6,17.2,20.4,26.6,34.4,44.2,53.8,60.2,66.0,163,111.83888888888889,16.772222222222226,0.0,95.06666666666666,128.6,False,False,False,False
gru_negbin,dengue,2,PA,2024-09-01,63,2023-06-18,13.8,16.2,19.4,25.6,33.4,42.8,52.4,59.0,64.8,134,84.07,13.625555555555554,0.0,70.44444444444444,100.6,False,False,False,False
gru_negbin,dengue,2,PA,2024-09-08,64,2023-06-18,12.8,15.4,18.2,24.4,32.2,41.6,51.0,57.4,63.0,164,115.5188888888889,17.074444444444442,0.0,98.44444444444444,131.8,False,False,False,False
gru_negbin,dengue,2,PA,2024-09-15,65,2023-06-18,12.2,14.4,17.4,23.4,31.4,40.4,50.0,56.4,62.2,175,127.47999999999999,18.36888888888889,0.0,109.11111111111113,143.6,False,False,False,False
gru_negbin,dengue,2,PA,2024-09-22,66,2023-06-18,11.6,14.2,17.0,23.2,30.8,40.0,49.8,56.2,62.2,132,84.72111111111111,13.654444444444445,0.0,71.06666666666666,101.2,False,False,False,False
gru_negbin,dengue,2,PA,2024-09-29,67,2023-06-18,11.0,13.6,16.8,22.6,30.6,40.0,50.0,56.2,62.6,128,80.66444444444444,13.286666666666669,0.0,67.3777777777778,97.4,False,False,False,False
gru_negbin,dengue,2,PB,2023-10-08,16,2023-06-18,31.4,37.8,46.2,62.8,85.4,112.8,142.0,161.2,179.6,76,8.145555555555557,8.145555555555557,0.0,0.0,9.400000000000006,True,True,True,True
gru_negbin,dengue,2,PB,2023-10-15,17,2023-06-18,28.8,34.6,42.8,59.2,81.6,109.6,139.0,158.6,177.0,111,10.716666666666669,10.405555555555557,0.0,0.3111111111111124,29.400000000000006,False,True,True,True
gru_negbin,dengue,2,PB,2023-10-22,18,2023-06-18,25.6,31.6,39.4,55.6,78.8,106.6,136.6,156.8,176.2,58,9.532222222222222,9.532222222222222,0.0,0.0,20.799999999999997,True,True,True,True
gru_negbin,dengue,2,PB,2023-10-29,19,2023-06-18,23.2,28.8,36.6,52.6,75.2,103.6,134.2,155.2,174.8,71,7.715555555555557,7.715555555555557,0.0,0.0,4.200000000000003,True,True,True,True
gru_negbin,dengue,2,PB,2023-11-05,20,2023-06-18,20.6,26.2,33.6,49.4,72.4,101.6,133.2,154.8,175.6,93,9.69222222222222,9.69222222222222,0.0,0.0,20.599999999999994,True,True,True,True
gru_negbin,dengue,2,PB,2023-11-12,21,2023-06-18,18.0,23.2,30.8,46.4,69.8,99.6,132.6,155.4,177.0,80,8.703333333333333,8.703333333333333,0.0,0.0,10.200000000000003,True,True,True,True
gru_negbin,dengue,2,PB,2023-11-19,22,2023-06-18,15.6,21.0,27.8,43.4,66.6,96.4,129.6,153.0,175.0,102,12.736666666666668,11.492222222222225,0.0,1.2444444444444431,35.400000000000006,False,True,True,True
gru_negbin,dengue,2,PB,2023-11-26,23,2023-06-18,14.2,18.8,26.0,40.8,63.0,92.8,125.4,148.6,170.2,93,10.784444444444444,10.74,0.0,0.04444444444444508,30.0,False,True,True,True
gru_negbin,dengue,2,PB,2023-12-03,24,2023-06-18,13.2,18.0,24.2,38.8,60.6,89.4,122.0,144.2,165.8,95,12.301111111111108,11.056666666666665,0.0,1.2444444444444431,34.4,False,True,True,True
gru_negbin,dengue,2,PB,2023-12-10,25,2023-06-18,13.0,17.4,24.0,38.0,59.6,87.8,120.0,142.2,163.4,67,7.944444444444445,7.944444444444445,0.0,0.0,7.399999999999999,True,True,True,True
gru_negbin,dengue,2,PB,2023-12-17,26,2023-06-18,13.2,17.8,24.2,38.2,60.0,88.0,119.4,141.4,162.4,61,7.195555555555556,7.195555555555556,0.0,0.0,1.0,True,True,True,True
gru_negbin,dengue,2,PB,2023-12-24,27,2023-06-18,14.8,19.8,26.2,40.8,62.8,91.2,122.6,144.6,165.4,54,8.143333333333333,8.143333333333333,0.0,0.0,8.799999999999997,True,True,True,True
gru_negbin,dengue,2,PB,2023-12-31,28,2023-06-18,17.2,22.4,29.6,45.2,68.0,97.4,129.6,152.0,173.4,55,8.874444444444443,8.874444444444443,0.0,0.0,13.0,True,True,True,True
gru_negbin,dengue,2,PB,2024-01-07,29,2023-06-18,21.0,26.6,34.8,51.8,76.0,107.4,141.6,165.0,187.0,97,10.255555555555556,10.255555555555556,0.0,0.0,21.0,True,True,True,True
gru_negbin,dengue,2,PB,2024-01-14,30,2023-06-18,25.6,31.8,41.2,59.4,85.8,118.8,154.8,179.0,202.0,105,10.573333333333334,10.573333333333334,0.0,0.0,19.200000000000003,True,True,True,True
gru_negbin,dengue,2,PB,2024-01-21,31,2023-06-18,32.0,39.8,49.8,70.4,99.8,135.6,174.2,200.4,224.8,93,9.997777777777777,9.997777777777777,0.0,0.0,6.799999999999997,True,True,True,True
gru_negbin,dengue,2,PB,2024-01-28,32,2023-06-18,40.8,49.8,61.6,85.2,117.8,157.8,200.6,229.2,256.2,160,15.489999999999997,15.00111111111111,0.0,0.4888888888888864,42.2,False,True,True,True
gru_negbin,dengue,2,PB,2024-02-04,33,2023-06-18,52.8,63.4,77.4,104.6,142.0,187.2,235.0,267.2,297.2,157,13.38,13.38,0.0,0.0,15.0,True,True,True,True
gru_negbin,dengue,2,PB,2024-02-11,34,2023-06-18,68.0,80.2,96.8,129.0,172.4,224.8,279.6,316.6,350.8,328,67.09333333333332,30.87111111111111,0.0,36.22222222222221,155.6,False,False,False,True
gru_negbin,dengue,2,PB,2024-02-18,35,2023-06-18,85.2,100.2,119.8,158.2,208.8,270.2,333.8,376.4,415.8,655,337.4166666666667,65.46111111111111,0.0,271.9555555555555,446.2,False,False,False,False
gru_negbin,dengue,2,PB,2024-02-25,36,2023-06-18,104.2,122.2,145.2,190.0,250.0,321.4,395.6,445.4,491.4,908,531.3177777777778,91.7177777777778,0.0,439.59999999999997,658.0,False,False,False,False
gru_negbin,dengue,2,PB,2024-03-03,37,2023-06-18,124.8,145.8,173.0,225.6,295.8,379.6,466.8,524.8,578.8,1017,572.6177777777779,101.95111111111112,0.0,470.6666666666667,721.2,False,False,False,False
gru_negbin,dengue,2,PB,2024-03-10,38,2023-06-18,147.0,171.6,203.6,265.2,347.8,446.2,549.0,617.0,680.4,977,454.53222222222223,95.55444444444444,0.0,358.9777777777778,629.2,False,False,False,False
gru_negbin,dengue,2,PB,2024-03-17,39,2023-06-18,170.2,198.8,235.6,308.0,404.6,519.6,639.8,719.4,793.8,1025,416.12000000000006,98.92,0.0,317.20000000000005,620.4,False,False,False,False
gru_negbin,dengue,2,PB,2024-03-24,40,2023-06-18,196.0,229.2,272.4,356.4,468.8,603.0,744.0,837.2,924.0,706,84.22444444444444,61.33555555555555,0.0,22.88888888888889,237.2,False,True,True,True
gru_negbin,dengue,2,PB,2024-03-31,41,2023-06-18,225.0,263.8,313.6,411.8,543.0,699.6,864.4,973.6,1075.6,841,105.37444444444445,73.95222222222223,0.0,31.422222222222217,298.0,False,True,True,True
gru_negbin,dengue,2,PB,2024-04-07,42,2023-06-18,252.6,296.2,353.0,464.0,613.8,792.4,980.0,1105.0,1221.2,735,60.01222222222222,60.01222222222222,0.0,0.0,121.20000000000005,True,True,True,True
gru_negbin,dengue,2,PB,2024-04-14,43,2023-06-18,275.6,324.0,386.8,509.4,675.2,873.4,1081.6,1219.8,1349.0,659,53.378888888888895,53.378888888888895,0.0,0.0,16.200000000000045,True,True,True,True
gru_negbin,dengue,2,PB,2024-04-21,44,2023-06-18,295.4,347.4,415.6,548.8,728.0,943.0,1169.4,1320.0,1460.2,447,109.77333333333333,87.1511111111111,22.622222222222213,0.0,281.0,False,True,True,True
gru_negbin,dengue,2,PB,2024-04-28,45,2023-06-18,308.4,363.6,435.2,576.6,767.4,996.8,1238.4,1399.2,1549.4,375,161.37222222222218,103.19444444444444,58.17777777777778,0.0,392.4,False,False,True,True
gru_negbin,dengue,2,PB,2024-05-05,46,2023-06-18,310.6,367.0,440.4,585.8,782.6,1019.8,1269.2,1435.8,1591.4,385,162.63111111111107,105.69777777777779,56.933333333333316,0.0,397.6,False,False,True,True
gru_negbin,dengue,2,PB,2024-05-12,47,2023-06-18,305.8,362.2,436.2,582.2,780.4,1020.2,1273.2,1442.2,1600.2,361,174.85777777777778,108.72444444444444,66.13333333333334,0.0,419.4,False,False,False,True
gru_negbin,dengue,2,PB,2024-05-19,48,2023-06-18,296.8,352.0,424.6,568.0,763.0,999.0,1248.6,1415.4,1571.0,298,212.95,112.81666666666666,100.13333333333334,0.0,465.0,False,False,False,True
gru_negbin,dengue,2,PB,2024-05-26,49,2023-06-18,285.4,338.4,407.6,545.2,732.4,958.6,1197.6,1357.6,1506.8,238,252.36555555555555,113.56555555555555,138.8,0.0,494.4,False,False,False,False
gru_negbin,dengue,2,PB,2024-06-02,50,2023-06-18,273.4,323.6,389.0,518.8,695.0,907.8,1132.4,1282.6,1422.6,247,219.79333333333332,104.94888888888889,114.84444444444443,0.0,448.0,False,False,False,False
gru_negbin,dengue,2,PB,2024-06-09,51,2023-06-18,260.0,307.0,368.6,489.8,654.2,852.6,1061.2,1200.8,1331.0,263,178.5388888888889,94.89444444444445,83.64444444444445,0.0,391.20000000000005,False,False,False,True
gru_negbin,dengue,2,PB,2024-06-16,52,2023-06-18,244.2,287.8,345.2,458.0,610.4,793.8,987.4,1116.6,1237.0,186,226.18444444444444,94.80666666666667,131.3777777777778,0.0,424.4,False,False,False,False
gru_negbin,dengue,2,PB,2024-06-23,53,2023-06-18,231.4,272.2,325.0,429.0,569.0,737.2,914.2,1031.6,1141.8,191,195.39999999999998,85.71111111111112,109.6888888888889,0.0,378.0,False,False,False,False
gru_negbin,dengue,2,PB,2024-06-30,54,2023-06-18,218.4,255.8,304.6,399.6,527.2,679.8,840.0,946.2,1045.2,234,129.64000000000001,72.30666666666667,57.33333333333334,0.0,293.20000000000005,False,False,False,True
gru_negbin,dengue,2,PB,2024-07-07,55,2023-06-18,203.6,237.8,282.2,368.6,484.0,621.8,765.8,861.6,950.6,194,138.38333333333333,68.11666666666666,70.26666666666668,0.0,290.0,False,False,False,False
gru_negbin,dengue,2,PB,2024-07-14,56,2023-06-18,188.4,219.8,260.2,339.0,444.2,569.2,700.2,786.8,867.4,211,99.88333333333334,58.550000000000004,41.333333333333336,0.0,233.2,False,False,False,True
gru_negbin,dengue,2,PB,2024-07-21,57,2023-06-18,172.4,201.2,238.0,310.2,406.6,521.0,640.4,719.8,793.0,192,92.24111111111112,53.70777777777777,38.53333333333333,0.0,214.60000000000002,False,False,False,True
gru_negbin,dengue,2,PB,2024-07-28,58,2023-06-18,157.6,184.0,218.2,284.6,373.2,478.4,588.6,661.4,729.2,202,68.45555555555556,46.5,21.95555555555556,0.0,171.2,False,False,True,True
gru_negbin,dengue,2,PB,2024-08-04,59,2023-06-18,143.2,167.8,199.0,260.6,342.6,439.8,542.0,610.0,673.0,213,50.412222222222226,39.83444444444444,10.577777777777783,0.0,129.60000000000002,False,True,True,True
gru_negbin,dengue,2,PB,2024-08-11,60,2023-06-18,129.8,152.6,181.4,238.4,314.4,405.0,500.0,563.0,621.4,201,44.537777777777784,36.22666666666666,8.311111111111112,0.0,113.39999999999998,False,True,True,True
gru_negbin,dengue,2,PB,2024-08-18,61,2023-06-18,118.4,139.2,166.2,219.0,290.0,374.4,463.0,522.0,576.8,162,49.8511111111111,36.25111111111111,13.599999999999998,0.0,128.0,False,False,True,True
gru_negbin,dengue,2,PB,2024-08-25,62,2023-06-18,108.6,128.2,153.0,202.2,268.8,348.2,431.2,486.6,538.2,161,41.79555555555555,32.64,9.155555555555553,0.0,107.80000000000001,False,True,True,True
gru_negbin,dengue,2,PB,2024-09-01,63,2023-06-18,99.0,117.2,140.6,186.8,249.6,325.2,405.0,457.8,507.4,151,38.528888888888886,30.57333333333333,7.955555555555558,0.0,98.6,False,True,True,True
gru_negbin,dengue,2,PB,2024-09-08,64,2023-06-18,89.0,106.2,128.4,172.2,232.2,305.0,382.2,433.6,481.4,132,38.902222222222214,29.968888888888884,8.93333333333333,0.0,100.19999999999999,False,True,True,True
gru_negbin,dengue,2,PB,2024-09-15,65,2023-06-18,81.4,97.0,118.0,159.8,217.0,286.4,360.4,410.0,456.6,122,36.93777777777778,28.537777777777777,8.400000000000002,0.0,95.0,False,True,True,True
gru_negbin,dengue,2,PB,2024-09-22,66,2023-06-18,75.0,90.2,109.8,149.8,204.6,271.8,343.4,391.6,436.8,108,37.75,28.061111111111114,9.68888888888889,0.0,96.6,False,False,True,True
gru_negbin,dengue,2,PB,2024-09-29,67,2023-06-18,69.0,83.4,102.6,141.0,194.4,260.2,330.6,378.2,422.8,107,34.19666666666667,26.641111111111112,7.555555555555555,0.0,87.4,False,True,True,True
gru_negbin,dengue,2,PE,2023-10-08,16,2023-06-18,39.2,47.4,58.6,81.4,112.2,150.4,191.2,218.8,244.4,136,12.46888888888889,12.46888888888889,0.0,0.0,23.799999999999997,True,True,True,True
gru_negbin,dengue,2,PE,2023-10-15,17,2023-06-18,35.6,43.8,54.8,77.4,109.2,148.4,190.4,219.0,245.6,159,17.959999999999997,15.604444444444445,0.0,2.3555555555555543,49.8,False,True,True,True
gru_negbin,dengue,2,PE,2023-10-22,18,2023-06-18,32.2,40.2,51.0,73.6,105.4,145.4,189.2,218.6,246.8,113,11.078888888888887,11.078888888888887,0.0,0.0,7.599999999999994,True,True,True,True
gru_negbin,dengue,2,PE,2023-10-29,19,2023-06-18,29.0,37.0,47.8,70.8,103.4,145.2,191.4,223.0,252.4,134,14.032222222222222,14.032222222222222,0.0,0.0,30.599999999999994,True,True,True,True
gru_negbin,dengue,2,PE,2023-11-05,20,2023-06-18,26.2,33.8,44.6,67.6,101.8,145.4,194.0,227.4,259.2,162,21.465555555555557,17.77666666666667,0.0,3.6888888888888878,60.2,False,True,True,True
gru_negbin,dengue,2,PE,2023-11-12,21,2023-06-18,23.4,30.8,41.6,64.4,99.0,144.0,194.8,229.8,263.6,123,14.038888888888888,14.038888888888888,0.0,0.0,24.0,True,True,True,True
gru_negbin,dengue,2,PE,2023-11-19,22,2023-06-18,20.6,27.6,37.4,59.8,93.6,138.2,188.4,223.6,257.2,157,22.425555555555558,18.247777777777777,0.0,4.177777777777781,63.400000000000006,False,True,True,True
gru_negbin,dengue,2,PE,2023-11-26,23,2023-06-18,18.4,24.8,34.4,55.6,88.2,132.0,181.2,215.8,248.8,191,37.620000000000005,22.33111111111111,0.0,15.288888888888891,102.8,False,False,True,True
gru_negbin,dengue,2,PE,2023-12-03,24,2023-06-18,16.6,23.0,32.4,52.6,84.0,126.8,175.2,209.6,241.8,232,68.04222222222222,27.064444444444447,0.0,40.97777777777778,148.0,False,False,False,True
gru_negbin,dengue,2,PE,2023-12-10,25,2023-06-18,16.0,21.8,30.8,51.0,82.6,125.0,173.8,208.0,240.8,168,29.651111111111113,20.095555555555556,0.0,9.555555555555555,85.4,False,True,True,True
gru_negbin,dengue,2,PE,2023-12-17,26,2023-06-18,16.2,22.4,31.6,52.0,84.0,127.4,177.0,211.6,244.8,100,12.57,12.57,0.0,0.0,16.0,True,True,True,True
gru_negbin,dengue,2,PE,2023-12-24,27,2023-06-18,18.0,25.0,34.6,56.2,90.2,135.6,187.2,223.2,258.0,95,11.87111111111111,11.87111111111111,0.0,0.0,4.799999999999997,True,True,True,True
gru_negbin,dengue,2,PE,2023-12-31,28,2023-06-18,21.4,29.0,39.8,64.2,101.2,150.0,205.4,244.2,281.4,97,12.74888888888889,12.74888888888889,0.0,0.0,4.200000000000003,True,True,True,True
gru_negbin,dengue,2,PE,2024-01-07,29,2023-06-18,27.0,35.8,48.2,75.4,116.2,169.4,229.6,271.2,310.8,70,19.77888888888889,18.57888888888889,1.2000000000000013,0.0,46.2,False,True,True,True
gru_negbin,dengue,2,PE,2024-01-14,30,2023-06-18,35.0,45.2,59.4,90.0,135.4,194.4,259.8,304.6,347.4,95,19.36,19.36,0.0,0.0,40.400000000000006,True,True,True,True
gru_negbin,dengue,2,PE,2024-01-21,31,2023-06-18,44.6,56.6,73.4,108.4,159.2,224.2,295.8,345.0,391.8,126,20.197777777777777,20.197777777777777,0.0,0.0,33.19999999999999,True,True,True,True
gru_negbin,dengue,2,PE,2024-01-28,32,2023-06-18,56.4,70.8,90.2,129.8,187.8,260.8,340.6,394.8,446.4,188,18.63111111111111,18.63111111111111,0.0,0.0,0.19999999999998863,True,True,True,True
gru_negbin,dengue,2,PE,2024-02-04,33,2023-06-18,72.2,88.8,111.4,158.2,224.2,307.2,397.0,458.2,516.0,271,26.39444444444445,26.39444444444445,0.0,0.0,46.80000000000001,True,True,True,True
gru_negbin,dengue,2,PE,2024-02-11,34,2023-06-18,90.8,110.8,137.4,191.8,267.8,362.4,464.6,533.8,599.0,520,99.62777777777778,52.29444444444445,0.0,47.333333333333336,252.2,False,False,True,True
gru_negbin,dengue,2,PE,2024-02-18,35,2023-06-18,113.6,137.2,168.4,231.6,319.8,429.0,546.2,625.2,699.6,934,415.3955555555556,96.28444444444445,0.0,319.1111111111111,614.2,False,False,False,False
gru_negbin,dengue,2,PE,2024-02-25,36,2023-06-18,140.0,167.8,204.8,279.4,383.0,510.0,646.0,738.0,823.8,1185,571.2388888888889,121.86111111111111,0.0,449.3777777777778,802.0,False,False,False,False
gru_negbin,dengue,2,PE,2024-03-03,37,2023-06-18,171.4,204.6,248.6,337.0,459.2,609.2,769.4,877.2,978.2,1331,599.9622222222221,135.51777777777778,0.0,464.44444444444446,871.8,False,False,False,False
gru_negbin,dengue,2,PE,2024-03-10,38,2023-06-18,205.8,244.8,297.0,401.6,545.8,722.6,911.2,1038.2,1157.2,1389,523.0055555555555,139.2722222222222,0.0,383.7333333333333,843.2,False,False,False,False
gru_negbin,dengue,2,PE,2024-03-17,39,2023-06-18,242.6,289.0,350.4,474.0,645.2,854.8,1079.0,1230.4,1372.2,1428,402.3044444444444,141.06,0.0,261.2444444444444,782.8,False,False,False,False
gru_negbin,dengue,2,PE,2024-03-24,40,2023-06-18,279.2,333.6,406.4,553.4,758.4,1011.0,1282.2,1465.8,1637.6,1114,127.41111111111111,104.52222222222223,0.0,22.88888888888889,355.6,False,True,True,True
gru_negbin,dengue,2,PE,2024-03-31,41,2023-06-18,320.4,385.0,471.6,647.8,894.4,1200.4,1530.8,1754.2,1964.2,1458,198.45,141.20555555555558,0.0,57.244444444444426,563.6,False,True,True,True
gru_negbin,dengue,2,PE,2024-04-07,42,2023-06-18,356.8,431.6,531.8,736.8,1025.8,1385.4,1774.8,2038.4,2287.0,1185,109.92111111111112,109.92111111111112,0.0,0.0,159.20000000000005,True,True,True,True
gru_negbin,dengue,2,PE,2024-04-14,43,2023-06-18,385.2,469.2,582.6,815.6,1146.4,1560.0,2008.8,2313.6,2601.2,1281,120.80888888888886,120.80888888888886,0.0,0.0,134.5999999999999,True,True,True,True
gru_negbin,dengue,2,PE,2024-04-21,44,2023-06-18,406.6,498.4,622.6,879.6,1245.4,1704.6,2204.4,2544.6,2865.8,1018,142.64888888888888,142.64888888888888,0.0,0.0,227.4000000000001,True,True,True,True
gru_negbin,dengue,2,PE,2024-04-28,45,2023-06-18,419.8,517.4,650.6,926.6,1322.0,1819.6,2362.2,2732.4,3082.0,936,169.93666666666667,169.93666666666667,0.0,0.0,386.0,True,True,True,True
gru_negbin,dengue,2,PE,2024-05-05,46,2023-06-18,416.6,516.8,653.2,938.8,1348.8,1867.6,2435.2,2822.8,3189.0,863,203.04666666666662,186.20222222222222,16.844444444444434,0.0,485.79999999999995,False,True,True,True
gru_negbin,dengue,2,PE,2024-05-12,47,2023-06-18,410.0,510.2,647.8,935.6,1350.8,1877.2,2454.0,2848.6,3222.0,840,212.05333333333334,190.80888888888887,21.24444444444445,0.0,510.79999999999995,False,True,True,True
gru_negbin,dengue,2,PE,2024-05-19,48,2023-06-18,393.0,490.4,624.0,904.8,1309.8,1824.2,2388.6,2774.8,3140.2,806,208.86888888888888,186.91333333333333,21.955555555555545,0.0,503.79999999999995,False,True,True,True
gru_negbin,dengue,2,PE,2024-05-26,49,2023-06-18,375.0,468.8,597.4,866.8,1256.2,1750.8,2293.2,2664.2,3015.2,670,234.7233333333333,190.98999999999998,43.73333333333332,0.0,586.2,False,True,True,True
gru_negbin,dengue,2,PE,2024-06-02,50,2023-06-18,359.6,448.2,570.0,824.4,1191.6,1656.6,2166.0,2514.4,2843.6,672,210.05777777777774,176.19111111111107,33.86666666666666,0.0,519.5999999999999,False,True,True,True
gru_negbin,dengue,2,PE,2024-06-09,51,2023-06-18,343.8,427.4,541.6,779.6,1121.6,1554.6,2028.0,2351.2,2656.6,643,193.84444444444443,163.48888888888888,30.35555555555556,0.0,478.5999999999999,False,True,True,True
gru_negbin,dengue,2,PE,2024-06-16,52,2023-06-18,328.0,405.8,512.0,732.6,1049.2,1448.6,1884.6,2182.2,2463.0,715,142.92333333333332,139.01222222222222,3.9111111111111163,0.0,334.20000000000005,False,True,True,True
gru_negbin,dengue,2,PE,2024-06-23,53,2023-06-18,311.2,382.6,480.0,680.6,966.6,1326.2,1717.0,1983.2,2234.2,575,158.8011111111111,135.33444444444447,23.466666666666672,0.0,391.6,False,True,True,True
gru_negbin,dengue,2,PE,2024-06-30,54,2023-06-18,296.2,361.8,450.4,632.2,889.0,1209.8,1556.6,1792.4,2014.2,596,122.7111111111111,114.66666666666664,8.044444444444455,0.0,293.0,False,True,True,True
gru_negbin,dengue,2,PE,2024-07-07,55,2023-06-18,285.2,345.6,426.8,592.2,823.8,1110.4,1419.4,1628.2,1824.8,437,151.1177777777778,116.6288888888889,34.4888888888889,0.0,386.79999999999995,False,True,True,True
gru_negbin,dengue,2,PE,2024-07-14,56,2023-06-18,273.2,329.4,404.0,554.8,764.6,1022.8,1299.6,1486.4,1661.6,577,87.31555555555556,87.31555555555556,0.0,0.0,187.60000000000002,True,True,True,True
gru_negbin,dengue,2,PE,2024-07-21,57,2023-06-18,260.2,311.6,380.0,517.4,707.4,939.8,1187.8,1354.6,1511.2,421,113.20111111111109,91.77888888888887,21.422222222222217,0.0,286.4,False,True,True,True
gru_negbin,dengue,2,PE,2024-07-28,58,2023-06-18,248.0,295.8,358.6,484.8,657.8,869.0,1093.8,1244.6,1386.2,303,146.72555555555556,93.97,52.75555555555556,0.0,354.79999999999995,False,False,True,True
gru_negbin,dengue,2,PE,2024-08-04,59,2023-06-18,233.6,278.2,336.4,452.8,612.2,806.2,1012.4,1151.0,1280.4,308,122.45777777777779,83.9688888888889,38.48888888888889,0.0,304.20000000000005,False,False,True,True
gru_negbin,dengue,2,PE,2024-08-11,60,2023-06-18,218.4,259.6,314.6,422.8,571.8,753.0,945.4,1075.0,1195.6,297,109.25111111111111,77.38444444444444,31.866666666666674,0.0,274.79999999999995,False,False,True,True
gru_negbin,dengue,2,PE,2024-08-18,61,2023-06-18,203.8,242.4,293.4,395.6,535.4,705.8,887.0,1008.6,1122.4,330,81.44111111111111,66.86333333333333,14.577777777777783,0.0,205.39999999999998,False,True,True,True
gru_negbin,dengue,2,PE,2024-08-25,62,2023-06-18,190.4,226.2,274.0,369.2,499.6,659.0,829.0,942.8,1049.4,246,102.94555555555556,69.34555555555556,33.599999999999994,0.0,253.60000000000002,False,False,True,True
gru_negbin,dengue,2,PE,2024-09-01,63,2023-06-18,175.6,209.6,254.4,344.6,468.6,620.4,782.8,891.6,994.0,310,64.5,56.8111111111111,7.6888888888888935,0.0,158.60000000000002,False,True,True,True
gru_negbin,dengue,2,PE,2024-09-08,64,2023-06-18,161.2,193.0,235.2,321.0,440.4,587.4,744.8,851.2,951.4,297,59.094444444444434,53.761111111111106,5.333333333333333,0.0,143.39999999999998,False,True,True,True
gru_negbin,dengue,2,PE,2024-09-15,65,2023-06-18,147.4,177.8,218.2,301.0,416.8,560.4,715.8,820.6,919.4,321,47.544444444444444,47.544444444444444,0.0,0.0,95.80000000000001,True,True,True,True
gru_negbin,dengue,2,PE,2024-09-22,66,2023-06-18,135.8,165.0,204.6,285.6,400.4,543.6,698.6,804.2,903.4,267,55.63333333333333,51.49999999999999,4.133333333333338,0.0,133.39999999999998,False,True,True,True
gru_negbin,dengue,2,PE,2024-09-29,67,2023-06-18,125.0,153.8,192.8,273.6,388.4,533.4,691.0,798.2,899.6,234,62.923333333333325,54.12333333333333,8.800000000000004,0.0,154.39999999999998,False,True,True,True
gru_negbin,dengue,2,PI,2023-10-08,16,2023-06-18,9.8,11.4,13.4,17.2,22.4,28.2,33.8,37.8,41.0,22,1.5755555555555552,1.5755555555555552,0.0,0.0,0.3999999999999986,True,True,True,True
gru_negbin,dengue,2,PI,2023-10-15,17,2023-06-18,9.0,10.6,12.8,16.4,21.6,27.2,32.8,36.8,40.0,29,2.7299999999999995,2.3299999999999996,0.0,0.40000000000000013,7.399999999999999,False,True,True,True
gru_negbin,dengue,2,PI,2023-10-22,18,2023-06-18,8.2,10.0,12.0,15.8,20.8,26.6,32.4,36.0,39.4,25,1.9822222222222226,1.9822222222222226,0.0,0.0,4.199999999999999,True,True,True,True
gru_negbin,dengue,2,PI,2023-10-29,19,2023-06-18,7.8,9.2,11.4,15.2,20.4,26.0,32.2,35.8,39.6,14,2.5122222222222224,2.2455555555555553,0.2666666666666665,0.0,6.399999999999999,False,True,True,True
gru_negbin,dengue,2,PI,2023-11-05,20,2023-06-18,7.2,8.8,10.8,14.6,19.6,25.4,31.8,35.6,39.2,24,2.0311111111111106,2.0311111111111106,0.0,0.0,4.399999999999999,True,True,True,True
gru_negbin,dengue,2,PI,2023-11-12,21,2023-06-18,6.8,8.4,10.2,14.2,19.4,25.6,32.0,36.0,40.2,26,2.4322222222222223,2.3433333333333337,0.0,0.08888888888888857,6.600000000000001,False,True,True,True
gru_negbin,dengue,2,PI,2023-11-19,22,2023-06-18,6.0,7.8,9.8,13.8,19.4,25.8,32.8,37.4,41.6,26,2.4822222222222217,2.4377777777777774,0.0,0.04444444444444429,6.600000000000001,False,True,True,True
gru_negbin,dengue,2,PI,2023-11-26,23,2023-06-18,6.0,7.6,9.6,14.0,19.2,26.2,33.6,38.4,43.0,25,2.4033333333333333,2.4033333333333333,0.0,0.0,5.800000000000001,True,True,True,True
gru_negbin,dengue,2,PI,2023-12-03,24,2023-06-18,5.6,7.2,9.4,13.6,19.6,27.0,34.6,39.8,44.6,30,3.705555555555555,3.0388888888888888,0.0,0.6666666666666666,10.399999999999999,False,True,True,True
gru_negbin,dengue,2,PI,2023-12-10,25,2023-06-18,5.6,7.0,9.2,13.8,20.0,27.4,35.6,41.0,46.4,30,3.6355555555555554,3.057777777777778,0.0,0.5777777777777781,10.0,False,True,True,True
gru_negbin,dengue,2,PI,2023-12-17,26,2023-06-18,5.6,7.2,9.6,14.0,20.6,28.4,37.2,43.0,48.4,24,2.4266666666666663,2.4266666666666663,0.0,0.0,3.3999999999999986,True,True,True,True
gru_negbin,dengue,2,PI,2023-12-24,27,2023-06-18,6.4,8.0,10.6,15.6,22.6,30.8,39.8,46.2,51.8,25,2.4366666666666665,2.4366666666666665,0.0,0.0,2.3999999999999986,True,True,True,True
gru_negbin,dengue,2,PI,2023-12-31,28,2023-06-18,7.0,9.4,11.8,17.2,24.8,33.8,43.6,50.0,56.6,88,46.71111111111111,9.377777777777778,0.0,37.333333333333336,63.2,False,False,False,False
gru_negbin,dengue,2,PI,2024-01-07,29,2023-06-18,8.6,10.6,13.6,19.4,27.6,37.4,48.4,55.4,62.2,137,91.30222222222221,14.724444444444446,0.0,76.57777777777777,109.4,False,False,False,False
gru_negbin,dengue,2,PI,2024-01-14,30,2023-06-18,10.0,12.6,15.6,22.4,31.2,42.2,53.8,61.6,68.8,97,46.04222222222222,10.131111111111112,0.0,35.91111111111112,65.8,False,False,False,False
gru_negbin,dengue,2,PI,2024-01-21,31,2023-06-18,12.4,15.2,18.6,26.2,36.0,48.2,61.0,69.8,77.4,111,53.154444444444444,11.465555555555556,0.0,41.68888888888889,75.0,False,False,False,False
gru_negbin,dengue,2,PI,2024-01-28,32,2023-06-18,14.8,18.0,22.4,30.6,41.6,55.2,69.4,78.6,87.6,203,137.24444444444444,21.422222222222228,0.0,115.82222222222221,161.4,False,False,False,False
gru_negbin,dengue,2,PI,2024-02-04,33,2023-06-18,17.8,21.2,26.0,35.2,47.4,62.2,78.0,88.0,97.8,321,247.1311111111111,34.242222222222225,0.0,212.88888888888889,273.6,False,False,False,False
gru_negbin,dengue,2,PI,2024-02-11,34,2023-06-18,20.8,25.2,30.2,40.6,54.2,70.6,87.6,99.0,109.4,436,352.7655555555555,46.67666666666667,0.0,306.0888888888889,381.8,False,False,False,False
gru_negbin,dengue,2,PI,2024-02-18,35,2023-06-18,24.2,28.8,34.6,46.2,61.6,80.0,99.0,111.4,123.2,681,587.0211111111112,73.5988888888889,0.0,513.4222222222221,619.4,False,False,False,False
gru_negbin,dengue,2,PI,2024-02-25,36,2023-06-18,27.8,33.2,39.6,52.6,70.0,90.8,112.6,126.6,140.0,675,568.1833333333333,72.6277777777778,0.0,495.55555555555554,605.0,False,False,False,False
gru_negbin,dengue,2,PI,2024-03-03,37,2023-06-18,31.8,37.6,45.2,60.2,80.0,104.0,128.8,145.6,160.8,817,694.4966666666668,88.09666666666666,0.0,606.4000000000001,737.0,False,False,False,False
gru_negbin,dengue,2,PI,2024-03-10,38,2023-06-18,35.6,42.2,51.2,68.4,91.4,119.4,148.6,168.2,186.2,848,706.7677777777777,91.30111111111111,0.0,615.4666666666667,756.6,False,False,False,False
gru_negbin,dengue,2,PI,2024-03-17,39,2023-06-18,39.4,46.8,56.8,76.8,103.6,136.2,170.6,193.2,214.4,777,615.161111111111,83.25,0.0,531.911111111111,673.4,False,False,False,False
gru_negbin,dengue,2,PI,2024-03-24,40,2023-06-18,42.4,51.0,62.4,85.0,116.0,153.2,193.0,219.4,244.4,616,432.7955555555556,65.24000000000001,0.0,367.55555555555554,500.0,False,False,False,False
gru_negbin,dengue,2,PI,2024-03-31,41,2023-06-18,45.4,55.0,67.8,93.6,128.6,171.4,217.2,248.0,277.0,814,607.7622222222221,87.22888888888889,0.0,520.5333333333333,685.4,False,False,False,False
gru_negbin,dengue,2,PI,2024-04-07,42,2023-06-18,49.2,59.6,73.6,102.0,141.4,189.2,240.6,275.0,307.4,736,507.7388888888888,78.44999999999999,0.0,429.28888888888883,594.6,False,False,False,False
gru_negbin,dengue,2,PI,2024-04-14,43,2023-06-18,52.6,64.2,79.4,110.2,152.6,205.4,261.2,299.0,334.2,738,490.14666666666665,78.54666666666668,0.0,411.6,585.4,False,False,False,False
gru_negbin,dengue,2,PI,2024-04-21,44,2023-06-18,55.0,67.0,83.2,115.8,161.2,217.4,277.0,317.4,355.2,674,411.1566666666667,71.37888888888887,0.0,339.77777777777777,512.8,False,False,False,False
gru_negbin,dengue,2,PI,2024-04-28,45,2023-06-18,55.2,67.4,83.8,117.4,164.0,221.2,283.2,324.6,364.2,541,272.39444444444445,56.66111111111111,0.0,215.73333333333332,377.0,False,False,False,False
gru_negbin,dengue,2,PI,2024-05-05,46,2023-06-18,53.4,65.6,81.8,115.2,161.6,219.2,280.8,322.8,362.0,601,334.5277777777777,63.59444444444445,0.0,270.93333333333334,439.4,False,False,False,False
gru_negbin,dengue,2,PI,2024-05-12,47,2023-06-18,50.0,61.2,76.8,108.6,152.8,207.8,267.2,307.4,345.0,673,419.6055555555556,71.91666666666669,0.0,347.68888888888887,520.2,False,False,False,False
gru_negbin,dengue,2,PI,2024-05-19,48,2023-06-18,45.6,56.2,71.0,100.4,142.0,193.6,249.4,286.8,322.6,620,383.59888888888895,66.35444444444444,0.0,317.2444444444444,478.0,False,False,False,False
gru_negbin,dengue,2,PI,2024-05-26,49,2023-06-18,41.6,51.4,64.6,92.0,129.8,177.4,228.2,263.0,295.6,497,280.4533333333333,52.94222222222221,0.0,227.51111111111112,367.2,False,False,False,False
gru_negbin,dengue,2,PI,2024-06-02,50,2023-06-18,38.2,47.0,59.2,83.4,117.8,160.6,206.6,237.8,267.2,527,331.04555555555555,56.423333333333325,0.0,274.6222222222222,409.2,False,False,False,False
gru_negbin,dengue,2,PI,2024-06-09,51,2023-06-18,34.8,42.8,53.4,75.4,105.4,142.8,182.6,210.0,235.0,430,256.6744444444445,45.652222222222214,0.0,211.02222222222224,324.6,False,False,False,False
gru_negbin,dengue,2,PI,2024-06-16,52,2023-06-18,32.2,39.4,49.0,68.4,95.2,127.6,162.6,186.0,208.0,313,158.79666666666668,32.61888888888889,0.0,126.17777777777776,217.8,False,False,False,False
gru_negbin,dengue,2,PI,2024-06-23,53,2023-06-18,30.4,36.8,45.2,62.2,85.6,114.0,144.2,164.4,183.4,201,64.16777777777779,20.167777777777776,0.0,44.0,115.4,False,False,False,False
gru_negbin,dengue,2,PI,2024-06-30,54,2023-06-18,28.4,34.2,41.8,56.4,76.8,101.2,126.8,143.8,160.2,193,72.57222222222222,19.23888888888889,0.0,53.333333333333336,116.2,False,False,False,False
gru_negbin,dengue,2,PI,2024-07-07,55,2023-06-18,26.6,31.6,38.2,51.4,68.4,89.2,111.0,125.2,138.6,185,79.66888888888887,18.335555555555555,0.0,61.333333333333336,116.6,False,False,False,False
gru_negbin,dengue,2,PI,2024-07-14,56,2023-06-18,25.0,29.6,35.2,46.6,61.4,79.0,97.2,109.4,120.6,194,101.50666666666666,19.328888888888887,0.0,82.17777777777776,132.6,False,False,False,False
gru_negbin,dengue,2,PI,2024-07-21,57,2023-06-18,23.4,27.2,32.4,42.2,55.0,70.0,85.6,95.8,105.2,161,79.58777777777777,15.721111111111108,0.0,63.866666666666674,106.0,False,False,False,False
gru_negbin,dengue,2,PI,2024-07-28,58,2023-06-18,21.6,25.2,29.4,38.0,49.4,62.2,75.6,84.4,92.6,118,45.97888888888889,11.045555555555554,0.0,34.93333333333334,68.6,False,False,False,False
gru_negbin,dengue,2,PI,2024-08-04,59,2023-06-18,19.8,22.8,27.0,34.6,44.2,55.8,67.4,75.0,82.0,104,39.82333333333333,9.645555555555553,0.0,30.17777777777778,59.8,False,False,False,False
gru_negbin,dengue,2,PI,2024-08-11,60,2023-06-18,18.2,21.0,24.4,31.2,40.0,49.6,60.0,66.6,72.8,77,19.845555555555556,6.734444444444445,0.0,13.111111111111112,37.0,False,False,False,False
gru_negbin,dengue,2,PI,2024-08-18,61,2023-06-18,16.6,19.0,22.4,28.2,36.0,45.0,53.6,59.6,65.2,80,28.703333333333333,7.236666666666668,0.0,21.466666666666665,44.0,False,False,False,False
gru_negbin,dengue,2,PI,2024-08-25,62,2023-06-18,15.0,17.4,20.2,25.6,32.6,40.4,48.4,53.8,58.4,73,26.805555555555557,6.583333333333333,0.0,20.22222222222222,40.4,False,False,False,False
gru_negbin,dengue,2,PI,2024-09-01,63,2023-06-18,13.4,15.4,18.2,23.0,29.2,36.4,43.6,48.2,52.4,58,16.51222222222222,5.09,0.0,11.422222222222222,28.8,False,False,False,False
gru_negbin,dengue,2,PI,2024-09-08,64,2023-06-18,11.6,13.4,15.8,20.6,26.2,32.6,39.2,43.8,47.4,41,5.634444444444443,3.367777777777778,0.0,2.2666666666666657,14.8,False,False,True,True
gru_negbin,dengue,2,PI,2024-09-15,65,2023-06-18,10.2,11.6,14.0,17.8,23.4,29.4,35.2,39.4,42.8,33,3.4722222222222223,2.6722222222222225,0.0,0.8000000000000003,9.600000000000001,False,True,True,True
gru_negbin,dengue,2,PI,2024-09-22,66,2023-06-18,9.0,10.8,12.6,16.6,21.4,26.8,32.6,36.4,39.6,26,1.9766666666666666,1.9766666666666666,0.0,0.0,4.600000000000001,True,True,True,True
gru_negbin,dengue,2,PI,2024-09-29,67,2023-06-18,8.2,9.6,11.6,15.0,19.6,25.0,30.2,33.6,36.6,39,10.348888888888888,3.5488888888888885,0.0,6.8,19.4,False,False,False,False
gru_negbin,dengue,2,PR,2023-10-08,16,2023-06-18,151.6,171.2,195.4,241.6,300.6,368.4,437.2,482.4,523.8,529,110.92111111111113,43.32111111111111,0.0,67.60000000000002,228.39999999999998,False,False,False,False
gru_negbin,dengue,2,PR,2023-10-15,17,2023-06-18,164.8,186.8,215.2,267.8,336.2,415.4,496.0,548.6,597.6,665,191.26444444444445,57.39777777777778,0.0,133.86666666666667,328.8,False,False,False,False
gru_negbin,dengue,2,PR,2023-10-22,18,2023-06-18,178.0,203.4,236.2,298.6,379.8,474.8,572.6,636.6,695.8,586,75.55444444444443,47.86555555555555,0.0,27.688888888888883,206.2,False,False,True,True
gru_negbin,dengue,2,PR,2023-10-29,19,2023-06-18,191.0,221.2,260.2,335.2,434.4,551.6,673.4,754.0,828.4,676,85.73222222222222,57.510000000000005,0.0,28.22222222222222,241.60000000000002,False,False,True,True
gru_negbin,dengue,2,PR,2023-11-05,20,2023-06-18,204.6,240.6,287.8,380.0,504.4,653.4,810.2,914.4,1011.4,1027,256.5222222222222,96.83333333333333,0.0,159.6888888888889,522.6,False,False,False,False
gru_negbin,dengue,2,PR,2023-11-12,21,2023-06-18,213.6,256.0,312.0,423.8,577.6,764.6,964.0,1097.6,1222.4,1078,198.95555555555555,103.97777777777777,0.0,94.97777777777777,500.4,False,False,True,True
gru_negbin,dengue,2,PR,2023-11-19,22,2023-06-18,219.4,268.0,333.6,466.6,653.0,884.4,1133.6,1301.6,1460.2,1397,335.6777777777778,142.0333333333333,0.0,193.6444444444445,744.0,False,False,False,True
gru_negbin,dengue,2,PR,2023-11-26,23,2023-06-18,223.6,280.0,356.2,515.4,743.6,1031.8,1346.4,1561.0,1763.6,1473,280.7044444444444,154.52666666666664,0.0,126.17777777777776,729.4,False,False,True,True
gru_negbin,dengue,2,PR,2023-12-03,24,2023-06-18,227.8,291.8,381.0,571.6,851.2,1211.4,1610.4,1884.8,2145.0,2042,538.9488888888887,223.52666666666667,0.0,315.4222222222222,1190.8,False,False,False,True
gru_negbin,dengue,2,PR,2023-12-10,25,2023-06-18,229.8,302.4,405.4,631.6,973.6,1423.0,1927.6,2278.0,2612.2,3172,1345.5133333333333,357.24666666666667,0.0,988.2666666666669,2198.4,False,False,False,False
gru_negbin,dengue,2,PR,2023-12-17,26,2023-06-18,239.4,321.4,440.8,709.6,1126.0,1683.8,2319.0,2763.0,3188.6,2582,559.1955555555555,301.15111111111105,0.0,258.0444444444445,1456.0,False,False,True,True
gru_negbin,dengue,2,PR,2023-12-24,27,2023-06-18,253.2,347.0,486.2,807.4,1316.6,2012.0,2813.8,3378.6,3922.2,2699,478.9811111111111,326.31444444444446,0.0,152.66666666666666,1382.4,False,True,True,True
gru_negbin,dengue,2,PR,2023-12-31,28,2023-06-18,274.4,382.0,544.8,927.2,1547.6,2407.6,3410.4,4120.8,4807.0,5545,2308.847777777778,656.8033333333334,0.0,1652.0444444444445,3997.4,False,False,False,False
gru_negbin,dengue,2,PR,2024-01-07,29,2023-06-18,322.6,451.4,647.6,1114.6,1880.6,2951.6,4207.6,5100.6,5964.2,7157,3162.4333333333325,850.4333333333333,0.0,2312.0,5276.4,False,False,False,False
gru_negbin,dengue,2,PR,2024-01-14,30,2023-06-18,398.4,555.0,794.0,1363.0,2297.4,3607.4,5144.8,6238.2,7296.6,9853,4967.91,1162.3544444444444,0.0,3805.5555555555557,7555.6,False,False,False,False
gru_negbin,dengue,2,PR,2024-01-21,31,2023-06-18,505.8,699.0,991.4,1683.2,2814.0,4392.2,6240.0,7553.0,8822.8,12069,6144.052222222222,1417.83,0.0,4726.222222222223,9255.0,False,False,False,False
gru_negbin,dengue,2,PR,2024-01-28,32,2023-06-18,646.2,882.6,1237.8,2069.4,3414.6,5279.8,7453.2,8994.0,10481.4,12503,5427.42,1471.0644444444445,0.0,3956.3555555555554,9088.4,False,False,False,False
gru_negbin,dengue,2,PR,2024-02-04,33,2023-06-18,828.0,1115.4,1541.0,2522.2,4086.4,6230.8,8712.6,10464.2,12151.6,15589,7320.653333333334,1810.2533333333333,0.0,5510.400000000001,11502.6,False,False,False,False
gru_negbin,dengue,2,PR,2024-02-11,34,2023-06-18,1026.8,1362.8,1852.6,2961.8,4696.8,7042.6,9731.2,11619.2,13432.0,20877,11645.357777777775,2382.4688888888895,0.0,9262.888888888889,16180.2,False,False,False,False
gru_negbin,dengue,2,PR,2024-02-18,35,2023-06-18,1218.8,1595.4,2138.2,3346.4,5204.8,7685.0,10503.6,12472.0,14357.0,25328,15366.550000000001,2856.6833333333334,0.0,12509.866666666667,20123.2,False,False,False,False
gru_negbin,dengue,2,PR,2024-02-25,36,2023-06-18,1426.8,1844.8,2439.0,3740.2,5709.4,8302.2,11221.8,13250.2,15186.6,27235,16594.454444444444,3043.521111111111,0.0,13550.933333333334,21525.6,False,False,False,False
gru_negbin,dengue,2,PR,2024-03-03,37,2023-06-18,1616.6,2066.2,2696.6,4056.6,6079.6,8709.6,11643.8,13671.4,15601.0,33358,22318.49777777778,3694.897777777778,0.0,18623.600000000002,27278.4,False,False,False,False
gru_negbin,dengue,2,PR,2024-03-10,38,2023-06-18,1838.8,2322.2,2992.6,4417.6,6507.0,9191.2,12160.8,14202.6,16140.4,38947,27416.617777777778,4284.84,0.0,23131.777777777777,32440.0,False,False,False,False
gru_negbin,dengue,2,PR,2024-03-17,39,2023-06-18,2043.2,2556.4,3262.4,4746.2,6897.4,9635.8,12644.8,14705.4,16656.4,44527,32536.404444444444,4877.382222222223,0.0,27659.022222222222,37629.6,False,False,False,False
gru_negbin,dengue,2,PR,2024-03-24,40,2023-06-18,2196.6,2731.4,3462.2,4987.0,7179.2,9952.0,12984.4,15055.6,17013.0,42983,30668.664444444443,4684.886666666667,0.0,25983.777777777777,35803.8,False,False,False,False
gru_negbin,dengue,2,PR,2024-03-31,41,2023-06-18,2296.6,2843.2,3586.6,5130.6,7337.2,10115.4,13143.8,15208.0,17156.0,47183,34716.29888888889,5136.565555555557,0.0,29579.73333333333,39845.8,False,False,False,False
gru_negbin,dengue,2,PR,2024-04-07,42,2023-06-18,2306.4,2848.4,3584.0,5105.4,7272.6,9992.6,12951.0,14965.2,16864.0,45933,33648.37333333334,4990.7733333333335,0.0,28657.6,38660.4,False,False,False,False
gru_negbin,dengue,2,PR,2024-04-14,43,2023-06-18,2230.4,2739.8,3428.8,4845.4,6851.4,9357.6,12073.6,13918.0,15655.8,45158,33703.86111111111,4897.861111111111,0.0,28806.0,38306.6,False,False,False,False
gru_negbin,dengue,2,PR,2024-04-21,44,2023-06-18,2023.6,2475.8,3085.0,4332.6,6091.6,8281.6,10648.6,12254.2,13764.8,35458,25353.791111111113,3824.2799999999997,0.0,21529.51111111111,29366.4,False,False,False,False
gru_negbin,dengue,2,PR,2024-04-28,45,2023-06-18,1716.4,2095.2,2604.4,3645.2,5109.6,6929.0,8893.0,10223.6,11475.2,37950,29511.02222222222,4115.644444444445,0.0,25395.377777777776,32840.4,False,False,False,False
gru_negbin,dengue,2,PR,2024-05-05,46,2023-06-18,1392.6,1698.0,2107.8,2945.0,4120.8,5580.4,7154.6,8221.2,9223.6,40183,33393.05888888889,4381.458888888888,0.0,29011.600000000002,36062.2,False,False,False,False
gru_negbin,dengue,2,PR,2024-05-12,47,2023-06-18,1090.2,1329.2,1649.8,2304.4,3224.2,4365.4,5596.0,6429.2,7213.2,33762,28451.343333333334,3685.965555555556,0.0,24765.377777777776,30537.8,False,False,False,False
gru_negbin,dengue,2,PR,2024-05-19,48,2023-06-18,824.2,1004.6,1247.0,1741.2,2435.4,3296.8,4225.0,4853.8,5445.0,21564,17554.306666666667,2346.4399999999996,0.0,15207.866666666665,19128.6,False,False,False,False
gru_negbin,dengue,2,PR,2024-05-26,49,2023-06-18,609.4,742.4,921.2,1286.2,1798.2,2434.2,3119.8,3583.8,4020.2,12512,9551.355555555556,1353.5777777777776,0.0,8197.777777777777,10713.8,False,False,False,False
gru_negbin,dengue,2,PR,2024-06-02,50,2023-06-18,442.4,539.0,669.0,933.8,1306.2,1768.2,2266.8,2604.8,2922.2,7810,5658.570000000001,841.2366666666666,0.0,4817.333333333333,6503.8,False,False,False,False
gru_negbin,dengue,2,PR,2024-06-09,51,2023-06-18,320.8,391.0,484.8,676.2,944.8,1277.8,1636.4,1879.4,2107.8,8434,6880.856666666667,917.6122222222223,0.0,5963.2444444444445,7489.2,False,False,False,False
gru_negbin,dengue,2,PR,2024-06-16,52,2023-06-18,237.4,289.2,358.6,499.6,697.6,942.8,1206.4,1385.0,1552.8,6874,5728.990000000001,749.2122222222223,0.0,4979.777777777777,6176.4,False,False,False,False
gru_negbin,dengue,2,PR,2024-06-23,53,2023-06-18,184.8,224.6,278.4,387.4,539.4,727.4,929.6,1066.4,1194.6,4288,3405.723333333333,464.8344444444444,0.0,2940.8888888888887,3748.6,False,False,False,False
gru_negbin,dengue,2,PR,2024-06-30,54,2023-06-18,147.0,178.4,220.6,305.8,425.0,571.8,729.6,836.2,935.6,2680,1987.6233333333334,288.33444444444444,0.0,1699.2888888888888,2255.0,False,False,False,False
gru_negbin,dengue,2,PR,2024-07-07,55,2023-06-18,121.2,147.0,181.2,250.2,346.0,463.6,590.0,675.0,754.6,1343,783.058888888889,141.10333333333335,0.0,641.9555555555556,997.0,False,False,False,False
gru_negbin,dengue,2,PR,2024-07-14,56,2023-06-18,102.8,123.8,151.6,207.6,284.6,378.8,479.4,547.2,610.4,1081,625.7422222222222,112.80888888888889,0.0,512.9333333333334,796.4,False,False,False,False
gru_negbin,dengue,2,PR,2024-07-21,57,2023-06-18,90.0,107.6,130.6,177.0,240.0,316.2,397.2,451.4,502.0,1141,763.7,119.87777777777777,0.0,643.8222222222222,901.0,False,False,False,False
gru_negbin,dengue,2,PR,2024-07-28,58,2023-06-18,81.4,96.4,116.4,155.6,208.8,272.4,339.8,384.4,426.2,907,584.1911111111111,94.14666666666666,0.0,490.0444444444445,698.2,False,False,False,False
gru_negbin,dengue,2,PR,2024-08-04,59,2023-06-18,74.4,88.0,105.4,139.6,185.0,240.0,297.2,335.6,371.0,707,424.2833333333333,72.2388888888889,0.0,352.0444444444444,522.0,False,False,False,False
gru_negbin,dengue,2,PR,2024-08-11,60,2023-06-18,70.2,82.2,98.0,128.4,169.0,217.2,267.2,300.4,331.4,527,272.74666666666667,52.346666666666664,0.0,220.4,358.0,False,False,False,False
gru_negbin,dengue,2,PR,2024-08-18,61,2023-06-18,67.4,78.6,92.6,120.6,157.0,200.4,244.8,274.6,301.8,533,299.82888888888886,53.07333333333334,0.0,246.75555555555553,376.0,False,False,False,False
gru_negbin,dengue,2,PR,2024-08-25,62,2023-06-18,65.8,76.4,89.8,115.4,149.4,189.2,230.2,257.8,282.6,417,197.5511111111111,40.17333333333333,0.0,157.37777777777777,267.6,False,False,False,False
gru_negbin,dengue,2,PR,2024-09-01,63,2023-06-18,66.2,76.4,89.4,114.0,146.4,184.4,223.0,248.8,272.6,506,293.2755555555555,49.897777777777776,0.0,243.37777777777774,359.6,False,False,False,False
gru_negbin,dengue,2,PR,2024-09-08,64,2023-06-18,68.2,78.4,91.0,115.4,146.6,183.8,221.4,246.0,268.8,555,343.94111111111107,55.05222222222222,0.0,288.8888888888889,408.4,False,False,False,False
gru_negbin,dengue,2,PR,2024-09-15,65,2023-06-18,71.4,81.4,94.4,118.8,150.4,186.8,224.2,248.8,271.4,500,285.9888888888888,48.47777777777778,0.0,237.51111111111115,349.6,False,False,False,False
gru_negbin,dengue,2,PR,2024-09-22,66,2023-06-18,74.0,84.6,97.8,122.6,155.0,192.2,230.6,255.8,278.8,551,330.88,53.857777777777784,0.0,277.02222222222224,396.0,False,False,False,False
gru_negbin,dengue,2,PR,2024-09-29,67,2023-06-18,76.4,87.2,101.0,127.0,160.6,200.0,239.6,265.8,290.2,544,315.2188888888889,52.907777777777774,0.0,262.3111111111111,383.4,False,False,False,False
gru_negbin,dengue,2,RJ,2023-10-08,16,2023-06-18,82.8,94.0,107.8,134.4,168.0,207.4,247.2,273.4,297.2,351,114.84888888888888,30.671111111111113,0.0,84.17777777777778,183.0,False,False,False,False
gru_negbin,dengue,2,RJ,2023-10-15,17,2023-06-18,83.6,95.0,109.8,138.4,175.0,218.0,262.0,290.8,317.6,451,200.96888888888887,41.946666666666665,0.0,159.02222222222224,276.0,False,False,False,False
gru_negbin,dengue,2,RJ,2023-10-22,18,2023-06-18,84.0,96.6,112.6,143.4,184.0,231.4,280.2,312.6,342.4,470,202.76000000000002,44.22666666666667,0.0,158.53333333333333,286.0,False,False,False,False
gru_negbin,dengue,2,RJ,2023-10-29,19,2023-06-18,84.6,98.4,115.6,149.8,194.8,248.2,303.8,340.4,374.6,519,229.74888888888887,49.97111111111111,0.0,179.77777777777777,324.2,False,False,False,False
gru_negbin,dengue,2,RJ,2023-11-05,20,2023-06-18,86.0,100.8,120.4,158.2,209.8,271.0,335.2,378.2,418.2,734,414.96777777777777,74.21222222222224,0.0,340.75555555555553,524.2,False,False,False,False
gru_negbin,dengue,2,RJ,2023-11-12,21,2023-06-18,87.8,104.6,126.6,170.2,229.8,302.6,379.6,431.0,479.4,730,369.3355555555556,74.35777777777778,0.0,294.9777777777778,500.2,False,False,False,False
gru_negbin,dengue,2,RJ,2023-11-19,22,2023-06-18,90.0,109.0,134.0,185.0,255.6,343.0,437.0,500.6,559.8,1094,679.0944444444444,115.6277777777778,0.0,563.4666666666667,838.4,False,False,False,False
gru_negbin,dengue,2,RJ,2023-11-26,23,2023-06-18,91.8,113.0,141.8,201.4,286.4,393.0,509.0,588.0,662.8,1236,753.0322222222222,132.76555555555558,0.0,620.2666666666667,949.6,False,False,False,False
gru_negbin,dengue,2,RJ,2023-12-03,24,2023-06-18,92.6,116.8,149.6,220.0,321.8,452.4,596.8,695.6,789.4,1533,967.24,167.72888888888895,0.0,799.5111111111111,1211.2,False,False,False,False
gru_negbin,dengue,2,RJ,2023-12-10,25,2023-06-18,95.0,122.2,160.0,242.6,366.2,527.6,708.2,833.2,952.2,1863,1191.611111111111,206.9888888888889,0.0,984.6222222222223,1496.8,False,False,False,False
gru_negbin,dengue,2,RJ,2023-12-17,26,2023-06-18,99.8,131.0,175.0,272.8,421.8,618.8,841.6,996.8,1144.8,1513,715.1500000000001,170.70555555555555,0.0,544.4444444444445,1091.2,False,False,False,False
gru_negbin,dengue,2,RJ,2023-12-24,27,2023-06-18,110.8,146.8,198.6,314.0,491.4,727.8,996.4,1184.0,1363.8,1821,876.27,206.93666666666667,0.0,669.3333333333334,1329.6,False,False,False,False
gru_negbin,dengue,2,RJ,2023-12-31,28,2023-06-18,132.8,175.0,236.2,371.8,580.0,856.6,1169.6,1388.0,1597.4,4432,3323.1566666666668,497.2900000000001,0.0,2825.866666666667,3852.0,False,False,False,False
gru_negbin,dengue,2,RJ,2024-01-07,29,2023-06-18,168.0,218.6,290.4,447.4,684.6,996.6,1347.6,1591.6,1824.2,5147,3869.394444444444,574.2833333333333,0.0,3295.1111111111113,4462.4,False,False,False,False
gru_negbin,dengue,2,RJ,2024-01-14,30,2023-06-18,212.8,272.8,356.8,538.4,808.8,1160.8,1553.8,1825.0,2083.6,7409,5936.1288888888885,822.1733333333333,0.0,5113.955555555556,6600.2,False,False,False,False
gru_negbin,dengue,2,RJ,2024-01-21,31,2023-06-18,265.0,335.8,434.0,643.8,952.6,1350.4,1791.4,2095.2,2383.4,9524,7825.471111111112,1053.1155555555554,0.0,6772.355555555555,8571.4,False,False,False,False
gru_negbin,dengue,2,RJ,2024-01-28,32,2023-06-18,319.8,401.0,512.6,748.2,1090.4,1526.4,2006.6,2335.8,2647.4,12489,10586.217777777778,1377.3733333333332,0.0,9208.844444444445,11398.6,False,False,False,False
gru_negbin,dengue,2,RJ,2024-02-04,33,2023-06-18,380.4,471.8,596.8,857.4,1231.0,1703.0,2218.8,2570.8,2903.4,17780,15675.583333333334,1959.1388888888894,0.0,13716.444444444445,16549.0,False,False,False,False
gru_negbin,dengue,2,RJ,2024-02-11,34,2023-06-18,441.0,542.8,681.2,966.4,1372.4,1881.0,2433.6,2810.0,3164.6,24277,21968.097777777777,2675.031111111111,0.0,19293.066666666666,22904.6,False,False,False,False
gru_negbin,dengue,2,RJ,2024-02-18,35,2023-06-18,502.4,614.8,766.4,1076.8,1514.6,2060.2,2650.2,3050.2,3426.8,28482,25967.424444444445,3136.1800000000003,0.0,22831.24444444444,26967.4,False,False,False,False
gru_negbin,dengue,2,RJ,2024-02-25,36,2023-06-18,557.4,678.8,841.0,1172.2,1636.0,2210.4,2829.2,3247.8,3641.0,27774,25089.002222222218,3051.757777777778,0.0,22037.24444444444,26138.0,False,False,False,False
gru_negbin,dengue,2,RJ,2024-03-03,37,2023-06-18,601.8,730.8,903.0,1252.4,1739.6,2341.2,2987.2,3423.8,3833.4,25296,22460.591111111113,2772.057777777778,0.0,19688.533333333333,23556.4,False,False,False,False
gru_negbin,dengue,2,RJ,2024-03-10,38,2023-06-18,628.4,762.6,941.4,1304.4,1810.0,2433.2,3102.2,3553.6,3977.6,22979,20034.54666666667,2512.4577777777777,0.0,17522.088888888888,21169.0,False,False,False,False
gru_negbin,dengue,2,RJ,2024-03-17,39,2023-06-18,653.4,793.0,979.6,1357.6,1884.6,2534.6,3232.2,3703.6,4145.8,18686,15617.966666666667,2034.0111111111114,0.0,13583.955555555556,16801.4,False,False,False,False
gru_negbin,dengue,2,RJ,2024-03-24,40,2023-06-18,674.0,819.4,1013.8,1408.8,1960.4,2642.2,3375.4,3870.4,4335.6,12834,9630.622222222222,1383.4222222222224,0.0,8247.2,10873.6,False,False,False,False
gru_negbin,dengue,2,RJ,2024-03-31,41,2023-06-18,687.2,837.2,1038.4,1448.6,2023.2,2734.6,3501.0,4019.6,4506.6,15220,11897.547777777778,1649.0588888888888,0.0,10248.488888888889,13196.8,False,False,False,False
gru_negbin,dengue,2,RJ,2024-04-07,42,2023-06-18,681.0,831.4,1033.6,1446.4,2025.2,2743.8,3518.6,4043.0,4536.0,12581,9242.29,1357.2677777777778,0.0,7885.022222222222,10555.8,False,False,False,False
gru_negbin,dengue,2,RJ,2024-04-14,43,2023-06-18,653.8,799.4,995.4,1395.6,1958.4,2657.2,3411.8,3922.4,4403.0,10197,6959.96,1094.7155555555555,0.0,5865.2444444444445,8238.6,False,False,False,False
gru_negbin,dengue,2,RJ,2024-04-21,44,2023-06-18,615.4,752.2,935.2,1309.6,1835.6,2489.0,3193.4,3670.8,4119.6,8244,5213.69,879.6455555555555,0.0,4334.044444444444,6408.4,False,False,False,False
gru_negbin,dengue,2,RJ,2024-04-28,45,2023-06-18,563.4,687.2,853.6,1193.0,1669.2,2260.4,2897.8,3329.2,3735.2,7996,5246.1033333333335,854.6811111111111,0.0,4391.4222222222215,6326.8,False,False,False,False
gru_negbin,dengue,2,RJ,2024-05-05,46,2023-06-18,505.6,615.0,761.4,1059.6,1476.8,1993.2,2549.2,2925.2,3278.6,7266,4846.536666666666,775.9144444444444,0.0,4070.6222222222227,5789.2,False,False,False,False
gru_negbin,dengue,2,RJ,2024-05-12,47,2023-06-18,434.8,528.0,652.6,905.8,1260.4,1698.6,2169.4,2488.2,2787.6,5873,3813.602222222222,625.1133333333332,0.0,3188.4888888888886,4612.6,False,False,False,False
gru_negbin,dengue,2,RJ,2024-05-19,48,2023-06-18,361.0,437.4,539.6,747.0,1036.0,1393.0,1776.4,2035.4,2278.4,4986,3299.736666666666,530.67,0.0,2769.066666666667,3950.0,False,False,False,False
gru_negbin,dengue,2,RJ,2024-05-26,49,2023-06-18,291.6,352.8,433.8,598.0,826.0,1106.8,1408.0,1611.0,1801.8,2957,1620.2633333333333,309.0633333333334,0.0,1311.1999999999998,2131.0,False,False,False,False
gru_negbin,dengue,2,RJ,2024-06-02,50,2023-06-18,236.4,284.8,348.8,478.6,657.8,878.2,1113.8,1272.2,1421.0,2615,1557.5077777777778,274.21888888888884,0.0,1283.288888888889,1957.2,False,False,False,False
gru_negbin,dengue,2,RJ,2024-06-09,51,2023-06-18,197.6,237.0,289.0,393.8,538.0,714.4,901.8,1028.2,1146.6,2149,1292.2699999999998,224.4922222222222,0.0,1067.7777777777778,1611.0,False,False,False,False
gru_negbin,dengue,2,RJ,2024-06-16,52,2023-06-18,166.2,199.0,242.0,327.4,445.4,588.4,741.0,843.2,939.0,1728,1024.0844444444442,179.5511111111111,0.0,844.5333333333333,1282.6,False,False,False,False
gru_negbin,dengue,2,RJ,2024-06-23,53,2023-06-18,143.8,171.4,207.0,278.2,375.8,493.2,617.4,701.2,779.0,1409,821.9911111111111,145.28,0.0,676.7111111111111,1033.2,False,False,False,False
gru_negbin,dengue,2,RJ,2024-06-30,54,2023-06-18,124.6,147.8,178.0,237.4,318.0,415.0,517.0,585.6,649.2,1187,695.3344444444444,121.73444444444443,0.0,573.5999999999999,869.0,False,False,False,False
gru_negbin,dengue,2,RJ,2024-07-07,55,2023-06-18,107.8,127.0,152.2,201.6,267.6,347.2,430.4,486.0,537.8,870,460.6044444444444,87.58222222222221,0.0,373.02222222222224,602.4,False,False,False,False
gru_negbin,dengue,2,RJ,2024-07-14,56,2023-06-18,95.6,112.2,133.6,175.0,230.2,296.0,365.0,410.6,452.8,878,530.8311111111111,89.14222222222222,0.0,441.6888888888889,647.8,False,False,False,False
gru_negbin,dengue,2,RJ,2024-07-21,57,2023-06-18,86.4,100.8,119.2,154.6,202.2,258.6,316.8,355.4,391.2,742,440.4466666666667,74.66888888888889,0.0,365.7777777777777,539.8,False,False,False,False
gru_negbin,dengue,2,RJ,2024-07-28,58,2023-06-18,79.0,92.0,108.0,139.8,181.4,230.6,282.0,315.6,346.8,685,416.6166666666666,68.83888888888889,0.0,347.77777777777777,503.6,False,False,False,False
gru_negbin,dengue,2,RJ,2024-08-04,59,2023-06-18,73.0,84.6,99.4,128.0,165.8,210.0,255.8,286.2,314.0,570,326.29888888888894,56.52111111111111,0.0,269.77777777777777,404.2,False,False,False,False
gru_negbin,dengue,2,RJ,2024-08-11,60,2023-06-18,67.8,78.4,91.6,117.2,150.6,189.4,229.6,256.2,280.8,482,263.05888888888893,47.058888888888895,0.0,216.0,331.4,False,False,False,False
gru_negbin,dengue,2,RJ,2024-08-18,61,2023-06-18,62.6,71.8,83.2,105.6,135.0,168.6,203.2,226.2,247.2,507,313.0855555555555,50.24111111111111,0.0,262.84444444444443,372.0,False,False,False,False
gru_negbin,dengue,2,RJ,2024-08-25,62,2023-06-18,57.8,66.0,76.6,96.4,122.2,151.8,182.4,202.6,220.6,432,257.96222222222224,42.273333333333326,0.0,215.68888888888887,309.8,False,False,False,False
gru_negbin,dengue,2,RJ,2024-09-01,63,2023-06-18,53.8,61.4,70.8,88.8,112.2,139.2,166.4,184.2,200.8,521,362.1722222222222,52.52777777777778,0.0,309.64444444444445,408.8,False,False,False,False
gru_negbin,dengue,2,RJ,2024-09-08,64,2023-06-18,50.4,57.2,66.2,82.6,104.0,128.6,153.4,169.8,184.8,584,437.4688888888889,59.82444444444445,0.0,377.64444444444445,480.0,False,False,False,False
gru_negbin,dengue,2,RJ,2024-09-15,65,2023-06-18,47.4,53.6,62.2,78.0,98.0,121.2,145.0,160.4,174.4,425,286.68777777777785,42.46555555555556,0.0,244.22222222222223,327.0,False,False,False,False
gru_negbin,dengue,2,RJ,2024-09-22,66,2023-06-18,45.4,52.2,60.2,75.6,95.8,118.4,142.0,157.2,171.2,403,267.5722222222222,40.19444444444445,0.0,227.3777777777778,307.2,False,False,False,False
gru_negbin,dengue,2,RJ,2024-09-29,67,2023-06-18,44.4,51.0,59.0,74.6,94.6,117.6,141.4,156.8,171.2,368,233.14444444444447,36.47777777777778,0.0,196.66666666666666,273.4,False,False,False,False
gru_negbin,dengue,2,RN,2023-10-08,16,2023-06-18,34.0,40.2,47.6,62.6,82.2,105.2,129.4,145.4,159.8,91,7.029999999999999,7.029999999999999,0.0,0.0,8.799999999999997,True,True,True,True
gru_negbin,dengue,2,RN,2023-10-15,17,2023-06-18,31.4,37.2,44.6,58.8,77.8,100.6,124.6,140.2,155.0,97,8.064444444444444,8.064444444444444,0.0,0.0,19.200000000000003,True,True,True,True
gru_negbin,dengue,2,RN,2023-10-22,18,2023-06-18,28.4,34.0,41.0,54.8,73.8,96.0,119.6,135.6,150.0,81,6.64,6.64,0.0,0.0,7.200000000000003,True,True,True,True
gru_negbin,dengue,2,RN,2023-10-29,19,2023-06-18,25.6,30.6,37.8,51.6,70.4,92.8,116.4,132.6,147.6,137,28.624444444444446,13.246666666666666,0.0,15.377777777777778,66.6,False,False,False,True
gru_negbin,dengue,2,RN,2023-11-05,20,2023-06-18,22.6,27.6,34.4,48.0,66.6,89.8,114.0,130.8,146.4,126,23.236666666666665,12.525555555555556,0.0,10.711111111111112,59.400000000000006,False,False,True,True
gru_negbin,dengue,2,RN,2023-11-12,21,2023-06-18,19.8,24.6,31.4,44.8,63.6,87.6,113.2,130.4,147.0,124,23.27777777777778,12.788888888888888,0.0,10.488888888888889,60.4,False,False,True,True
gru_negbin,dengue,2,RN,2023-11-19,22,2023-06-18,17.0,21.8,28.2,41.4,60.6,84.4,111.2,129.4,146.2,149,43.70222222222222,15.96888888888889,0.0,27.733333333333334,88.4,False,False,False,False
gru_negbin,dengue,2,RN,2023-11-26,23,2023-06-18,14.8,19.0,25.4,38.4,57.6,82.2,109.2,127.6,145.4,104,16.227777777777774,11.383333333333333,0.0,4.844444444444444,46.4,False,True,True,True
gru_negbin,dengue,2,RN,2023-12-03,24,2023-06-18,13.2,17.2,23.4,36.0,55.4,80.2,107.8,126.6,144.8,131,32.099999999999994,14.677777777777777,0.0,17.422222222222224,75.6,False,False,False,True
gru_negbin,dengue,2,RN,2023-12-10,25,2023-06-18,11.8,16.2,22.0,35.0,54.6,80.4,109.2,129.4,148.4,139,37.63222222222222,15.854444444444447,0.0,21.777777777777775,84.4,False,False,False,True
gru_negbin,dengue,2,RN,2023-12-17,26,2023-06-18,11.2,15.4,21.2,35.0,55.8,83.2,114.8,136.6,157.6,148,41.47333333333333,17.162222222222223,0.0,24.311111111111114,92.2,False,False,False,True
gru_negbin,dengue,2,RN,2023-12-24,27,2023-06-18,11.4,15.6,22.2,36.8,59.2,89.6,124.2,148.4,171.6,61,7.765555555555555,7.765555555555555,0.0,0.0,1.7999999999999972,True,True,True,True
gru_negbin,dengue,2,RN,2023-12-31,28,2023-06-18,12.4,17.4,24.4,40.2,65.2,98.6,136.8,163.4,189.2,135,24.191111111111113,16.10222222222222,0.0,8.08888888888889,69.8,False,True,True,True
gru_negbin,dengue,2,RN,2024-01-07,29,2023-06-18,14.4,20.0,28.0,45.4,73.0,109.4,151.0,180.2,208.0,122,17.38888888888889,14.58888888888889,0.0,2.799999999999999,49.0,False,True,True,True
gru_negbin,dengue,2,RN,2024-01-14,30,2023-06-18,16.8,23.0,31.8,51.2,81.6,121.2,166.6,198.0,228.2,146,22.669999999999998,17.15888888888889,0.0,5.51111111111111,64.4,False,True,True,True
gru_negbin,dengue,2,RN,2024-01-21,31,2023-06-18,20.0,27.0,36.8,58.6,91.8,135.2,184.2,218.2,251.0,139,17.027777777777782,16.183333333333334,0.0,0.844444444444447,47.2,False,True,True,True
gru_negbin,dengue,2,RN,2024-01-28,32,2023-06-18,23.8,31.8,43.0,67.6,104.8,153.2,207.4,245.2,281.2,164,21.187777777777782,18.787777777777777,0.0,2.4000000000000026,59.2,False,True,True,True
gru_negbin,dengue,2,RN,2024-02-04,33,2023-06-18,29.0,38.0,51.2,79.6,122.0,177.8,239.2,282.4,323.0,216,32.91555555555556,24.42666666666667,0.0,8.488888888888887,94.0,False,True,True,True
gru_negbin,dengue,2,RN,2024-02-11,34,2023-06-18,35.2,46.2,61.4,94.8,144.6,209.2,281.2,331.0,378.2,389,122.66555555555556,43.46555555555556,0.0,79.2,244.4,False,False,False,False
gru_negbin,dengue,2,RN,2024-02-18,35,2023-06-18,43.2,55.8,74.0,114.0,172.2,247.8,332.0,390.2,445.4,767,452.45000000000005,85.20555555555555,0.0,367.2444444444444,594.8,False,False,False,False
gru_negbin,dengue,2,RN,2024-02-25,36,2023-06-18,52.4,68.2,90.0,137.2,206.8,297.2,397.6,466.6,532.4,948,571.44,105.17333333333335,0.0,466.26666666666665,741.2,False,False,False,False
gru_negbin,dengue,2,RN,2024-03-03,37,2023-06-18,64.0,83.0,109.0,165.2,248.4,356.2,475.4,557.8,635.6,1204,753.6044444444445,133.3822222222222,0.0,620.2222222222223,955.6,False,False,False,False
gru_negbin,dengue,2,RN,2024-03-10,38,2023-06-18,77.2,99.8,131.4,199.0,299.0,428.2,571.4,670.4,764.0,1309,767.5555555555555,144.88888888888886,0.0,622.6666666666666,1010.0,False,False,False,False
gru_negbin,dengue,2,RN,2024-03-17,39,2023-06-18,91.4,118.2,155.4,236.4,355.4,509.6,681.0,799.2,911.4,1175,529.78,130.04666666666665,0.0,399.73333333333335,819.6,False,False,False,False
gru_negbin,dengue,2,RN,2024-03-24,40,2023-06-18,108.0,139.4,183.6,278.2,418.0,599.2,800.4,939.6,1071.4,899,187.7611111111111,99.22777777777777,0.0,88.53333333333333,481.0,False,False,True,True
gru_negbin,dengue,2,RN,2024-03-31,41,2023-06-18,129.6,166.2,218.0,328.6,492.2,703.0,936.8,1098.0,1251.2,1024,203.15777777777782,112.44666666666666,0.0,90.71111111111112,531.8,False,False,True,True
gru_negbin,dengue,2,RN,2024-04-07,42,2023-06-18,151.4,194.4,254.0,382.2,570.6,813.6,1082.8,1268.2,1444.2,901,117.63111111111112,98.20888888888891,0.0,19.422222222222217,330.4,False,True,True,True
gru_negbin,dengue,2,RN,2024-04-14,43,2023-06-18,169.8,217.8,285.2,428.6,640.8,913.6,1216.8,1425.6,1623.8,795,86.27777777777777,86.27777777777777,0.0,0.0,154.20000000000005,True,True,True,True
gru_negbin,dengue,2,RN,2024-04-21,44,2023-06-18,184.2,236.8,310.2,467.2,699.2,999.2,1331.6,1560.8,1778.4,639,82.51,82.51,0.0,0.0,60.200000000000045,True,True,True,True
gru_negbin,dengue,2,RN,2024-04-28,45,2023-06-18,193.2,248.2,325.2,490.0,733.6,1048.0,1396.4,1636.4,1864.6,505,104.91444444444443,104.91444444444443,0.0,0.0,228.60000000000002,True,True,True,True
gru_negbin,dengue,2,RN,2024-05-05,46,2023-06-18,196.6,253.2,332.6,502.6,754.4,1079.2,1439.8,1688.2,1924.6,504,110.00444444444446,110.00444444444446,0.0,0.0,250.39999999999998,True,True,True,True
gru_negbin,dengue,2,RN,2024-05-12,47,2023-06-18,197.6,254.8,335.0,507.8,762.8,1093.0,1460.0,1712.6,1953.4,397,148.73000000000002,124.10777777777778,24.622222222222224,0.0,365.79999999999995,False,True,True,True
gru_negbin,dengue,2,RN,2024-05-19,48,2023-06-18,198.6,255.6,336.0,508.4,762.8,1092.2,1457.4,1709.2,1948.6,341,167.29333333333332,130.09333333333333,37.199999999999996,0.0,421.79999999999995,False,True,True,True
gru_negbin,dengue,2,RN,2024-05-26,49,2023-06-18,196.8,253.2,332.2,501.8,752.4,1076.2,1435.4,1683.0,1918.2,262,205.25444444444446,136.36555555555557,68.88888888888889,0.0,490.4,False,False,True,True
gru_negbin,dengue,2,RN,2024-06-02,50,2023-06-18,190.4,245.6,322.0,486.4,729.0,1043.0,1391.6,1631.6,1859.8,243,205.58777777777775,133.36555555555555,72.22222222222223,0.0,486.0,False,False,False,True
gru_negbin,dengue,2,RN,2024-06-09,51,2023-06-18,180.2,232.0,304.8,460.6,691.2,989.0,1320.6,1548.6,1765.8,227,197.25555555555556,126.94444444444444,70.31111111111112,0.0,464.20000000000005,False,False,False,True
gru_negbin,dengue,2,RN,2024-06-16,52,2023-06-18,168.8,217.0,285.2,431.6,648.4,929.2,1241.4,1456.8,1661.4,224,177.85000000000002,118.11666666666669,59.733333333333334,0.0,424.4,False,False,True,True
gru_negbin,dengue,2,RN,2024-06-23,53,2023-06-18,155.0,199.8,262.4,397.0,597.0,855.8,1144.0,1343.0,1532.2,297,120.98888888888888,98.76666666666665,22.22222222222222,0.0,300.0,False,True,True,True
gru_negbin,dengue,2,RN,2024-06-30,54,2023-06-18,147.0,188.2,245.6,369.0,550.6,785.6,1045.6,1225.0,1395.6,319,96.22333333333334,85.11222222222221,11.11111111111111,0.0,231.60000000000002,False,True,True,True
gru_negbin,dengue,2,RN,2024-07-07,55,2023-06-18,140.4,178.4,230.8,343.0,506.4,716.8,948.8,1108.4,1259.6,269,96.09555555555555,79.6511111111111,16.444444444444443,0.0,237.39999999999998,False,True,True,True
gru_negbin,dengue,2,RN,2024-07-14,56,2023-06-18,135.0,170.0,218.4,319.8,466.4,653.8,859.0,999.8,1133.0,275,78.77777777777779,68.82222222222224,9.955555555555557,0.0,191.39999999999998,False,True,True,True
gru_negbin,dengue,2,RN,2024-07-21,57,2023-06-18,130.4,162.6,207.0,299.2,431.4,598.6,781.0,906.0,1023.8,202,90.81222222222222,68.10111111111112,22.71111111111111,0.0,229.39999999999998,False,False,True,True
gru_negbin,dengue,2,RN,2024-07-28,58,2023-06-18,123.8,153.4,193.6,277.0,395.6,544.6,706.8,816.8,920.6,228,67.58,56.691111111111105,10.88888888888889,0.0,167.60000000000002,False,True,True,True
gru_negbin,dengue,2,RN,2024-08-04,59,2023-06-18,116.0,143.2,180.2,255.8,362.6,496.4,641.6,739.8,832.6,222,57.36333333333333,49.85222222222222,7.511111111111114,0.0,140.60000000000002,False,True,True,True
gru_negbin,dengue,2,RN,2024-08-11,60,2023-06-18,108.6,133.2,166.8,235.8,332.8,453.4,584.0,673.0,756.2,189,57.333333333333336,46.93333333333333,10.400000000000002,0.0,143.8,False,True,True,True
gru_negbin,dengue,2,RN,2024-08-18,61,2023-06-18,101.4,124.0,154.2,216.2,302.8,410.0,525.4,603.6,676.8,154,57.94111111111111,44.074444444444445,13.866666666666662,0.0,148.8,False,False,True,True
gru_negbin,dengue,2,RN,2024-08-25,62,2023-06-18,93.4,113.6,140.6,194.8,270.6,363.4,463.0,530.8,593.8,141,50.30222222222222,38.346666666666664,11.955555555555557,0.0,129.60000000000002,False,True,True,True
gru_negbin,dengue,2,RN,2024-09-01,63,2023-06-18,85.8,104.0,127.8,176.2,242.8,325.0,412.6,471.8,527.2,142,39.93444444444444,32.33444444444444,7.599999999999998,0.0,100.80000000000001,False,True,True,True
gru_negbin,dengue,2,RN,2024-09-08,64,2023-06-18,79.0,95.4,116.8,160.2,220.4,293.6,372.2,425.0,474.0,127,36.69888888888889,29.321111111111108,7.3777777777777755,0.0,93.4,False,True,True,True
gru_negbin,dengue,2,RN,2024-09-15,65,2023-06-18,74.4,89.6,109.2,149.0,203.4,270.0,340.8,388.2,432.4,138,26.886666666666667,24.44222222222222,2.4444444444444446,0.0,65.4,False,True,True,True
gru_negbin,dengue,2,RN,2024-09-22,66,2023-06-18,69.6,83.4,102.0,138.8,189.0,250.2,315.4,358.8,399.4,122,27.00111111111111,23.267777777777773,3.733333333333336,0.0,67.0,False,True,True,True
gru_negbin,dengue,2,RN,2024-09-29,67,2023-06-18,64.4,77.0,94.2,128.4,175.2,232.0,292.2,332.6,370.6,90,33.63,24.163333333333338,9.466666666666669,0.0,85.19999999999999,False,False,True,True
gru_negbin,dengue,2,RO,2023-10-08,16,2023-06-18,11.2,13.6,17.0,23.4,32.4,42.8,54.4,61.8,68.8,37,3.275555555555555,3.275555555555555,0.0,0.0,4.600000000000001,True,True,True,True
gru_negbin,dengue,2,RO,2023-10-15,17,2023-06-18,12.2,15.2,18.8,26.0,36.2,48.4,61.2,70.4,78.2,73,15.922222222222224,7.2555555555555555,0.0,8.666666666666664,36.8,False,False,False,True
gru_negbin,dengue,2,RO,2023-10-22,18,2023-06-18,13.4,16.4,20.8,29.2,40.8,55.0,70.4,80.8,90.2,60,6.9222222222222225,5.811111111111112,0.0,1.1111111111111112,19.200000000000003,False,True,True,True
gru_negbin,dengue,2,RO,2023-10-29,19,2023-06-18,14.8,18.6,23.4,33.2,47.0,64.2,82.4,95.0,106.8,49,4.615555555555556,4.615555555555556,0.0,0.0,2.0,True,True,True,True
gru_negbin,dengue,2,RO,2023-11-05,20,2023-06-18,16.4,20.6,26.2,38.0,54.6,75.8,98.4,113.8,128.6,47,6.207777777777777,6.207777777777777,0.0,0.0,7.600000000000001,True,True,True,True
gru_negbin,dengue,2,RO,2023-11-12,21,2023-06-18,17.8,22.8,29.0,43.2,63.4,89.2,117.4,136.6,154.8,30,13.190000000000001,10.256666666666668,2.933333333333334,0.0,33.4,False,True,True,True
gru_negbin,dengue,2,RO,2023-11-19,22,2023-06-18,18.8,24.2,32.0,48.2,72.4,103.2,137.2,160.4,183.0,32,15.90777777777778,12.30777777777778,3.6000000000000005,0.0,40.400000000000006,False,True,True,True
gru_negbin,dengue,2,RO,2023-11-26,23,2023-06-18,20.0,26.0,34.8,53.2,81.4,118.2,159.0,187.8,214.8,37,17.784444444444446,14.184444444444445,3.6000000000000005,0.0,44.400000000000006,False,True,True,True
gru_negbin,dengue,2,RO,2023-12-03,24,2023-06-18,21.2,27.8,37.6,58.8,91.4,134.0,182.8,216.6,248.8,35,22.900000000000002,17.033333333333335,5.866666666666666,0.0,56.400000000000006,False,False,True,True
gru_negbin,dengue,2,RO,2023-12-10,25,2023-06-18,23.2,31.0,41.8,65.8,102.6,151.6,207.0,245.8,282.4,30,31.13111111111111,20.33111111111111,10.799999999999999,0.0,72.6,False,False,False,True
gru_negbin,dengue,2,RO,2023-12-17,26,2023-06-18,25.8,34.6,46.4,73.4,114.8,169.0,231.4,274.4,316.0,10,56.49888888888889,25.343333333333334,31.15555555555556,0.0,104.8,False,False,False,False
gru_negbin,dengue,2,RO,2023-12-24,27,2023-06-18,29.6,39.0,52.4,82.0,127.2,187.4,255.4,302.6,348.0,22,52.30888888888889,26.753333333333334,25.555555555555557,0.0,105.2,False,False,False,False
gru_negbin,dengue,2,RO,2023-12-31,28,2023-06-18,35.4,46.0,61.0,94.2,143.8,209.2,282.2,333.2,381.8,89,23.664444444444445,22.50888888888889,1.1555555555555561,0.0,54.80000000000001,False,True,True,True
gru_negbin,dengue,2,RO,2024-01-07,29,2023-06-18,42.4,54.4,71.6,108.0,162.6,233.4,312.2,367.0,418.8,99,26.944444444444446,24.944444444444443,2.0,0.0,63.599999999999994,False,True,True,True
gru_negbin,dengue,2,RO,2024-01-14,30,2023-06-18,49.4,62.8,81.6,121.4,180.2,255.6,339.2,396.8,451.2,154,22.034444444444446,22.034444444444446,0.0,0.0,26.19999999999999,True,True,True,True
gru_negbin,dengue,2,RO,2024-01-21,31,2023-06-18,57.2,72.0,92.2,135.0,197.2,276.2,363.0,422.8,479.2,182,21.793333333333333,21.793333333333333,0.0,0.0,15.199999999999989,True,True,True,True
gru_negbin,dengue,2,RO,2024-01-28,32,2023-06-18,64.8,80.4,102.2,147.0,211.6,293.4,382.4,443.4,501.0,183,23.994444444444444,23.994444444444444,0.0,0.0,28.599999999999994,True,True,True,True
gru_negbin,dengue,2,RO,2024-02-04,33,2023-06-18,70.6,87.2,109.4,155.0,219.8,301.0,389.2,449.4,505.8,232,22.126666666666665,22.126666666666665,0.0,0.0,12.199999999999989,True,True,True,True
gru_negbin,dengue,2,RO,2024-02-11,34,2023-06-18,74.4,90.8,112.8,158.0,221.2,300.2,385.4,443.2,497.2,289,27.755555555555553,27.755555555555553,0.0,0.0,67.80000000000001,True,True,True,True
gru_negbin,dengue,2,RO,2024-02-18,35,2023-06-18,75.8,92.0,113.6,157.0,217.8,293.2,373.6,428.0,479.4,552,197.29777777777778,56.45333333333333,0.0,140.84444444444446,334.2,False,False,False,False
gru_negbin,dengue,2,RO,2024-02-25,36,2023-06-18,76.0,91.2,111.6,152.2,208.6,278.0,351.6,401.6,448.2,540,205.90555555555554,54.66111111111111,0.0,151.2444444444444,331.4,False,False,False,False
gru_negbin,dengue,2,RO,2024-03-03,37,2023-06-18,73.0,87.0,105.6,142.6,192.8,254.6,320.2,364.2,405.0,604,299.82666666666665,61.604444444444454,0.0,238.22222222222223,411.2,False,False,False,False
gru_negbin,dengue,2,RO,2024-03-10,38,2023-06-18,68.6,81.2,97.6,130.6,175.2,229.8,287.0,325.2,361.0,459,186.25555555555553,45.58888888888889,0.0,140.66666666666666,283.8,False,False,False,False
gru_negbin,dengue,2,RO,2024-03-17,39,2023-06-18,63.2,74.6,89.4,118.8,158.2,206.2,256.4,290.0,321.2,353,109.19333333333333,34.037777777777784,0.0,75.15555555555557,194.8,False,False,False,False
gru_negbin,dengue,2,RO,2024-03-24,40,2023-06-18,58.4,68.4,81.8,107.6,142.8,184.2,228.2,257.6,284.6,157,12.445555555555554,12.445555555555554,0.0,0.0,14.199999999999989,True,True,True,True
gru_negbin,dengue,2,RO,2024-03-31,41,2023-06-18,54.4,63.8,75.6,99.4,131.0,168.4,207.4,233.4,257.6,203,25.464444444444442,17.775555555555556,0.0,7.688888888888887,72.0,False,True,True,True
gru_negbin,dengue,2,RO,2024-04-07,42,2023-06-18,50.2,58.8,69.6,91.0,119.4,152.8,188.2,211.4,232.8,134,10.401111111111112,10.401111111111112,0.0,0.0,14.599999999999994,True,True,True,True
gru_negbin,dengue,2,RO,2024-04-14,43,2023-06-18,45.6,53.4,63.2,82.2,107.2,137.4,168.6,189.2,208.2,151,15.709999999999999,12.687777777777779,0.0,3.022222222222221,43.8,False,True,True,True
gru_negbin,dengue,2,RO,2024-04-21,44,2023-06-18,41.4,48.0,56.6,73.2,95.6,122.0,149.2,167.4,184.2,126,11.155555555555555,10.266666666666666,0.0,0.8888888888888888,30.400000000000006,False,True,True,True
gru_negbin,dengue,2,RO,2024-04-28,45,2023-06-18,36.4,42.4,50.0,64.8,84.4,107.4,131.2,146.8,161.4,79,6.6255555555555565,6.6255555555555565,0.0,0.0,5.400000000000006,True,True,True,True
gru_negbin,dengue,2,RO,2024-05-05,46,2023-06-18,32.2,37.4,44.2,57.2,74.2,94.2,115.0,129.0,141.4,69,5.831111111111111,5.831111111111111,0.0,0.0,5.200000000000003,True,True,True,True
gru_negbin,dengue,2,RO,2024-05-12,47,2023-06-18,28.2,32.8,38.8,50.0,65.4,82.8,101.0,113.0,124.0,53,6.005555555555556,6.005555555555556,0.0,0.0,12.400000000000006,True,True,True,True
gru_negbin,dengue,2,RO,2024-05-19,48,2023-06-18,25.0,28.8,34.2,44.4,57.6,73.0,89.2,99.6,109.0,32,10.153333333333332,6.90888888888889,3.244444444444445,0.0,25.6,False,False,True,True
gru_negbin,dengue,2,RO,2024-05-26,49,2023-06-18,21.6,25.4,30.0,38.8,50.6,64.2,78.4,87.4,96.0,28,8.944444444444445,6.100000000000001,2.8444444444444437,0.0,22.6,False,False,True,True
gru_negbin,dengue,2,RO,2024-06-02,50,2023-06-18,19.0,22.2,26.2,34.0,44.2,56.2,68.6,76.8,84.4,32,4.945555555555556,4.501111111111111,0.4444444444444444,0.0,12.200000000000003,False,True,True,True
gru_negbin,dengue,2,RO,2024-06-09,51,2023-06-18,16.2,19.0,22.6,29.6,38.8,49.6,60.4,67.4,74.2,34,3.344444444444444,3.344444444444444,0.0,0.0,4.799999999999997,True,True,True,True
gru_negbin,dengue,2,RO,2024-06-16,52,2023-06-18,14.0,16.4,19.8,26.0,34.0,43.6,53.6,60.0,66.2,32,2.7255555555555557,2.7255555555555557,0.0,0.0,2.0,True,True,True,True
gru_negbin,dengue,2,RO,2024-06-23,53,2023-06-18,11.8,14.2,17.2,22.8,30.0,38.6,47.4,53.4,59.0,27,2.58,2.58,0.0,0.0,3.0,True,True,True,True
gru_negbin,dengue,2,RO,2024-06-30,54,2023-06-18,10.2,12.2,15.0,20.2,26.6,34.6,42.4,47.8,53.2,25,2.2211111111111115,2.2211111111111115,0.0,0.0,1.6000000000000014,True,True,True,True
gru_negbin,dengue,2,RO,2024-07-07,55,2023-06-18,9.2,11.2,13.4,18.4,24.6,31.8,39.4,44.2,48.8,22,2.197777777777778,2.197777777777778,0.0,0.0,2.6000000000000014,True,True,True,True
gru_negbin,dengue,2,RO,2024-07-14,56,2023-06-18,8.6,10.0,12.4,17.0,22.8,29.6,36.8,41.6,46.0,22,1.8900000000000001,1.8900000000000001,0.0,0.0,0.8000000000000007,True,True,True,True
gru_negbin,dengue,2,RO,2024-07-21,57,2023-06-18,8.0,9.6,11.6,16.0,21.6,28.2,35.0,39.8,44.0,17,2.2444444444444445,2.2444444444444445,0.0,0.0,4.600000000000001,True,True,True,True
gru_negbin,dengue,2,RO,2024-07-28,58,2023-06-18,7.2,9.0,11.2,15.0,20.6,26.8,33.2,38.0,41.8,23,1.9255555555555555,1.9255555555555555,0.0,0.0,2.3999999999999986,True,True,True,True
gru_negbin,dengue,2,RO,2024-08-04,59,2023-06-18,6.8,8.0,10.2,14.0,19.4,25.2,31.8,35.8,40.0,22,1.8844444444444446,1.8844444444444446,0.0,0.0,2.6000000000000014,True,True,True,True
gru_negbin,dengue,2,RO,2024-08-11,60,2023-06-18,6.0,7.6,9.6,13.2,18.4,24.4,30.4,35.0,38.8,15,1.9488888888888884,1.9488888888888884,0.0,0.0,3.3999999999999986,True,True,True,True
gru_negbin,dengue,2,RO,2024-08-18,61,2023-06-18,5.8,7.2,8.8,12.6,17.6,23.4,29.6,33.6,37.6,20,1.7988888888888885,1.7988888888888885,0.0,0.0,2.3999999999999986,True,True,True,True
gru_negbin,dengue,2,RO,2024-08-25,62,2023-06-18,5.2,6.8,8.6,12.4,17.2,23.2,29.4,33.2,37.4,18,1.6233333333333335,1.6233333333333335,0.0,0.0,0.8000000000000007,True,True,True,True
gru_negbin,dengue,2,RO,2024-09-01,63,2023-06-18,5.2,6.6,8.6,12.0,17.2,23.2,29.4,33.8,37.6,7,4.166666666666667,2.6999999999999997,1.4666666666666666,0.0,10.2,False,False,True,True
gru_negbin,dengue,2,RO,2024-09-08,64,2023-06-18,5.4,6.6,8.6,12.6,17.4,23.6,30.2,34.6,39.0,17,1.6333333333333333,1.6333333333333333,0.0,0.0,0.3999999999999986,True,True,True,True
gru_negbin,dengue,2,RO,2024-09-15,65,2023-06-18,5.4,6.8,8.8,13.0,18.4,24.6,31.8,36.4,40.6,9,3.6133333333333337,2.7244444444444444,0.8888888888888888,0.0,9.399999999999999,False,True,True,True
gru_negbin,dengue,2,RO,2024-09-22,66,2023-06-18,6.0,7.4,9.2,13.8,19.2,26.4,33.8,38.8,43.6,7,5.248888888888888,3.16,2.088888888888889,0.0,12.2,False,False,False,True
gru_negbin,dengue,2,RO,2024-09-29,67,2023-06-18,6.2,7.8,10.0,14.8,21.0,28.6,36.8,42.4,47.8,4,8.933333333333334,3.8666666666666663,5.066666666666666,0.0,17.0,False,False,False,False
gru_negbin,dengue,2,RR,2023-10-08,16,2023-06-18,0.0,0.0,0.2,1.2,2.8,5.2,8.4,10.6,12.4,7,1.457777777777778,1.057777777777778,0.0,0.39999999999999997,4.2,False,True,True,True
gru_negbin,dengue,2,RR,2023-10-15,17,2023-06-18,0.0,0.0,0.2,1.2,2.8,5.2,8.2,10.4,12.4,1,0.8288888888888888,0.7844444444444445,0.04444444444444443,0.0,1.7999999999999998,False,True,True,True
gru_negbin,dengue,2,RR,2023-10-22,18,2023-06-18,0.0,0.0,0.2,1.2,2.6,5.2,8.4,10.4,12.6,1,0.8122222222222223,0.7677777777777779,0.04444444444444443,0.0,1.6,False,True,True,True
gru_negbin,dengue,2,RR,2023-10-29,19,2023-06-18,0.0,0.0,0.0,1.2,2.6,5.0,8.4,10.4,12.6,2,0.65,0.65,0.0,0.0,0.6000000000000001,True,True,True,True
gru_negbin,dengue,2,RR,2023-11-05,20,2023-06-18,0.0,0.0,0.0,1.0,2.6,4.8,8.0,10.2,12.4,2,0.6377777777777778,0.6377777777777778,0.0,0.0,0.6000000000000001,True,True,True,True
gru_negbin,dengue,2,RR,2023-11-12,21,2023-06-18,0.0,0.0,0.0,0.8,2.6,4.8,7.8,10.0,12.2,4,0.73,0.73,0.0,0.0,1.4,True,True,True,True
gru_negbin,dengue,2,RR,2023-11-19,22,2023-06-18,0.0,0.0,0.0,0.8,2.4,4.6,7.6,9.8,11.6,2,0.5977777777777776,0.5977777777777776,0.0,0.0,0.3999999999999999,True,True,True,True
gru_negbin,dengue,2,RR,2023-11-26,23,2023-06-18,0.0,0.0,0.0,0.6,2.2,4.4,7.0,9.4,11.4,7,1.6455555555555554,1.0677777777777777,0.0,0.5777777777777777,4.8,False,True,True,True
gru_negbin,dengue,2,RR,2023-12-03,24,2023-06-18,0.0,0.0,0.0,0.6,1.8,4.2,6.8,8.8,10.8,3,0.6422222222222221,0.6422222222222221,0.0,0.0,1.2,True,True,True,True
gru_negbin,dengue,2,RR,2023-12-10,25,2023-06-18,0.0,0.0,0.0,0.6,1.8,4.0,6.6,8.4,10.4,9,3.0644444444444443,1.2866666666666668,0.0,1.7777777777777777,7.2,False,False,False,True
gru_negbin,dengue,2,RR,2023-12-17,26,2023-06-18,0.0,0.0,0.0,0.6,1.8,4.0,6.6,8.4,9.8,13,6.883333333333333,1.7277777777777776,0.0,5.155555555555555,11.2,False,False,False,False
gru_negbin,dengue,2,RR,2023-12-24,27,2023-06-18,0.0,0.0,0.0,0.6,1.8,4.0,6.2,8.0,9.6,2,0.4911111111111111,0.4911111111111111,0.0,0.0,0.19999999999999996,True,True,True,True
gru_negbin,dengue,2,RR,2023-12-31,28,2023-06-18,0.0,0.0,0.0,0.4,2.0,3.8,6.4,8.0,9.6,2,0.47333333333333333,0.47333333333333333,0.0,0.0,0.0,True,True,True,True
gru_negbin,dengue,2,RR,2024-01-07,29,2023-06-18,0.0,0.0,0.0,0.6,2.2,4.2,6.8,8.4,10.2,6,1.3233333333333333,0.9233333333333332,0.0,0.39999999999999997,3.8,False,True,True,True
gru_negbin,dengue,2,RR,2024-01-14,30,2023-06-18,0.0,0.0,0.2,1.0,2.4,4.4,7.0,8.6,10.4,6,1.2488888888888887,0.8933333333333332,0.0,0.35555555555555546,3.6,False,True,True,True
gru_negbin,dengue,2,RR,2024-01-21,31,2023-06-18,0.0,0.0,0.2,1.2,2.4,4.6,7.4,9.0,10.8,16,9.175555555555555,2.0199999999999996,0.0,7.155555555555556,13.6,False,False,False,False
gru_negbin,dengue,2,RR,2024-01-28,32,2023-06-18,0.0,0.0,0.4,1.2,2.8,5.0,7.6,9.4,11.2,10,3.1155555555555563,1.3377777777777777,0.0,1.7777777777777777,7.2,False,False,False,True
gru_negbin,dengue,2,RR,2024-02-04,33,2023-06-18,0.0,0.0,0.4,1.4,3.2,5.2,7.8,9.8,11.6,4,0.6377777777777778,0.6377777777777778,0.0,0.0,0.7999999999999998,True,True,True,True
gru_negbin,dengue,2,RR,2024-02-11,34,2023-06-18,0.0,0.2,0.4,1.4,3.2,5.4,8.2,10.2,12.2,18,10.21888888888889,2.218888888888889,0.0,8.0,14.8,False,False,False,False
gru_negbin,dengue,2,RR,2024-02-18,35,2023-06-18,0.0,0.2,0.4,1.6,3.2,5.8,8.6,10.4,12.4,14,5.975555555555555,1.7977777777777777,0.0,4.177777777777777,10.8,False,False,False,False
gru_negbin,dengue,2,RR,2024-02-25,36,2023-06-18,0.0,0.2,0.4,1.8,3.2,6.0,8.6,10.8,12.8,7,1.248888888888889,1.0266666666666666,0.0,0.2222222222222222,3.8,False,True,True,True
gru_negbin,dengue,2,RR,2024-03-03,37,2023-06-18,0.0,0.2,0.4,1.8,3.8,6.2,9.2,11.0,13.0,11,2.898888888888889,1.4322222222222223,0.0,1.4666666666666668,7.2,False,False,True,True
gru_negbin,dengue,2,RR,2024-03-10,38,2023-06-18,0.0,0.4,0.6,1.8,3.8,6.2,9.2,11.4,13.2,18,9.32,2.2088888888888887,0.0,7.111111111111111,14.2,False,False,False,False
gru_negbin,dengue,2,RR,2024-03-17,39,2023-06-18,0.0,0.4,0.8,1.8,3.8,6.8,9.8,11.8,14.2,7,1.0833333333333333,1.038888888888889,0.0,0.04444444444444448,3.2,False,True,True,True
gru_negbin,dengue,2,RR,2024-03-24,40,2023-06-18,0.2,0.4,0.8,2.2,3.8,7.0,10.4,12.8,15.2,6,0.9455555555555555,0.9455555555555555,0.0,0.0,2.2,True,True,True,True
gru_negbin,dengue,2,RR,2024-03-31,41,2023-06-18,0.2,0.4,0.8,2.4,4.8,7.4,11.0,13.8,16.0,9,1.5633333333333332,1.2077777777777778,0.0,0.35555555555555546,4.2,False,True,True,True
gru_negbin,dengue,2,RR,2024-04-07,42,2023-06-18,0.2,0.4,1.2,2.6,4.8,8.4,12.0,14.8,17.6,5,0.8411111111111111,0.8411111111111111,0.0,0.0,0.20000000000000018,True,True,True,True
gru_negbin,dengue,2,RR,2024-04-14,43,2023-06-18,0.2,0.4,1.4,2.6,5.2,9.0,13.2,16.2,18.8,10,1.6522222222222223,1.4300000000000002,0.0,0.2222222222222222,4.8,False,True,True,True
gru_negbin,dengue,2,RR,2024-04-21,44,2023-06-18,0.2,0.4,1.4,3.0,5.8,9.8,14.2,17.8,20.8,8,1.2144444444444447,1.2144444444444447,0.0,0.0,2.2,True,True,True,True
gru_negbin,dengue,2,RR,2024-04-28,45,2023-06-18,0.2,0.4,1.4,3.2,6.2,10.4,15.4,18.8,22.2,5,1.1711111111111112,1.1711111111111112,0.0,0.0,1.2000000000000002,True,True,True,True
gru_negbin,dengue,2,RR,2024-05-05,46,2023-06-18,0.2,0.4,1.4,3.4,6.4,11.0,16.4,20.2,24.0,7,1.1744444444444444,1.1744444444444444,0.0,0.0,0.5999999999999996,True,True,True,True
gru_negbin,dengue,2,RR,2024-05-12,47,2023-06-18,0.2,0.8,1.6,3.8,7.0,11.8,17.6,21.4,25.8,19,4.415555555555555,2.5044444444444443,0.0,1.9111111111111105,12.0,False,False,True,True
gru_negbin,dengue,2,RR,2024-05-19,48,2023-06-18,0.4,1.0,1.6,3.8,7.0,12.4,18.6,22.8,27.2,35,17.468888888888884,4.357777777777778,0.0,13.11111111111111,28.0,False,False,False,False
gru_negbin,dengue,2,RR,2024-05-26,49,2023-06-18,0.4,1.0,1.6,3.8,7.4,12.6,19.4,23.6,28.0,26,8.333333333333334,3.355555555555556,0.0,4.977777777777778,18.6,False,False,False,True
gru_negbin,dengue,2,RR,2024-06-02,50,2023-06-18,0.4,1.0,1.6,3.8,7.6,13.0,19.6,24.2,28.8,36,17.459999999999997,4.482222222222223,0.0,12.97777777777778,28.4,False,False,False,False
gru_negbin,dengue,2,RR,2024-06-09,51,2023-06-18,0.4,0.8,1.8,4.4,8.2,13.4,20.0,24.8,29.6,41,21.91111111111111,4.977777777777778,0.0,16.93333333333333,32.8,False,False,False,False
gru_negbin,dengue,2,RR,2024-06-16,52,2023-06-18,0.4,0.8,1.8,4.2,8.0,13.6,20.0,25.2,29.8,30,10.783333333333335,3.8055555555555554,0.0,6.977777777777778,22.0,False,False,False,False
gru_negbin,dengue,2,RR,2024-06-23,53,2023-06-18,0.6,0.8,2.0,4.4,8.2,13.8,20.8,25.4,30.0,30,10.465555555555556,3.7988888888888885,0.0,6.666666666666667,21.8,False,False,False,True
gru_negbin,dengue,2,RR,2024-06-30,54,2023-06-18,0.8,1.2,2.2,4.6,9.0,14.6,21.2,26.2,31.0,23,5.245555555555555,2.9788888888888887,0.0,2.266666666666667,14.0,False,False,True,True
gru_negbin,dengue,2,RR,2024-07-07,55,2023-06-18,0.8,1.4,2.4,4.8,9.0,15.2,22.0,26.8,32.2,25,6.092222222222222,3.2477777777777774,0.0,2.8444444444444446,16.0,False,False,True,True
gru_negbin,dengue,2,RR,2024-07-14,56,2023-06-18,0.8,1.6,2.6,5.0,9.6,15.6,23.2,28.2,33.2,12,1.7888888888888888,1.7888888888888888,0.0,0.0,2.4000000000000004,True,True,True,True
gru_negbin,dengue,2,RR,2024-07-21,57,2023-06-18,0.6,1.6,2.6,4.8,9.6,16.0,23.2,28.4,33.8,17,2.6066666666666665,2.384444444444444,0.0,0.2222222222222222,7.4,False,True,True,True
gru_negbin,dengue,2,RR,2024-07-28,58,2023-06-18,0.4,1.4,2.6,5.0,9.4,15.8,23.4,28.6,34.2,11,1.73,1.73,0.0,0.0,1.5999999999999996,True,True,True,True
gru_negbin,dengue,2,RR,2024-08-04,59,2023-06-18,0.4,1.4,2.4,5.2,9.4,15.8,23.2,28.4,33.8,26,6.27,3.3811111111111116,0.0,2.888888888888889,16.6,False,False,True,True
gru_negbin,dengue,2,RR,2024-08-11,60,2023-06-18,0.4,1.4,2.0,4.6,9.0,15.4,22.8,28.0,33.6,17,2.786666666666667,2.431111111111111,0.0,0.35555555555555546,8.0,False,True,True,True
gru_negbin,dengue,2,RR,2024-08-18,61,2023-06-18,0.4,1.2,2.0,4.6,8.8,14.8,22.4,27.6,33.0,13,1.9611111111111112,1.9611111111111112,0.0,0.0,4.199999999999999,True,True,True,True
gru_negbin,dengue,2,RR,2024-08-25,62,2023-06-18,0.4,0.8,2.0,4.4,8.2,14.4,21.8,27.2,32.4,21,4.355555555555556,2.888888888888889,0.0,1.4666666666666666,12.8,False,True,True,True
gru_negbin,dengue,2,RR,2024-09-01,63,2023-06-18,0.4,0.6,1.6,4.0,7.8,14.4,21.2,26.6,31.6,10,1.72,1.72,0.0,0.0,2.2,True,True,True,True
gru_negbin,dengue,2,RR,2024-09-08,64,2023-06-18,0.2,0.4,1.4,3.8,7.6,13.6,21.0,26.0,31.4,8,1.4822222222222226,1.4822222222222226,0.0,0.0,0.40000000000000036,True,True,True,True
gru_negbin,dengue,2,RR,2024-09-15,65,2023-06-18,0.0,0.6,1.4,3.4,7.4,13.6,20.8,25.8,31.4,9,1.63,1.63,0.0,0.0,1.5999999999999996,True,True,True,True
gru_negbin,dengue,2,RR,2024-09-22,66,2023-06-18,0.0,0.6,1.2,3.4,7.2,13.0,19.8,25.4,30.4,14,2.368888888888889,2.1466666666666665,0.0,0.2222222222222222,6.8,False,True,True,True
gru_negbin,dengue,2,RR,2024-09-29,67,2023-06-18,0.0,0.6,1.2,3.2,7.0,12.6,19.4,24.8,29.8,9,1.5833333333333333,1.5833333333333333,0.0,0.0,2.0,True,True,True,True
gru_negbin,dengue,2,RS,2023-10-08,16,2023-06-18,4.0,5.4,7.0,11.0,16.6,23.6,31.0,36.2,41.2,37,8.537777777777777,4.0488888888888885,0.0,4.488888888888888,20.4,False,False,False,True
gru_negbin,dengue,2,RS,2023-10-15,17,2023-06-18,4.0,5.6,7.6,12.0,17.8,25.4,33.8,39.6,44.8,34,5.6866666666666665,3.731111111111111,0.0,1.9555555555555566,16.2,False,False,True,True
gru_negbin,dengue,2,RS,2023-10-22,18,2023-06-18,4.2,5.8,7.8,12.6,19.4,28.0,37.4,43.8,50.0,41,8.27888888888889,4.59,0.0,3.688888888888889,21.6,False,False,True,True
gru_negbin,dengue,2,RS,2023-10-29,19,2023-06-18,4.2,6.0,8.4,13.6,21.2,31.0,41.6,49.4,56.6,57,17.43333333333333,6.455555555555556,0.0,10.977777777777778,35.8,False,False,False,False
gru_negbin,dengue,2,RS,2023-11-05,20,2023-06-18,4.2,6.0,8.8,14.4,23.2,35.0,48.2,57.2,65.8,44,7.242222222222223,5.242222222222223,0.0,2.0,20.8,False,True,True,True
gru_negbin,dengue,2,RS,2023-11-12,21,2023-06-18,4.2,6.0,8.8,15.8,25.8,39.6,55.8,67.0,77.6,40,5.118888888888889,5.03,0.0,0.08888888888888857,14.2,False,True,True,True
gru_negbin,dengue,2,RS,2023-11-19,22,2023-06-18,4.0,6.2,9.2,16.8,29.0,45.6,65.0,78.6,92.2,64,12.112222222222222,8.023333333333333,0.0,4.088888888888889,35.0,False,True,True,True
gru_negbin,dengue,2,RS,2023-11-26,23,2023-06-18,3.8,6.0,9.2,17.8,32.0,52.4,76.6,94.0,110.4,82,18.323333333333334,10.545555555555556,0.0,7.7777777777777795,50.0,False,False,True,True
gru_negbin,dengue,2,RS,2023-12-03,24,2023-06-18,3.6,5.6,9.6,19.2,35.8,60.6,90.4,111.6,132.8,103,25.679999999999996,13.457777777777778,0.0,12.222222222222221,67.2,False,False,True,True
gru_negbin,dengue,2,RS,2023-12-10,25,2023-06-18,3.2,6.0,9.6,20.8,40.6,71.0,108.2,135.2,161.8,190,86.96333333333331,23.896666666666665,0.0,63.06666666666667,149.4,False,False,False,False
gru_negbin,dengue,2,RS,2023-12-17,26,2023-06-18,3.4,6.0,10.2,23.0,47.0,84.0,130.0,163.6,196.8,227,103.00999999999999,28.876666666666665,0.0,74.13333333333333,180.0,False,False,False,False
gru_negbin,dengue,2,RS,2023-12-24,27,2023-06-18,3.8,6.4,11.6,26.8,56.2,102.2,160.6,203.6,246.2,203,59.17111111111112,27.348888888888887,0.0,31.82222222222222,146.8,False,False,True,True
gru_negbin,dengue,2,RS,2023-12-31,28,2023-06-18,4.0,7.4,13.8,32.6,69.8,129.4,205.6,262.0,318.2,344,147.0811111111111,44.681111111111115,0.0,102.4,274.2,False,False,False,False
gru_negbin,dengue,2,RS,2024-01-07,29,2023-06-18,5.6,10.2,18.4,43.0,91.8,170.2,270.2,344.2,417.6,451,192.3066666666667,58.57333333333333,0.0,133.73333333333335,359.2,False,False,False,False
gru_negbin,dengue,2,RS,2024-01-14,30,2023-06-18,8.2,14.6,26.0,59.4,125.0,229.6,362.0,460.4,557.4,765,418.3933333333333,96.03777777777776,0.0,322.35555555555555,640.0,False,False,False,False
gru_negbin,dengue,2,RS,2024-01-21,31,2023-06-18,12.8,22.0,38.6,85.8,177.0,320.2,500.0,633.0,764.4,1226,747.7733333333333,150.79555555555555,0.0,596.9777777777778,1049.0,False,False,False,False
gru_negbin,dengue,2,RS,2024-01-28,32,2023-06-18,20.4,34.4,58.6,126.0,254.4,452.6,699.4,881.0,1059.8,1644,976.01,201.96555555555557,0.0,774.0444444444444,1389.6,False,False,False,False
gru_negbin,dengue,2,RS,2024-02-04,33,2023-06-18,34.0,55.8,92.8,193.0,378.6,659.8,1007.2,1260.8,1510.2,2609,1648.5544444444445,315.66555555555556,0.0,1332.888888888889,2230.4,False,False,False,False
gru_negbin,dengue,2,RS,2024-02-11,34,2023-06-18,56.6,90.0,146.4,295.4,565.4,969.2,1463.0,1822.0,2173.8,4322,2928.431111111111,515.0977777777777,0.0,2413.3333333333335,3756.6,False,False,False,False
gru_negbin,dengue,2,RS,2024-02-18,35,2023-06-18,91.4,142.8,227.6,448.8,842.4,1425.0,2133.2,2646.8,3148.4,5536,3505.252222222222,662.8966666666668,0.0,2842.355555555556,4693.6,False,False,False,False
gru_negbin,dengue,2,RS,2024-02-25,36,2023-06-18,144.8,222.4,348.4,672.6,1241.6,2076.2,3083.8,3812.0,4522.8,7110,4176.171111111111,855.0155555555556,0.0,3321.1555555555556,5868.4,False,False,False,False
gru_negbin,dengue,2,RS,2024-03-03,37,2023-06-18,229.4,344.6,529.4,991.6,1787.2,2937.0,4313.4,5303.0,6266.0,10051,5951.13,1198.9966666666667,0.0,4752.133333333333,8263.8,False,False,False,False
gru_negbin,dengue,2,RS,2024-03-10,38,2023-06-18,341.2,502.2,755.0,1375.6,2422.2,3913.8,5683.4,6949.6,8178.8,11808,6410.0,1408.5777777777778,0.0,5001.4222222222215,9385.8,False,False,False,False
gru_negbin,dengue,2,RS,2024-03-17,39,2023-06-18,464.2,674.0,998.8,1786.6,3097.4,4948.0,7129.8,8686.0,10193.4,14062,7293.417777777777,1673.2400000000002,0.0,5620.177777777779,10964.6,False,False,False,False
gru_negbin,dengue,2,RS,2024-03-24,40,2023-06-18,602.2,862.6,1261.8,2217.2,3787.8,5986.8,8564.4,10397.8,12170.4,15549,7421.294444444446,1848.7166666666667,0.0,5572.577777777779,11761.2,False,False,False,False
gru_negbin,dengue,2,RS,2024-03-31,41,2023-06-18,732.6,1039.4,1506.2,2612.4,4415.0,6921.4,9847.4,11922.6,13927.4,18827,9484.577777777777,2220.311111111111,0.0,7264.266666666666,14412.0,False,False,False,False
gru_negbin,dengue,2,RS,2024-04-07,42,2023-06-18,807.8,1140.2,1643.4,2828.2,4747.0,7403.4,10495.0,12684.0,14796.2,21333,11378.28,2499.746666666667,0.0,8878.533333333333,16586.0,False,False,False,False
gru_negbin,dengue,2,RS,2024-04-14,43,2023-06-18,813.0,1144.8,1646.2,2821.4,4718.0,7337.0,10379.8,12532.0,14607.6,21584,11739.796666666669,2522.1077777777773,0.0,9217.688888888888,16866.0,False,False,False,False
gru_negbin,dengue,2,RS,2024-04-21,44,2023-06-18,752.2,1061.0,1528.0,2624.0,4393.6,6837.2,9677.0,11685.8,13622.8,18923,9745.57888888889,2219.0899999999997,0.0,7526.488888888888,14529.4,False,False,False,False
gru_negbin,dengue,2,RS,2024-04-28,45,2023-06-18,636.8,900.6,1300.6,2240.4,3760.2,5861.0,8303.6,10032.2,11699.0,15905,8030.041111111111,1869.107777777778,0.0,6160.933333333333,12144.8,False,False,False,False
gru_negbin,dengue,2,RS,2024-05-05,46,2023-06-18,503.0,714.6,1035.8,1793.6,3023.4,4727.0,6710.6,8116.0,9471.6,14125,7760.15888888889,1654.6477777777777,0.0,6105.511111111112,11101.6,False,False,False,False
gru_negbin,dengue,2,RS,2024-05-12,47,2023-06-18,371.8,530.6,772.4,1345.8,2279.4,3577.0,5090.2,6163.0,7199.4,14415,9586.686666666668,1668.8200000000002,0.0,7917.866666666667,12135.6,False,False,False,False
gru_negbin,dengue,2,RS,2024-05-19,48,2023-06-18,265.2,379.4,553.4,967.0,1640.8,2578.6,3673.6,4450.0,5200.2,4347,1074.8277777777776,532.2055555555555,0.0,542.6222222222223,2706.2,False,False,True,True
gru_negbin,dengue,2,RS,2024-05-26,49,2023-06-18,185.4,264.2,384.2,668.4,1131.4,1773.8,2524.0,3055.8,3569.0,3793,1398.822222222222,454.5111111111112,0.0,944.311111111111,2661.6,False,False,False,False
gru_negbin,dengue,2,RS,2024-06-02,50,2023-06-18,124.4,176.8,255.6,442.4,745.4,1165.2,1654.8,2002.0,2336.6,2294,733.6633333333333,275.8855555555556,0.0,457.77777777777777,1548.6,False,False,False,True
gru_negbin,dengue,2,RS,2024-06-09,51,2023-06-18,82.0,115.8,167.0,288.6,485.6,759.2,1078.4,1304.4,1522.6,2829,1806.0744444444445,327.98555555555566,0.0,1478.0888888888887,2343.4,False,False,False,False
gru_negbin,dengue,2,RS,2024-06-16,52,2023-06-18,53.4,75.8,110.2,191.0,323.0,506.8,720.8,873.2,1020.4,2835,2150.8566666666666,324.45666666666665,0.0,1826.3999999999999,2512.0,False,False,False,False
gru_negbin,dengue,2,RS,2024-06-23,53,2023-06-18,35.2,50.0,73.0,126.8,215.2,338.0,481.6,583.8,682.6,1663,1205.8744444444446,191.20777777777778,0.0,1014.6666666666666,1447.8,False,False,False,False
gru_negbin,dengue,2,RS,2024-06-30,54,2023-06-18,23.8,34.0,49.4,85.6,144.8,227.4,323.6,392.2,458.0,846,538.8966666666666,98.27444444444444,0.0,440.6222222222222,701.2,False,False,False,False
gru_negbin,dengue,2,RS,2024-07-07,55,2023-06-18,17.0,24.2,34.6,59.4,99.8,155.2,220.0,265.6,310.0,357,148.37444444444444,42.33,0.0,106.04444444444444,257.2,False,False,False,False
gru_negbin,dengue,2,RS,2024-07-14,56,2023-06-18,12.6,18.2,25.8,43.4,71.8,110.4,154.8,185.6,216.0,323,176.42333333333332,37.49,0.0,138.9333333333333,251.2,False,False,False,False
gru_negbin,dengue,2,RS,2024-07-21,57,2023-06-18,10.2,13.8,19.8,33.2,53.8,81.4,113.2,135.4,156.6,283,175.80666666666664,32.38444444444444,0.0,143.42222222222222,229.2,False,False,False,False
gru_negbin,dengue,2,RS,2024-07-28,58,2023-06-18,8.4,11.2,15.8,26.6,42.0,63.0,86.6,103.2,118.8,252,169.98666666666668,28.564444444444444,0.0,141.42222222222222,210.0,False,False,False,False
gru_negbin,dengue,2,RS,2024-08-04,59,2023-06-18,7.0,9.8,13.6,22.0,34.6,51.4,70.0,83.0,95.4,165,98.72444444444443,18.68,0.0,80.04444444444445,130.4,False,False,False,False
gru_negbin,dengue,2,RS,2024-08-11,60,2023-06-18,6.6,8.8,12.0,19.0,29.6,43.6,59.2,69.6,79.8,145,89.16444444444444,16.319999999999997,0.0,72.84444444444445,115.4,False,False,False,False
gru_negbin,dengue,2,RS,2024-08-18,61,2023-06-18,5.8,8.0,11.0,17.2,26.2,38.0,51.4,60.4,68.8,124,75.49666666666667,13.852222222222222,0.0,61.64444444444444,97.8,False,False,False,False
gru_negbin,dengue,2,RS,2024-08-25,62,2023-06-18,5.8,7.6,10.4,15.8,24.0,34.2,45.6,53.6,61.2,117,73.71222222222222,12.956666666666667,0.0,60.75555555555555,93.0,False,False,False,False
gru_negbin,dengue,2,RS,2024-09-01,63,2023-06-18,5.2,7.0,9.6,14.8,22.2,31.8,42.2,49.2,56.0,135,95.1311111111111,14.953333333333331,0.0,80.17777777777778,112.8,False,False,False,False
gru_negbin,dengue,2,RS,2024-09-08,64,2023-06-18,5.0,7.0,9.2,14.2,21.0,30.0,39.6,46.2,52.2,136,98.58444444444444,15.028888888888892,0.0,83.55555555555556,115.0,False,False,False,False
gru_negbin,dengue,2,RS,2024-09-15,65,2023-06-18,5.0,6.8,9.2,13.8,20.6,29.4,38.4,44.6,50.8,109,72.63444444444445,12.012222222222224,0.0,60.62222222222223,88.4,False,False,False,False
gru_negbin,dengue,2,RS,2024-09-22,66,2023-06-18,5.2,6.8,9.2,13.8,20.8,29.2,38.4,44.4,50.4,129,92.77333333333334,14.195555555555558,0.0,78.57777777777778,108.2,False,False,False,False
gru_negbin,dengue,2,RS,2024-09-29,67,2023-06-18,5.4,7.0,9.6,14.2,21.2,29.6,39.2,45.2,51.4,119,82.08222222222223,13.059999999999999,0.0,69.02222222222223,97.8,False,False,False,False
gru_negbin,dengue,2,SC,2023-10-08,16,2023-06-18,23.6,28.4,33.8,45.0,60.0,77.4,95.4,108.0,119.0,176,85.07222222222221,17.47222222222222,0.0,67.6,116.0,False,False,False,False
gru_negbin,dengue,2,SC,2023-10-15,17,2023-06-18,24.2,28.8,34.8,46.8,62.6,81.6,101.6,114.8,127.4,216,119.45777777777776,21.99111111111111,0.0,97.46666666666667,153.4,False,False,False,False
gru_negbin,dengue,2,SC,2023-10-22,18,2023-06-18,24.4,29.4,36.4,49.4,67.0,88.4,111.2,126.2,140.4,202,96.50444444444445,20.548888888888893,0.0,75.95555555555555,135.0,False,False,False,False
gru_negbin,dengue,2,SC,2023-10-29,19,2023-06-18,24.6,30.2,37.6,52.6,73.0,98.2,125.2,143.4,160.2,211,92.26888888888888,21.824444444444442,0.0,70.44444444444444,138.0,False,False,False,False
gru_negbin,dengue,2,SC,2023-11-05,20,2023-06-18,24.4,30.4,38.6,55.8,79.8,109.6,141.8,163.6,184.4,287,152.58444444444444,30.673333333333332,0.0,121.91111111111111,207.2,False,False,False,False
gru_negbin,dengue,2,SC,2023-11-12,21,2023-06-18,24.2,31.0,40.4,60.2,88.6,125.2,165.0,192.6,218.6,258,101.54444444444444,28.077777777777776,0.0,73.46666666666667,169.4,False,False,False,False
gru_negbin,dengue,2,SC,2023-11-19,22,2023-06-18,23.2,30.4,40.8,63.2,96.8,140.4,188.4,222.0,254.0,483,304.38,53.891111111111115,0.0,250.4888888888889,386.2,False,False,False,False
gru_negbin,dengue,2,SC,2023-11-26,23,2023-06-18,21.6,29.4,41.0,66.4,105.6,158.4,217.6,259.4,299.0,687,480.75444444444446,77.73222222222222,0.0,403.0222222222222,581.4,False,False,False,False
gru_negbin,dengue,2,SC,2023-12-03,24,2023-06-18,20.4,28.4,41.2,70.4,117.2,181.0,255.0,307.6,358.0,830,588.0511111111111,95.07333333333332,0.0,492.9777777777778,712.8,False,False,False,False
gru_negbin,dengue,2,SC,2023-12-10,25,2023-06-18,20.0,28.8,42.8,76.6,132.4,210.6,302.6,368.2,431.6,1071,783.7866666666666,123.56444444444443,0.0,660.2222222222222,938.6,False,False,False,False
gru_negbin,dengue,2,SC,2023-12-17,26,2023-06-18,20.8,31.2,47.6,88.0,156.4,254.4,371.2,455.2,536.2,961,608.2988888888889,113.41000000000001,0.0,494.8888888888889,804.6,False,False,False,False
gru_negbin,dengue,2,SC,2023-12-24,27,2023-06-18,23.8,36.0,55.4,104.0,187.2,307.8,451.6,555.0,655.6,539,139.29222222222222,68.49222222222222,0.0,70.8,351.8,False,False,True,True
gru_negbin,dengue,2,SC,2023-12-31,28,2023-06-18,29.0,44.0,67.6,127.6,231.6,382.0,562.6,692.8,819.2,784,256.91,98.11,0.0,158.8,552.4,False,False,False,True
gru_negbin,dengue,2,SC,2024-01-07,29,2023-06-18,38.2,57.4,88.2,165.8,299.8,494.0,727.8,896.4,1060.4,894,239.29222222222222,113.47,0.0,125.82222222222224,594.2,False,False,True,True
gru_negbin,dengue,2,SC,2024-01-14,30,2023-06-18,51.0,76.2,115.6,215.8,388.4,639.6,941.0,1158.0,1369.4,1294,415.9422222222222,161.85333333333335,0.0,254.0888888888889,905.6,False,False,False,True
gru_negbin,dengue,2,SC,2024-01-21,31,2023-06-18,67.4,99.6,151.0,279.0,499.4,818.4,1200.8,1475.8,1744.0,1687,557.8566666666667,209.85666666666668,0.0,348.00000000000006,1187.6,False,False,False,True
gru_negbin,dengue,2,SC,2024-01-28,32,2023-06-18,89.8,132.2,198.8,364.6,647.2,1053.6,1538.6,1886.8,2225.4,2446,983.6333333333334,299.27777777777777,0.0,684.3555555555555,1798.8,False,False,False,False
gru_negbin,dengue,2,SC,2024-02-04,33,2023-06-18,121.6,177.6,265.2,480.0,843.4,1361.6,1977.8,2419.0,2847.2,4474,2595.0155555555557,530.4822222222222,0.0,2064.5333333333338,3630.6,False,False,False,False
gru_negbin,dengue,2,SC,2024-02-11,34,2023-06-18,167.6,242.4,358.8,641.2,1112.2,1779.8,2568.0,3131.0,3676.6,7205,4766.383333333333,840.9166666666666,0.0,3925.466666666667,6092.8,False,False,False,False
gru_negbin,dengue,2,SC,2024-02-18,35,2023-06-18,223.0,320.0,469.6,829.6,1426.2,2265.4,3252.4,3955.8,4636.6,10568,7480.457777777778,1222.2799999999997,0.0,6258.177777777779,9141.8,False,False,False,False
gru_negbin,dengue,2,SC,2024-02-25,36,2023-06-18,280.4,399.2,581.0,1013.4,1722.8,2714.4,3875.6,4700.6,5498.4,13489,9811.184444444445,1551.851111111111,0.0,8259.333333333334,11766.2,False,False,False,False
gru_negbin,dengue,2,SC,2024-03-03,37,2023-06-18,339.6,479.0,691.0,1191.0,2002.8,3129.0,4441.8,5372.0,6269.8,15856,11642.33,1817.5744444444445,0.0,9824.755555555554,13853.2,False,False,False,False
gru_negbin,dengue,2,SC,2024-03-10,38,2023-06-18,393.4,552.6,792.8,1355.4,2263.8,3517.0,4973.4,6003.6,6997.2,19536,14818.890000000001,2229.3788888888885,0.0,12589.511111111111,17272.2,False,False,False,False
gru_negbin,dengue,2,SC,2024-03-17,39,2023-06-18,447.0,624.4,890.2,1509.6,2501.6,3863.8,5441.4,6555.2,7627.8,26824,21664.16222222222,3040.206666666667,0.0,18623.955555555556,24322.4,False,False,False,False
gru_negbin,dengue,2,SC,2024-03-24,40,2023-06-18,494.0,687.0,974.6,1640.8,2702.2,4154.2,5831.2,7012.8,8150.6,27959,22430.514444444445,3166.6922222222224,0.0,19263.822222222225,25256.8,False,False,False,False
gru_negbin,dengue,2,SC,2024-03-31,41,2023-06-18,524.6,727.4,1029.4,1727.0,2836.0,4349.8,6095.6,7325.8,8508.8,30640,24860.854444444445,3465.298888888889,0.0,21395.555555555555,27804.0,False,False,False,False
gru_negbin,dengue,2,SC,2024-04-07,42,2023-06-18,527.2,731.2,1034.6,1736.0,2850.6,4372.8,6128.6,7365.0,8554.4,32598,26787.971111111114,3683.26,0.0,23104.711111111115,29747.4,False,False,False,False
gru_negbin,dengue,2,SC,2024-04-14,43,2023-06-18,512.4,712.0,1009.6,1698.4,2794.6,4292.6,6021.2,7238.8,8411.0,31375,25666.69222222222,3547.492222222222,0.0,22119.199999999997,28580.4,False,False,False,False
gru_negbin,dengue,2,SC,2024-04-21,44,2023-06-18,485.2,675.0,959.0,1616.4,2664.6,4099.0,5755.2,6922.8,8046.8,27037,21580.466666666667,3063.977777777778,0.0,18516.48888888889,24372.4,False,False,False,False
gru_negbin,dengue,2,SC,2024-04-28,45,2023-06-18,438.0,610.4,868.6,1467.6,2424.6,3735.6,5251.0,6319.8,7348.8,23414,18435.32888888889,2657.3733333333334,0.0,15777.955555555556,20989.4,False,False,False,False
gru_negbin,dengue,2,SC,2024-05-05,46,2023-06-18,376.0,525.8,750.6,1273.6,2112.0,3263.2,4596.2,5537.2,6443.8,24412,20053.73888888889,2763.1611111111106,0.0,17290.577777777777,22300.0,False,False,False,False
gru_negbin,dengue,2,SC,2024-05-12,47,2023-06-18,304.0,424.6,605.2,1025.2,1697.8,2620.8,3688.8,4442.6,5168.6,21083,17585.238888888893,2382.75,0.0,15202.488888888889,19385.2,False,False,False,False
gru_negbin,dengue,2,SC,2024-05-19,48,2023-06-18,228.8,319.0,454.0,767.6,1269.6,1957.6,2754.0,3316.0,3857.2,10493,7881.546666666666,1195.5022222222224,0.0,6686.044444444445,9223.4,False,False,False,False
gru_negbin,dengue,2,SC,2024-05-26,49,2023-06-18,166.6,231.2,328.0,552.6,911.6,1403.0,1971.2,2371.8,2757.6,6745,4875.961111111111,770.0944444444444,0.0,4105.866666666667,5833.4,False,False,False,False
gru_negbin,dengue,2,SC,2024-06-02,50,2023-06-18,118.8,164.4,232.8,389.6,640.4,983.2,1379.0,1658.0,1926.4,4970,3662.4644444444443,566.1533333333333,0.0,3096.311111111111,4329.6,False,False,False,False
gru_negbin,dengue,2,SC,2024-06-09,51,2023-06-18,85.8,118.4,167.4,280.0,458.8,703.6,986.0,1185.4,1377.2,4685,3749.843333333333,530.3322222222222,0.0,3219.511111111111,4226.2,False,False,False,False
gru_negbin,dengue,2,SC,2024-06-16,52,2023-06-18,61.2,84.2,118.8,197.4,322.8,493.6,690.4,829.0,962.4,3774,3119.3733333333334,425.90666666666664,0.0,2693.4666666666667,3451.2,False,False,False,False
gru_negbin,dengue,2,SC,2024-06-23,53,2023-06-18,43.6,60.4,84.8,140.2,228.4,348.0,486.0,582.8,676.0,2449,1988.3333333333333,276.51111111111106,0.0,1711.822222222222,2220.6,False,False,False,False
gru_negbin,dengue,2,SC,2024-06-30,54,2023-06-18,32.8,45.0,62.4,103.6,167.4,254.4,354.6,424.6,492.0,1371,1035.0177777777778,155.37333333333333,0.0,879.6444444444445,1203.6,False,False,False,False
gru_negbin,dengue,2,SC,2024-07-07,55,2023-06-18,25.2,34.0,47.8,78.4,126.2,191.0,265.6,317.2,367.0,705,453.6077777777778,80.4522222222222,0.0,373.15555555555557,578.8,False,False,False,False
gru_negbin,dengue,2,SC,2024-07-14,56,2023-06-18,19.8,26.8,37.2,60.4,95.6,143.4,197.0,234.8,270.6,484,297.28888888888883,55.02222222222222,0.0,242.26666666666662,388.4,False,False,False,False
gru_negbin,dengue,2,SC,2024-07-21,57,2023-06-18,16.2,21.8,29.8,47.4,74.4,109.4,148.8,176.2,202.4,490,349.06111111111113,55.01666666666667,0.0,294.0444444444444,415.6,False,False,False,False
gru_negbin,dengue,2,SC,2024-07-28,58,2023-06-18,14.0,18.8,25.2,39.2,59.8,87.0,117.6,138.4,158.2,400,288.81666666666666,44.638888888888886,0.0,244.17777777777778,340.2,False,False,False,False
gru_negbin,dengue,2,SC,2024-08-04,59,2023-06-18,12.6,16.4,21.8,33.0,50.4,72.0,95.8,112.4,128.2,299,208.16444444444446,33.14222222222223,0.0,175.0222222222222,248.6,False,False,False,False
gru_negbin,dengue,2,SC,2024-08-11,60,2023-06-18,11.4,14.6,19.4,29.0,43.2,61.0,80.4,93.4,106.4,226,149.91444444444446,24.84777777777778,0.0,125.06666666666668,182.8,False,False,False,False
gru_negbin,dengue,2,SC,2024-08-18,61,2023-06-18,10.8,13.2,17.2,25.8,37.4,52.6,68.6,79.4,89.8,204,139.11666666666665,22.31666666666667,0.0,116.80000000000001,166.6,False,False,False,False
gru_negbin,dengue,2,SC,2024-08-25,62,2023-06-18,9.8,12.4,16.2,23.4,33.6,46.2,60.0,69.2,78.0,115,58.20555555555555,12.294444444444444,0.0,45.91111111111111,81.4,False,False,False,False
gru_negbin,dengue,2,SC,2024-09-01,63,2023-06-18,9.8,12.0,15.2,21.8,30.8,42.0,53.8,61.8,69.4,99,47.99777777777778,10.442222222222222,0.0,37.55555555555556,68.2,False,False,False,False
gru_negbin,dengue,2,SC,2024-09-08,64,2023-06-18,9.2,11.4,14.4,20.6,29.0,38.6,49.0,56.4,62.8,97,50.388888888888886,10.122222222222224,0.0,40.266666666666666,68.0,False,False,False,False
gru_negbin,dengue,2,SC,2024-09-15,65,2023-06-18,9.0,11.4,14.2,19.6,27.2,36.6,46.2,52.6,58.6,112,68.25555555555556,11.81111111111111,0.0,56.44444444444444,84.8,False,False,False,False
gru_negbin,dengue,2,SC,2024-09-22,66,2023-06-18,9.2,11.2,13.8,19.2,26.6,35.6,44.6,50.8,57.0,117,74.56777777777778,12.345555555555556,0.0,62.22222222222222,90.4,False,False,False,False
gru_negbin,dengue,2,SC,2024-09-29,67,2023-06-18,8.8,11.0,13.6,19.2,26.4,35.0,44.0,50.4,56.0,129,87.12,13.653333333333332,0.0,73.46666666666667,102.6,False,False,False,False
gru_negbin,dengue,2,SE,2023-10-08,16,2023-06-18,8.2,12.2,19.0,34.8,62.0,100.8,146.6,179.8,211.6,44,11.494444444444447,11.494444444444447,0.0,0.0,18.0,True,True,True,True
gru_negbin,dengue,2,SE,2023-10-15,17,2023-06-18,7.2,11.4,17.4,33.4,60.0,98.8,145.2,178.6,211.2,37,12.020000000000001,12.020000000000001,0.0,0.0,23.0,True,True,True,True
gru_negbin,dengue,2,SE,2023-10-22,18,2023-06-18,6.4,10.2,16.2,31.2,57.8,96.4,143.4,177.4,210.4,39,11.528888888888888,11.528888888888888,0.0,0.0,18.799999999999997,True,True,True,True
gru_negbin,dengue,2,SE,2023-10-29,19,2023-06-18,5.4,8.2,14.0,28.2,53.6,91.8,138.6,172.2,205.4,41,10.635555555555555,10.635555555555555,0.0,0.0,12.600000000000001,True,True,True,True
gru_negbin,dengue,2,SE,2023-11-05,20,2023-06-18,4.0,6.6,11.6,24.8,49.0,85.8,131.6,165.2,198.4,58,9.897777777777778,9.897777777777778,0.0,0.0,9.0,True,True,True,True
gru_negbin,dengue,2,SE,2023-11-12,21,2023-06-18,2.8,5.2,9.4,21.4,43.8,79.2,123.8,156.8,189.0,78,12.272222222222222,12.272222222222222,0.0,0.0,34.2,True,True,True,True
gru_negbin,dengue,2,SE,2023-11-19,22,2023-06-18,2.2,4.4,8.0,18.6,39.2,72.6,114.8,146.2,177.0,82,14.764444444444443,12.675555555555555,0.0,2.0888888888888903,42.8,False,True,True,True
gru_negbin,dengue,2,SE,2023-11-26,23,2023-06-18,1.4,3.4,6.6,16.2,35.4,65.8,104.8,133.6,162.4,83,16.39,12.56777777777778,0.0,3.822222222222223,47.6,False,True,True,True
gru_negbin,dengue,2,SE,2023-12-03,24,2023-06-18,1.2,2.8,5.8,14.4,32.0,60.2,96.2,123.0,149.6,81,16.78,12.157777777777778,0.0,4.622222222222222,49.0,False,True,True,True
gru_negbin,dengue,2,SE,2023-12-10,25,2023-06-18,1.0,2.6,5.2,13.2,29.2,55.4,88.8,113.6,138.4,81,17.64333333333333,11.954444444444444,0.0,5.688888888888889,51.8,False,True,True,True
gru_negbin,dengue,2,SE,2023-12-17,26,2023-06-18,1.0,2.2,5.0,12.4,27.8,52.2,83.8,106.8,129.8,43,7.52888888888889,7.52888888888889,0.0,0.0,15.2,True,True,True,True
gru_negbin,dengue,2,SE,2023-12-24,27,2023-06-18,1.2,2.2,5.0,12.2,27.0,50.2,80.0,102.4,124.2,10,7.952222222222222,7.463333333333334,0.4888888888888887,0.0,17.0,False,True,True,True
gru_negbin,dengue,2,SE,2023-12-31,28,2023-06-18,1.6,2.6,5.0,12.2,26.6,49.0,77.2,98.4,119.0,19,6.21,6.21,0.0,0.0,7.600000000000001,True,True,True,True
gru_negbin,dengue,2,SE,2024-01-07,29,2023-06-18,1.8,3.0,5.8,13.0,27.4,49.6,77.0,97.4,117.6,34,6.041111111111111,6.041111111111111,0.0,0.0,6.600000000000001,True,True,True,True
gru_negbin,dengue,2,SE,2024-01-14,30,2023-06-18,2.0,3.8,6.6,14.2,29.0,51.0,78.2,97.8,117.4,21,6.21,6.21,0.0,0.0,8.0,True,True,True,True
gru_negbin,dengue,2,SE,2024-01-21,31,2023-06-18,2.8,4.8,8.0,16.2,30.8,52.6,79.2,98.6,117.2,25,5.926666666666667,5.926666666666667,0.0,0.0,5.800000000000001,True,True,True,True
gru_negbin,dengue,2,SE,2024-01-28,32,2023-06-18,3.4,5.6,9.0,18.0,33.4,55.6,82.4,101.6,120.4,27,6.147777777777778,6.147777777777778,0.0,0.0,6.399999999999999,True,True,True,True
gru_negbin,dengue,2,SE,2024-02-04,33,2023-06-18,4.0,6.4,10.0,19.4,35.4,58.4,85.8,105.6,125.0,35,5.669999999999999,5.669999999999999,0.0,0.0,0.3999999999999986,True,True,True,True
gru_negbin,dengue,2,SE,2024-02-11,34,2023-06-18,4.6,7.0,11.0,21.0,37.6,61.8,90.4,110.8,131.0,63,8.975555555555555,8.708888888888888,0.0,0.2666666666666673,25.4,False,True,True,True
gru_negbin,dengue,2,SE,2024-02-18,35,2023-06-18,4.8,7.6,11.6,22.4,40.2,66.0,96.4,118.4,139.8,115,29.62111111111111,14.598888888888887,0.0,15.02222222222222,74.8,False,False,True,True
gru_negbin,dengue,2,SE,2024-02-25,36,2023-06-18,5.0,8.0,12.2,23.4,42.6,70.2,103.2,126.6,149.8,122,31.255555555555556,15.566666666666666,0.0,15.688888888888888,79.4,False,False,True,True
gru_negbin,dengue,2,SE,2024-03-03,37,2023-06-18,5.2,8.2,13.0,24.8,45.4,74.8,110.4,136.4,161.2,103,19.9,13.633333333333333,0.0,6.2666666666666675,57.6,False,True,True,True
gru_negbin,dengue,2,SE,2024-03-10,38,2023-06-18,5.4,8.4,13.6,25.8,47.0,78.6,116.2,143.6,170.0,102,18.941111111111113,13.741111111111111,0.0,5.200000000000001,55.0,False,True,True,True
gru_negbin,dengue,2,SE,2024-03-17,39,2023-06-18,5.6,8.8,13.6,26.6,49.2,82.0,121.6,150.2,178.2,92,14.985555555555557,12.763333333333334,0.0,2.2222222222222223,42.8,False,True,True,True
gru_negbin,dengue,2,SE,2024-03-24,40,2023-06-18,6.0,9.4,14.6,28.4,52.2,86.8,128.8,158.8,188.2,98,16.032222222222224,13.543333333333335,0.0,2.4888888888888894,45.8,False,True,True,True
gru_negbin,dengue,2,SE,2024-03-31,41,2023-06-18,6.4,10.2,16.0,31.0,56.2,93.8,138.6,171.0,202.4,131,25.666666666666668,17.399999999999995,0.0,8.266666666666667,74.8,False,True,True,True
gru_negbin,dengue,2,SE,2024-04-07,42,2023-06-18,7.4,11.2,17.6,33.4,61.0,100.2,147.8,182.0,215.4,90,12.88,12.88,0.0,0.0,29.0,True,True,True,True
gru_negbin,dengue,2,SE,2024-04-14,43,2023-06-18,8.0,12.2,19.0,36.2,65.4,107.6,158.2,194.6,230.0,70,10.83111111111111,10.83111111111111,0.0,0.0,4.599999999999994,True,True,True,True
gru_negbin,dengue,2,SE,2024-04-21,44,2023-06-18,8.8,13.4,20.4,38.8,69.8,114.6,168.0,206.4,243.6,80,12.073333333333332,12.073333333333332,0.0,0.0,10.200000000000003,True,True,True,True
gru_negbin,dengue,2,SE,2024-04-28,45,2023-06-18,9.0,13.8,21.4,40.4,73.0,119.8,175.6,215.8,255.2,63,12.56111111111111,12.56111111111111,0.0,0.0,10.0,True,True,True,True
gru_negbin,dengue,2,SE,2024-05-05,46,2023-06-18,9.6,14.4,22.6,42.6,76.4,125.6,184.2,226.4,267.6,64,13.368888888888888,13.368888888888888,0.0,0.0,12.400000000000006,True,True,True,True
gru_negbin,dengue,2,SE,2024-05-12,47,2023-06-18,9.8,15.4,23.4,44.0,79.6,130.6,191.6,235.6,278.4,54,15.332222222222223,15.332222222222223,0.0,0.0,25.599999999999994,True,True,True,True
gru_negbin,dengue,2,SE,2024-05-19,48,2023-06-18,10.2,15.4,24.0,45.4,81.4,133.6,195.8,240.6,284.6,56,15.566666666666666,15.566666666666666,0.0,0.0,25.400000000000006,True,True,True,True
gru_negbin,dengue,2,SE,2024-05-26,49,2023-06-18,10.2,15.8,24.4,45.6,82.0,134.6,197.8,243.4,287.2,59,15.42111111111111,15.42111111111111,0.0,0.0,23.0,True,True,True,True
gru_negbin,dengue,2,SE,2024-06-02,50,2023-06-18,10.4,16.0,24.2,45.8,82.2,135.4,198.8,244.6,289.2,78,13.413333333333334,13.413333333333334,0.0,0.0,4.200000000000003,True,True,True,True
gru_negbin,dengue,2,SE,2024-06-09,51,2023-06-18,10.6,16.0,24.4,46.0,83.0,136.6,200.8,247.2,292.6,68,14.755555555555553,14.755555555555553,0.0,0.0,15.0,True,True,True,True
gru_negbin,dengue,2,SE,2024-06-16,52,2023-06-18,10.6,16.0,24.4,45.8,83.4,137.6,203.6,250.8,297.0,51,16.882222222222225,16.882222222222225,0.0,0.0,32.400000000000006,True,True,True,True
gru_negbin,dengue,2,SE,2024-06-23,53,2023-06-18,10.8,16.2,24.6,46.2,84.0,139.0,205.4,253.8,300.6,48,17.423333333333332,17.423333333333332,0.0,0.0,36.0,True,True,True,True
gru_negbin,dengue,2,SE,2024-06-30,54,2023-06-18,10.8,16.4,25.0,46.6,84.0,138.6,204.4,252.0,298.6,46,17.67,17.53666666666667,0.13333333333333364,0.0,38.0,False,True,True,True
gru_negbin,dengue,2,SE,2024-07-07,55,2023-06-18,10.8,16.6,25.2,46.6,83.8,138.0,203.2,249.8,295.4,54,16.516666666666666,16.516666666666666,0.0,0.0,29.799999999999997,True,True,True,True
gru_negbin,dengue,2,SE,2024-07-14,56,2023-06-18,11.0,16.6,25.2,47.0,83.6,137.4,201.4,247.2,291.8,48,17.015555555555558,17.015555555555558,0.0,0.0,35.599999999999994,True,True,True,True
gru_negbin,dengue,2,SE,2024-07-21,57,2023-06-18,11.6,17.0,25.6,46.8,83.2,135.8,198.6,243.6,287.6,39,19.484444444444446,17.751111111111115,1.7333333333333327,0.0,44.2,False,True,True,True
gru_negbin,dengue,2,SE,2024-07-28,58,2023-06-18,11.8,17.4,26.0,47.2,83.2,134.6,196.2,239.8,282.8,39,19.34777777777778,17.525555555555556,1.8222222222222229,0.0,44.2,False,True,True,True
gru_negbin,dengue,2,SE,2024-08-04,59,2023-06-18,12.2,17.6,26.2,47.2,82.8,133.6,193.6,236.4,278.8,44,17.454444444444444,16.743333333333332,0.7111111111111117,0.0,38.8,False,True,True,True
gru_negbin,dengue,2,SE,2024-08-11,60,2023-06-18,12.0,17.4,25.8,46.2,80.4,129.2,187.0,228.4,268.4,30,21.162222222222223,17.56222222222222,3.6000000000000005,0.0,50.400000000000006,False,True,True,True
gru_negbin,dengue,2,SE,2024-08-18,61,2023-06-18,11.4,16.8,24.8,44.2,77.2,124.2,179.6,219.8,258.4,42,15.912222222222226,15.423333333333334,0.48888888888888954,0.0,35.2,False,True,True,True
gru_negbin,dengue,2,SE,2024-08-25,62,2023-06-18,10.8,15.6,23.4,42.2,73.6,119.2,173.2,212.2,250.0,22,21.653333333333332,16.85333333333333,4.800000000000001,0.0,51.599999999999994,False,False,True,True
gru_negbin,dengue,2,SE,2024-09-01,63,2023-06-18,9.6,14.2,21.6,39.4,69.8,113.8,166.4,203.8,241.2,25,18.922222222222224,15.722222222222221,3.1999999999999997,0.0,44.8,False,True,True,True
gru_negbin,dengue,2,SE,2024-09-08,64,2023-06-18,9.0,13.2,20.0,37.0,66.2,108.6,159.6,196.6,232.4,22,18.603333333333335,15.270000000000001,3.3333333333333335,0.0,44.2,False,True,True,True
gru_negbin,dengue,2,SE,2024-09-15,65,2023-06-18,8.2,12.0,18.4,34.2,62.4,103.2,152.4,188.0,223.0,15,20.24888888888889,15.226666666666668,5.022222222222222,0.0,47.4,False,False,True,True
gru_negbin,dengue,2,SE,2024-09-22,66,2023-06-18,7.0,10.8,16.4,31.6,57.8,97.0,144.6,179.2,212.8,13,19.363333333333333,14.474444444444442,4.888888888888889,0.0,44.8,False,False,True,True
gru_negbin,dengue,2,SE,2024-09-29,67,2023-06-18,6.4,10.0,15.6,30.0,55.2,93.2,139.2,172.4,204.8,25,13.631111111111112,12.520000000000001,1.1111111111111112,0.0,30.200000000000003,False,True,True,True
gru_negbin,dengue,2,SP,2023-10-08,16,2023-06-18,305.4,335.4,371.8,439.0,522.4,615.8,708.4,768.0,822.0,791,117.22333333333333,54.82333333333334,0.0,62.40000000000001,268.6,False,False,False,True
gru_negbin,dengue,2,SP,2023-10-15,17,2023-06-18,306.2,337.8,376.4,447.6,537.0,637.0,737.2,801.4,860.2,1001,293.47999999999996,78.32444444444445,0.0,215.15555555555554,464.0,False,False,False,False
gru_negbin,dengue,2,SP,2023-10-22,18,2023-06-18,309.4,343.4,385.2,463.4,561.0,671.6,782.8,854.8,920.8,1040,289.37000000000006,82.70333333333333,0.0,206.66666666666669,479.0,False,False,False,False
gru_negbin,dengue,2,SP,2023-10-29,19,2023-06-18,312.0,349.0,395.2,481.6,591.4,717.2,843.6,926.0,1001.4,1035,227.4277777777778,82.58333333333333,0.0,144.84444444444443,443.6,False,False,False,False
gru_negbin,dengue,2,SP,2023-11-05,20,2023-06-18,314.2,355.2,407.0,505.2,631.6,777.0,925.6,1022.8,1112.0,1382,497.5411111111112,121.85222222222222,0.0,375.6888888888889,750.4,False,False,False,False
gru_negbin,dengue,2,SP,2023-11-12,21,2023-06-18,318.0,364.4,423.6,537.0,685.0,858.6,1037.2,1154.8,1263.4,1362,372.7588888888888,120.75888888888888,0.0,252.0,677.0,False,False,False,False
gru_negbin,dengue,2,SP,2023-11-19,22,2023-06-18,320.6,373.4,441.6,574.0,750.4,959.8,1178.2,1323.0,1457.4,2007,885.3133333333333,194.29111111111112,0.0,691.0222222222222,1256.6,False,False,False,False
gru_negbin,dengue,2,SP,2023-11-26,23,2023-06-18,323.4,383.8,463.2,620.8,834.8,1093.8,1367.6,1550.6,1721.4,2276,976.2622222222222,227.24,0.0,749.0222222222224,1441.2,False,False,False,False
gru_negbin,dengue,2,SP,2023-12-03,24,2023-06-18,328.2,397.6,490.2,677.0,936.6,1255.6,1598.0,1829.0,2045.8,2665,1147.9422222222222,274.25333333333333,0.0,873.688888888889,1728.4,False,False,False,False
gru_negbin,dengue,2,SP,2023-12-10,25,2023-06-18,338.0,417.6,525.6,748.6,1065.6,1461.8,1892.4,2185.4,2461.2,3170,1375.0777777777776,335.2555555555556,0.0,1039.8222222222223,2104.4,False,False,False,False
gru_negbin,dengue,2,SP,2023-12-17,26,2023-06-18,362.8,456.0,583.8,853.2,1242.6,1737.6,2280.6,2652.4,3003.8,2937,789.8277777777778,314.18333333333334,0.0,475.64444444444445,1694.4,False,False,False,True
gru_negbin,dengue,2,SP,2023-12-24,27,2023-06-18,406.8,518.2,673.0,1003.2,1488.2,2111.6,2802.2,3277.0,3727.6,3084,614.0177777777778,335.3066666666666,0.0,278.71111111111117,1595.8,False,False,True,True
gru_negbin,dengue,2,SP,2023-12-31,28,2023-06-18,474.6,608.8,797.0,1202.4,1803.2,2582.8,3450.2,4049.0,4618.2,7395,4124.826666666667,818.2044444444443,0.0,3306.6222222222223,5591.8,False,False,False,False
gru_negbin,dengue,2,SP,2024-01-07,29,2023-06-18,576.6,739.4,967.6,1459.4,2190.0,3138.2,4194.0,4923.0,5616.2,9320,5344.691111111111,1031.668888888889,0.0,4313.022222222222,7130.0,False,False,False,False
gru_negbin,dengue,2,SP,2024-01-14,30,2023-06-18,704.2,899.4,1172.6,1759.4,2629.0,3755.2,5008.0,5872.4,6694.0,13718,8970.61888888889,1516.7522222222221,0.0,7453.866666666667,11089.0,False,False,False,False
gru_negbin,dengue,2,SP,2024-01-21,31,2023-06-18,872.4,1104.8,1427.4,2116.0,3127.6,4429.6,5871.6,6864.0,7805.8,19738,14171.181111111111,2175.4033333333336,0.0,11995.777777777777,16610.4,False,False,False,False
gru_negbin,dengue,2,SP,2024-01-28,32,2023-06-18,1081.0,1354.6,1731.2,2526.0,3680.6,5154.6,6776.8,7889.2,8942.6,23881,17454.66222222222,2618.928888888889,0.0,14835.733333333334,20200.4,False,False,False,False
gru_negbin,dengue,2,SP,2024-02-04,33,2023-06-18,1302.6,1615.8,2043.2,2936.6,4222.4,5849.0,7629.4,8845.8,9995.6,32307,25070.23222222222,3535.076666666667,0.0,21535.155555555557,28084.6,False,False,False,False
gru_negbin,dengue,2,SP,2024-02-11,34,2023-06-18,1533.2,1885.2,2363.4,3354.4,4768.0,6546.6,8483.2,9803.0,11048.0,44975,36925.886666666665,4921.619999999999,0.0,32004.26666666667,40207.0,False,False,False,False
gru_negbin,dengue,2,SP,2024-02-18,35,2023-06-18,1751.4,2139.6,2664.6,3745.4,5278.8,7197.6,9281.0,10697.0,12031.4,56898,48089.81333333333,6226.48,0.0,41863.333333333336,51619.2,False,False,False,False
gru_negbin,dengue,2,SP,2024-02-25,36,2023-06-18,1979.2,2403.2,2973.6,4140.8,5786.8,7835.4,10051.2,11553.8,12968.0,71633,62091.19111111111,7841.502222222222,0.0,54249.688888888886,65846.2,False,False,False,False
gru_negbin,dengue,2,SP,2024-03-03,37,2023-06-18,2249.2,2710.2,3325.8,4575.0,6317.6,8469.6,10782.4,12345.6,13813.0,85211,74971.17222222223,9319.305555555555,0.0,65651.86666666667,78893.4,False,False,False,False
gru_negbin,dengue,2,SP,2024-03-10,38,2023-06-18,2540.2,3035.0,3690.4,5005.6,6820.2,9040.0,11408.2,13001.6,14494.2,101311,90471.7688888889,11071.768888888888,0.0,79399.99999999999,94490.8,False,False,False,False
gru_negbin,dengue,2,SP,2024-03-17,39,2023-06-18,2855.4,3388.6,4090.0,5486.4,7397.0,9717.2,12179.4,13830.2,15373.0,131757,120179.96888888889,14418.146666666667,0.0,105761.82222222222,124360.0,False,False,False,False
gru_negbin,dengue,2,SP,2024-03-24,40,2023-06-18,3122.2,3690.4,4436.0,5914.0,7926.0,10359.8,12935.2,14658.6,16267.0,124266,111967.06666666667,13557.422222222223,0.0,98409.64444444445,116340.0,False,False,False,False
gru_negbin,dengue,2,SP,2024-03-31,41,2023-06-18,3334.4,3927.6,4703.6,6237.2,8317.4,10825.4,13472.8,15241.6,16891.0,141429,128615.46333333332,15440.974444444444,0.0,113174.48888888888,133111.6,False,False,False,False
gru_negbin,dengue,2,SP,2024-04-07,42,2023-06-18,3443.2,4048.8,4840.2,6400.6,8512.4,11055.0,13735.2,15524.4,17192.0,156578,143513.06666666668,17111.86666666667,0.0,126401.20000000001,148065.6,False,False,False,False
gru_negbin,dengue,2,SP,2024-04-14,43,2023-06-18,3338.8,3928.4,4698.2,6217.6,8275.0,10752.8,13365.4,15110.4,16736.6,150206,137493.0811111111,16413.34777777778,0.0,121079.73333333334,141931.0,False,False,False,False
gru_negbin,dengue,2,SP,2024-04-21,44,2023-06-18,3069.2,3614.4,4327.2,5734.0,7640.4,9937.4,12360.6,13979.4,15488.4,143270,131513.75999999998,15666.16,0.0,115847.59999999999,135629.6,False,False,False,False
gru_negbin,dengue,2,SP,2024-04-28,45,2023-06-18,2719.8,3204.2,3836.8,5085.6,6777.6,8815.8,10965.4,12401.4,13739.8,148267,137838.01555555558,16250.104444444445,0.0,121587.91111111113,141489.4,False,False,False,False
gru_negbin,dengue,2,SP,2024-05-05,46,2023-06-18,2318.4,2732.6,3273.8,4342.2,5790.4,7535.6,9376.8,10606.0,11752.8,159561,150643.61777777778,17538.551111111112,0.0,133105.06666666668,153770.6,False,False,False,False
gru_negbin,dengue,2,SP,2024-05-12,47,2023-06-18,1954.6,2303.4,2759.8,3660.2,4880.4,6350.8,7902.0,8937.8,9904.0,149098,141583.00555555557,16405.805555555555,0.0,125177.20000000001,144217.6,False,False,False,False
gru_negbin,dengue,2,SP,2024-05-19,48,2023-06-18,1609.6,1893.2,2262.6,2990.4,3974.0,5156.4,6401.2,7232.4,8006.2,111943,105853.89666666667,12303.718888888889,0.0,93550.17777777778,107969.0,False,False,False,False
gru_negbin,dengue,2,SP,2024-05-26,49,2023-06-18,1329.2,1557.8,1855.4,2438.8,3224.8,4166.4,5155.4,5814.6,6428.0,70482,65576.53555555554,7717.957777777778,0.0,57858.57777777778,67257.2,False,False,False,False
gru_negbin,dengue,2,SP,2024-06-02,50,2023-06-18,1070.2,1249.6,1482.0,1937.0,2546.2,3274.2,4037.0,4544.4,5015.8,45667,41824.484444444446,4980.795555555556,0.0,36843.688888888886,43120.8,False,False,False,False
gru_negbin,dengue,2,SP,2024-06-09,51,2023-06-18,856.6,995.8,1176.0,1526.0,1993.8,2550.0,3130.8,3516.4,3874.2,41835,38853.811111111114,4571.899999999999,0.0,34281.911111111105,39841.2,False,False,False,False
gru_negbin,dengue,2,SP,2024-06-16,52,2023-06-18,693.8,803.0,943.6,1216.0,1578.2,2006.6,2453.0,2748.4,3022.6,34116,31779.195555555558,3727.3288888888887,0.0,28051.866666666665,32537.8,False,False,False,False
gru_negbin,dengue,2,SP,2024-06-23,53,2023-06-18,570.2,656.6,767.8,982.8,1266.0,1599.8,1946.0,2174.4,2386.6,23046,21191.23777777778,2507.4155555555553,0.0,18683.82222222222,21780.0,False,False,False,False
gru_negbin,dengue,2,SP,2024-06-30,54,2023-06-18,473.0,542.0,630.4,800.0,1022.6,1283.6,1553.0,1730.6,1895.0,14992,13510.808888888889,1620.631111111111,0.0,11890.177777777779,13969.4,False,False,False,False
gru_negbin,dengue,2,SP,2024-07-07,55,2023-06-18,401.4,458.0,530.0,667.8,847.4,1056.8,1272.2,1414.0,1544.8,10192,8977.856666666667,1093.367777777778,0.0,7884.488888888888,9344.6,False,False,False,False
gru_negbin,dengue,2,SP,2024-07-14,56,2023-06-18,355.0,402.8,464.0,579.8,730.4,905.4,1084.6,1202.2,1310.4,7720,6684.336666666667,822.6922222222223,0.0,5861.644444444445,6989.6,False,False,False,False
gru_negbin,dengue,2,SP,2024-07-21,57,2023-06-18,322.0,364.0,417.4,518.0,648.2,799.2,953.2,1054.0,1146.6,6532,5621.31,693.5322222222223,0.0,4927.777777777777,5883.8,False,False,False,False
gru_negbin,dengue,2,SP,2024-07-28,58,2023-06-18,297.2,334.8,382.0,470.6,585.0,716.6,851.0,938.6,1019.0,5554,4740.429999999999,586.9188888888889,0.0,4153.511111111111,4969.0,False,False,False,False
gru_negbin,dengue,2,SP,2024-08-04,59,2023-06-18,278.2,311.0,353.0,431.0,530.6,644.8,760.2,835.4,904.6,4468,3740.3888888888887,467.7222222222221,0.0,3272.6666666666665,3937.4,False,False,False,False
gru_negbin,dengue,2,SP,2024-08-11,60,2023-06-18,261.8,291.6,328.6,398.2,486.2,586.6,687.8,753.0,813.4,3877,3218.3288888888887,403.3955555555556,0.0,2814.9333333333334,3390.8,False,False,False,False
gru_negbin,dengue,2,SP,2024-08-18,61,2023-06-18,251.2,278.8,312.8,376.0,455.4,545.8,636.2,694.6,748.0,3492,2882.1555555555556,361.4,0.0,2520.7555555555555,3036.6,False,False,False,False
gru_negbin,dengue,2,SP,2024-08-25,62,2023-06-18,247.4,273.2,305.2,364.0,437.6,520.8,603.8,657.2,706.4,2993,2413.6077777777778,306.09666666666664,0.0,2107.511111111111,2555.4,False,False,False,False
gru_negbin,dengue,2,SP,2024-09-01,63,2023-06-18,245.0,269.8,300.4,356.4,426.0,504.4,582.6,632.8,678.6,3327,2767.6244444444446,343.2688888888889,0.0,2424.355555555556,2901.0,False,False,False,False
gru_negbin,dengue,2,SP,2024-09-08,64,2023-06-18,243.6,267.4,297.2,351.8,419.4,495.4,571.0,619.8,663.8,3276,2727.49,337.7122222222222,0.0,2389.777777777778,2856.6,False,False,False,False
gru_negbin,dengue,2,SP,2024-09-15,65,2023-06-18,242.6,266.6,295.8,349.8,416.4,491.6,565.8,613.8,657.4,3072,2528.306666666667,315.1066666666667,0.0,2213.2,2655.6,False,False,False,False
gru_negbin,dengue,2,SP,2024-09-22,66,2023-06-18,241.4,265.2,294.6,348.2,415.4,490.4,564.8,612.6,656.4,3114,2571.4255555555555,319.91444444444437,0.0,2251.511111111111,2698.6,False,False,False,False
gru_negbin,dengue,2,SP,2024-09-29,67,2023-06-18,239.4,263.4,293.2,347.8,415.8,492.2,568.0,617.0,661.4,3067,2521.5133333333333,314.97999999999996,0.0,2206.5333333333333,2651.2,False,False,False,False
gru_negbin,dengue,2,TO,2023-10-08,16,2023-06-18,11.8,13.8,16.4,21.2,27.2,33.8,41.2,45.6,50.0,14,5.416666666666666,3.2833333333333337,2.133333333333333,0.0,13.2,False,False,True,True
gru_negbin,dengue,2,TO,2023-10-15,17,2023-06-18,13.0,15.2,17.8,23.2,30.2,38.0,45.8,51.0,55.8,34,2.5022222222222217,2.5022222222222217,0.0,0.0,3.8000000000000007,True,True,True,True
gru_negbin,dengue,2,TO,2023-10-22,18,2023-06-18,14.2,17.0,20.2,25.8,33.6,42.8,52.4,58.4,63.8,13,10.284444444444443,4.684444444444445,5.6,0.0,20.6,False,False,False,False
gru_negbin,dengue,2,TO,2023-10-29,19,2023-06-18,15.8,18.6,22.2,29.2,38.4,48.8,60.0,67.4,74.4,28,4.218888888888888,3.9522222222222214,0.2666666666666665,0.0,10.399999999999999,False,True,True,True
gru_negbin,dengue,2,TO,2023-11-05,20,2023-06-18,17.0,20.2,24.4,32.4,43.2,56.2,69.8,78.8,86.8,33,4.503333333333334,4.503333333333334,0.0,0.0,10.200000000000003,True,True,True,True
gru_negbin,dengue,2,TO,2023-11-12,21,2023-06-18,17.8,22.0,26.4,36.2,49.2,64.6,81.0,92.2,102.6,27,8.553333333333335,6.508888888888888,2.044444444444445,0.0,22.200000000000003,False,True,True,True
gru_negbin,dengue,2,TO,2023-11-19,22,2023-06-18,19.0,23.0,28.8,39.8,55.4,74.4,94.4,108.2,120.8,53,5.158888888888889,5.158888888888889,0.0,0.0,2.3999999999999986,True,True,True,True
gru_negbin,dengue,2,TO,2023-11-26,23,2023-06-18,20.0,24.8,31.2,44.4,62.8,86.2,110.6,127.4,142.8,69,6.597777777777779,6.597777777777779,0.0,0.0,6.200000000000003,True,True,True,True
gru_negbin,dengue,2,TO,2023-12-03,24,2023-06-18,20.8,26.4,33.6,49.2,71.2,98.6,128.6,148.8,168.0,68,7.3888888888888875,7.3888888888888875,0.0,0.0,3.200000000000003,True,True,True,True
gru_negbin,dengue,2,TO,2023-12-10,25,2023-06-18,21.8,28.2,36.8,54.6,80.2,112.8,149.0,173.2,196.4,84,8.729999999999999,8.729999999999999,0.0,0.0,3.799999999999997,True,True,True,True
gru_negbin,dengue,2,TO,2023-12-17,26,2023-06-18,24.8,31.8,41.8,62.4,92.4,130.4,172.6,201.4,228.6,80,11.07888888888889,11.07888888888889,0.0,0.0,12.400000000000006,True,True,True,True
gru_negbin,dengue,2,TO,2023-12-24,27,2023-06-18,28.6,36.6,48.0,71.6,106.0,150.2,198.8,232.0,263.6,71,15.216666666666665,15.083333333333334,0.13333333333333208,0.0,35.0,False,True,True,True
gru_negbin,dengue,2,TO,2023-12-31,28,2023-06-18,34.6,44.0,57.0,84.4,123.6,173.4,228.0,265.4,300.8,48,31.172222222222224,21.08333333333333,10.08888888888889,0.0,75.6,False,False,True,True
gru_negbin,dengue,2,TO,2024-01-07,29,2023-06-18,43.4,54.0,69.4,100.4,145.2,200.6,261.4,302.8,341.8,53,38.9,24.499999999999996,14.400000000000002,0.0,92.19999999999999,False,False,False,True
gru_negbin,dengue,2,TO,2024-01-14,30,2023-06-18,54.2,67.0,83.8,119.2,168.6,230.0,296.2,341.0,383.2,61,47.03666666666666,27.703333333333333,19.333333333333332,0.0,107.6,False,False,False,True
gru_negbin,dengue,2,TO,2024-01-21,31,2023-06-18,67.4,82.0,101.6,140.8,195.2,262.0,333.6,381.4,427.0,61,64.9688888888889,32.12444444444444,32.84444444444445,0.0,134.2,False,False,False,False
gru_negbin,dengue,2,TO,2024-01-28,32,2023-06-18,82.2,98.6,120.4,163.6,222.6,294.6,370.8,422.2,469.8,118,40.879999999999995,30.213333333333335,10.666666666666666,0.0,104.6,False,False,True,True
gru_negbin,dengue,2,TO,2024-02-04,33,2023-06-18,96.2,114.2,138.2,184.6,248.0,324.0,404.6,458.4,508.2,129,47.4,33.0,14.399999999999997,0.0,119.0,False,False,True,True
gru_negbin,dengue,2,TO,2024-02-11,34,2023-06-18,110.0,129.6,155.0,204.6,271.6,352.2,436.6,492.8,545.0,131,58.221111111111114,36.532222222222224,21.688888888888886,0.0,140.60000000000002,False,False,True,True
gru_negbin,dengue,2,TO,2024-02-18,35,2023-06-18,122.6,143.2,170.0,222.8,292.8,376.6,464.2,522.2,576.6,174,45.86000000000001,35.01555555555556,10.844444444444447,0.0,118.80000000000001,False,True,True,True
gru_negbin,dengue,2,TO,2024-02-25,36,2023-06-18,137.2,159.4,188.4,243.8,318.2,406.0,497.6,557.8,614.6,232,35.16111111111111,32.538888888888884,2.622222222222225,0.0,86.19999999999999,False,True,True,True
gru_negbin,dengue,2,TO,2024-03-03,37,2023-06-18,150.6,174.6,204.8,263.4,341.0,432.0,527.2,589.8,647.8,252,36.32888888888888,33.79555555555555,2.5333333333333283,0.0,89.0,False,True,True,True
gru_negbin,dengue,2,TO,2024-03-10,38,2023-06-18,164.8,190.2,222.2,284.2,365.6,462.0,561.4,627.4,688.4,253,44.62666666666666,37.693333333333335,6.933333333333331,0.0,112.60000000000002,False,True,True,True
gru_negbin,dengue,2,TO,2024-03-17,39,2023-06-18,178.8,205.8,240.2,306.4,393.0,495.8,601.8,671.8,736.6,286,43.25666666666666,38.72333333333333,4.533333333333328,0.0,107.0,False,True,True,True
gru_negbin,dengue,2,TO,2024-03-24,40,2023-06-18,191.0,219.4,255.6,325.6,417.6,525.6,637.4,711.4,779.6,232,74.99888888888889,48.95444444444444,26.044444444444448,0.0,185.60000000000002,False,False,True,True
gru_negbin,dengue,2,TO,2024-03-31,41,2023-06-18,199.4,229.0,266.6,339.0,434.2,545.8,661.4,737.8,808.0,252,72.11888888888889,49.54111111111111,22.577777777777783,0.0,182.2,False,False,True,True
gru_negbin,dengue,2,TO,2024-04-07,42,2023-06-18,203.4,233.4,272.0,346.4,444.0,558.6,677.4,755.4,828.0,318,50.37888888888889,44.06777777777778,6.3111111111111065,0.0,126.0,False,True,True,True
gru_negbin,dengue,2,TO,2024-04-14,43,2023-06-18,201.6,231.8,270.6,345.4,443.4,559.0,678.6,757.6,830.6,348,40.87,40.87,0.0,0.0,95.39999999999998,True,True,True,True
gru_negbin,dengue,2,TO,2024-04-21,44,2023-06-18,195.2,224.8,263.2,335.8,432.2,545.4,662.8,740.2,811.8,272,61.654444444444444,47.47666666666667,14.17777777777778,0.0,160.2,False,True,True,True
gru_negbin,dengue,2,TO,2024-04-28,45,2023-06-18,183.4,211.8,247.6,317.4,409.0,517.0,629.2,703.0,771.2,247,62.069999999999986,46.29222222222223,15.777777777777771,0.0,162.0,False,False,True,True
gru_negbin,dengue,2,TO,2024-05-05,46,2023-06-18,169.4,195.0,228.6,292.8,377.6,477.4,580.6,649.2,712.4,198,73.96333333333331,46.096666666666664,27.866666666666667,0.0,179.60000000000002,False,False,True,True
gru_negbin,dengue,2,TO,2024-05-12,47,2023-06-18,152.4,175.6,205.6,263.2,339.0,428.0,520.4,581.2,637.6,208,50.175555555555555,37.908888888888896,12.266666666666664,0.0,131.0,False,True,True,True
gru_negbin,dengue,2,TO,2024-05-19,48,2023-06-18,134.0,154.2,180.6,231.2,298.0,376.0,456.8,510.2,559.4,164,54.01222222222222,35.39000000000001,18.62222222222222,0.0,134.0,False,False,True,True
gru_negbin,dengue,2,TO,2024-05-26,49,2023-06-18,114.8,132.6,155.2,198.6,256.6,324.2,394.0,440.6,483.6,133,51.0,31.488888888888894,19.511111111111106,0.0,123.60000000000002,False,False,True,True
gru_negbin,dengue,2,TO,2024-06-02,50,2023-06-18,96.4,111.4,130.4,167.8,216.8,275.2,335.0,375.2,411.8,78,73.73,30.61888888888889,43.111111111111114,0.0,138.8,False,False,False,False
gru_negbin,dengue,2,TO,2024-06-09,51,2023-06-18,78.6,91.0,107.0,138.0,178.8,227.2,277.6,310.8,341.4,63,61.64888888888889,25.515555555555558,36.13333333333333,0.0,115.80000000000001,False,False,False,False
gru_negbin,dengue,2,TO,2024-06-16,52,2023-06-18,63.8,74.0,87.0,112.6,146.6,186.6,227.8,255.4,281.0,51,50.72888888888888,21.084444444444443,29.64444444444444,0.0,95.6,False,False,False,False
gru_negbin,dengue,2,TO,2024-06-23,53,2023-06-18,53.2,61.6,72.6,94.2,122.6,156.2,191.0,213.8,235.4,40,44.97888888888889,17.956666666666667,27.022222222222226,0.0,82.6,False,False,False,False
gru_negbin,dengue,2,TO,2024-06-30,54,2023-06-18,46.2,53.4,63.0,81.2,105.2,133.4,162.6,182.0,199.6,39,34.261111111111106,14.75,19.51111111111111,0.0,66.2,False,False,False,False
gru_negbin,dengue,2,TO,2024-07-07,55,2023-06-18,40.8,47.2,55.2,71.2,91.6,115.4,140.4,156.8,171.6,19,45.11555555555555,14.359999999999998,30.755555555555556,0.0,72.6,False,False,False,False
gru_negbin,dengue,2,TO,2024-07-14,56,2023-06-18,36.8,42.4,49.6,63.2,81.0,101.6,122.8,136.8,149.8,15,42.10333333333333,12.77,29.333333333333332,0.0,66.0,False,False,False,False
gru_negbin,dengue,2,TO,2024-07-21,57,2023-06-18,33.0,38.2,44.4,56.6,72.0,90.2,108.2,120.6,131.4,15,36.013333333333335,11.08,24.933333333333334,0.0,57.0,False,False,False,False
gru_negbin,dengue,2,TO,2024-07-28,58,2023-06-18,29.8,34.0,39.4,50.0,63.8,79.2,95.2,105.4,114.6,18,27.26,9.215555555555557,18.044444444444444,0.0,45.8,False,False,False,False
gru_negbin,dengue,2,TO,2024-08-04,59,2023-06-18,26.8,30.8,36.0,44.8,56.8,70.0,83.8,92.8,101.0,10,30.630000000000003,8.763333333333334,21.866666666666664,0.0,46.8,False,False,False,False
gru_negbin,dengue,2,TO,2024-08-11,60,2023-06-18,24.2,27.8,32.0,40.6,50.6,63.0,75.2,83.0,90.2,9,27.495555555555555,7.806666666666666,19.68888888888889,0.0,41.6,False,False,False,False
gru_negbin,dengue,2,TO,2024-08-18,61,2023-06-18,22.0,25.2,29.2,36.6,46.4,57.4,68.6,75.6,82.2,12,21.19222222222222,6.747777777777777,14.444444444444445,0.0,34.4,False,False,False,False
gru_negbin,dengue,2,TO,2024-08-25,62,2023-06-18,20.4,23.6,27.2,34.4,43.2,53.4,63.6,70.2,76.6,14,16.961111111111116,5.938888888888889,11.02222222222222,0.0,29.200000000000003,False,False,False,False
gru_negbin,dengue,2,TO,2024-09-01,63,2023-06-18,19.4,22.2,26.0,32.6,41.2,51.2,61.0,67.4,73.2,11,18.456666666666667,5.967777777777778,12.488888888888887,0.0,30.200000000000003,False,False,False,False
gru_negbin,dengue,2,TO,2024-09-08,64,2023-06-18,19.2,21.8,25.4,32.0,40.2,50.2,60.0,66.0,72.2,14,14.898888888888889,5.4766666666666675,9.422222222222224,0.0,26.200000000000003,False,False,False,False
gru_negbin,dengue,2,TO,2024-09-15,65,2023-06-18,19.0,21.8,25.4,32.0,40.6,50.4,60.0,66.2,72.2,15,13.913333333333334,5.424444444444444,8.488888888888889,0.0,25.6,False,False,False,False
gru_negbin,dengue,2,TO,2024-09-22,66,2023-06-18,19.4,22.0,25.8,32.8,41.4,51.6,61.8,68.0,74.2,4,25.48222222222222,6.815555555555555,18.666666666666668,0.0,37.4,False,False,False,False
gru_negbin,dengue,2,TO,2024-09-29,67,2023-06-18,20.2,23.4,27.0,34.4,43.8,54.6,65.8,73.0,79.4,7,24.064444444444444,6.953333333333333,17.11111111111111,0.0,36.8,False,False,False,False
gru_negbin,dengue,3,AC,2024-10-06,16,2024-06-16,8.8,11.4,15.0,22.2,32.8,46.2,61.0,71.2,80.8,76,19.24222222222222,8.220000000000002,0.0,11.02222222222222,43.2,False,False,False,True
gru_negbin,dengue,3,AC,2024-10-13,17,2024-06-16,9.6,12.4,16.4,25.2,38.0,54.4,73.0,85.2,97.6,76,13.866666666666667,8.4,0.0,5.466666666666667,38.0,False,False,True,True
gru_negbin,dengue,3,AC,2024-10-20,18,2024-06-16,10.0,13.4,18.0,28.2,44.0,65.0,88.2,104.2,119.8,88,15.223333333333333,10.112222222222222,0.0,5.111111111111111,44.0,False,True,True,True
gru_negbin,dengue,3,AC,2024-10-27,19,2024-06-16,10.4,14.2,19.6,32.4,51.6,77.4,107.0,127.6,147.6,104,18.197777777777777,12.286666666666667,0.0,5.91111111111111,52.4,False,True,True,True
gru_negbin,dengue,3,AC,2024-11-03,20,2024-06-16,11.0,15.4,21.4,36.6,60.6,93.0,130.8,157.2,183.0,97,13.028888888888888,12.139999999999999,0.0,0.8888888888888888,36.4,False,True,True,True
gru_negbin,dengue,3,AC,2024-11-10,21,2024-06-16,10.8,15.6,23.4,41.0,70.8,111.8,160.2,194.6,228.4,138,23.459999999999997,17.637777777777778,0.0,5.822222222222223,67.2,False,True,True,True
gru_negbin,dengue,3,AC,2024-11-17,22,2024-06-16,11.0,16.6,25.2,46.4,82.6,134.4,196.6,241.0,284.2,183,34.66444444444445,23.864444444444448,0.0,10.799999999999999,100.4,False,True,True,True
gru_negbin,dengue,3,AC,2024-11-24,23,2024-06-16,11.0,17.2,26.8,52.2,96.0,161.0,239.4,296.2,351.4,193,33.64888888888889,26.537777777777777,0.0,7.111111111111111,97.0,False,True,True,True
gru_negbin,dengue,3,AC,2024-12-01,24,2024-06-16,11.2,17.6,29.0,58.0,111.0,190.4,287.2,357.8,427.0,265,52.87222222222222,36.294444444444444,0.0,16.577777777777776,154.0,False,True,True,True
gru_negbin,dengue,3,AC,2024-12-08,25,2024-06-16,12.0,19.4,31.6,65.6,128.2,223.0,339.8,424.6,508.2,375,91.87444444444445,50.27444444444444,0.0,41.599999999999994,246.8,False,False,True,True
gru_negbin,dengue,3,AC,2024-12-15,26,2024-06-16,12.8,21.2,35.2,73.8,146.2,257.0,394.4,494.8,593.8,417,97.31666666666669,56.73888888888889,0.0,40.57777777777778,270.8,False,False,True,True
gru_negbin,dengue,3,AC,2024-12-22,27,2024-06-16,15.0,24.4,40.4,84.8,166.8,293.0,449.6,563.8,676.6,414,84.68444444444444,57.79555555555555,0.0,26.88888888888889,247.2,False,True,True,True
gru_negbin,dengue,3,AC,2024-12-29,28,2024-06-16,18.8,30.0,48.6,98.8,190.8,329.0,499.2,623.4,745.2,468,95.12,64.23111111111112,0.0,30.88888888888889,277.2,False,True,True,True
gru_negbin,dengue,3,AC,2025-01-05,29,2024-06-16,24.0,37.6,59.2,115.6,216.2,365.2,546.4,677.6,806.2,497,96.63888888888889,67.35,0.0,29.28888888888889,280.8,False,True,True,True
gru_negbin,dengue,3,AC,2025-01-12,30,2024-06-16,30.8,46.4,71.4,134.2,243.2,402.0,592.6,730.2,864.2,503,89.9988888888889,67.55444444444446,0.0,22.444444444444443,259.8,False,True,True,True
gru_negbin,dengue,3,AC,2025-01-19,31,2024-06-16,37.8,55.6,83.6,152.4,268.8,435.2,633.0,775.0,912.6,586,109.52888888888889,76.01777777777777,0.0,33.51111111111111,317.2,False,True,True,True
gru_negbin,dengue,3,AC,2025-01-26,32,2024-06-16,45.2,64.8,95.0,167.6,288.2,458.0,657.2,799.2,936.6,625,116.2722222222222,79.1611111111111,0.0,37.111111111111114,336.8,False,True,True,True
gru_negbin,dengue,3,AC,2025-02-02,33,2024-06-16,51.0,72.0,103.4,177.8,298.4,466.0,660.6,798.8,932.2,708,151.18666666666667,86.87555555555555,0.0,64.3111111111111,409.6,False,False,True,True
gru_negbin,dengue,3,AC,2025-02-09,34,2024-06-16,55.0,76.2,107.8,181.2,298.2,458.0,643.0,773.4,899.2,569,94.46333333333334,69.79666666666668,0.0,24.666666666666668,270.8,False,True,True,True
gru_negbin,dengue,3,AC,2025-02-16,35,2024-06-16,56.8,77.2,107.8,176.6,285.0,431.0,599.2,717.0,830.4,602,110.30444444444444,71.68222222222224,0.0,38.62222222222221,317.0,False,False,True,True
gru_negbin,dengue,3,AC,2025-02-23,36,2024-06-16,56.6,75.8,103.8,166.4,263.0,392.2,539.4,642.0,740.4,506,84.60333333333334,59.31444444444445,0.0,25.28888888888889,243.0,False,True,True,True
gru_negbin,dengue,3,AC,2025-03-02,37,2024-06-16,54.2,71.8,96.6,151.6,235.4,345.8,470.8,557.4,640.2,384,52.75555555555556,44.266666666666666,0.0,8.488888888888887,148.6,False,True,True,True
gru_negbin,dengue,3,AC,2025-03-09,38,2024-06-16,50.6,66.0,87.6,134.6,205.2,297.0,400.0,471.6,539.6,388,63.721111111111114,43.49888888888889,0.0,20.22222222222222,182.8,False,True,True,True
gru_negbin,dengue,3,AC,2025-03-16,39,2024-06-16,46.2,59.0,77.2,116.4,175.0,249.8,333.4,391.0,445.8,392,87.9688888888889,43.12444444444444,0.0,44.84444444444445,217.0,False,False,False,True
gru_negbin,dengue,3,AC,2025-03-23,40,2024-06-16,40.8,52.0,67.2,99.6,147.0,207.4,274.4,320.4,363.8,303,60.303333333333335,32.70333333333334,0.0,27.600000000000005,156.0,False,False,True,True
gru_negbin,dengue,3,AC,2025-03-30,41,2024-06-16,38.6,48.4,62.0,90.2,130.8,182.0,238.6,276.8,313.4,210,28.11111111111111,21.88888888888889,0.0,6.222222222222222,79.19999999999999,False,True,True,True
gru_negbin,dengue,3,AC,2025-04-06,42,2024-06-16,37.0,46.2,58.2,83.4,119.2,163.8,212.2,245.2,276.2,178,21.117777777777775,17.962222222222223,0.0,3.1555555555555532,58.8,False,True,True,True
gru_negbin,dengue,3,AC,2025-04-13,43,2024-06-16,35.4,43.8,54.8,77.2,108.6,148.0,190.4,219.0,245.8,170,21.773333333333333,16.884444444444444,0.0,4.888888888888889,61.400000000000006,False,True,True,True
gru_negbin,dengue,3,AC,2025-04-20,44,2024-06-16,33.2,40.2,50.4,70.0,98.0,132.0,169.0,193.4,217.0,189,36.02555555555555,18.91444444444444,0.0,17.11111111111111,91.0,False,False,True,True
gru_negbin,dengue,3,AC,2025-04-27,45,2024-06-16,29.8,36.6,45.2,63.0,87.4,117.0,148.6,170.4,190.6,161,28.38888888888889,15.855555555555554,0.0,12.533333333333335,73.6,False,False,True,True
gru_negbin,dengue,3,AC,2025-05-04,46,2024-06-16,26.4,32.4,40.2,55.2,76.4,101.8,129.4,148.2,165.4,140,24.54111111111111,13.696666666666665,0.0,10.844444444444443,63.599999999999994,False,False,True,True
gru_negbin,dengue,3,AC,2025-05-11,47,2024-06-16,23.2,28.2,34.8,48.0,66.2,88.2,111.4,127.2,142.0,129,26.05111111111111,12.673333333333334,0.0,13.377777777777775,62.8,False,False,False,True
gru_negbin,dengue,3,AC,2025-05-18,48,2024-06-16,19.8,24.0,29.8,40.8,56.4,75.0,95.0,108.4,121.0,103,18.026666666666664,10.026666666666666,0.0,8.0,46.6,False,False,True,True
gru_negbin,dengue,3,AC,2025-05-25,49,2024-06-16,16.8,20.2,25.0,34.8,47.8,63.8,80.4,91.8,102.4,96,21.024444444444445,9.46888888888889,0.0,11.555555555555555,48.2,False,False,False,True
gru_negbin,dengue,3,AC,2025-06-01,50,2024-06-16,14.4,17.2,21.4,29.8,41.0,54.4,69.0,78.6,87.8,79,15.514444444444447,7.736666666666666,0.0,7.7777777777777795,38.0,False,False,False,True
gru_negbin,dengue,3,AC,2025-06-08,51,2024-06-16,12.0,14.8,18.6,25.4,35.2,47.2,59.8,68.4,76.2,57,7.678888888888888,5.501111111111111,0.0,2.177777777777777,21.799999999999997,False,True,True,True
gru_negbin,dengue,3,AC,2025-06-15,52,2024-06-16,10.4,12.8,16.0,22.6,31.2,42.0,53.0,60.4,67.4,73,22.767777777777777,7.390000000000001,0.0,15.377777777777775,41.8,False,False,False,False
gru_negbin,dengue,3,AC,2025-06-22,53,2024-06-16,9.2,11.4,14.4,20.0,28.0,37.8,47.4,54.0,60.2,61,16.05666666666667,6.145555555555556,0.0,9.911111111111111,33.0,False,False,False,False
gru_negbin,dengue,3,AC,2025-06-29,54,2024-06-16,8.2,10.4,13.0,18.2,25.4,33.8,42.8,49.2,55.0,42,5.886666666666668,4.064444444444444,0.0,1.8222222222222229,16.6,False,True,True,True
gru_negbin,dengue,3,AC,2025-07-06,55,2024-06-16,7.6,9.4,12.0,16.6,23.4,31.6,39.8,45.6,50.8,50,12.382222222222223,5.0488888888888885,0.0,7.333333333333333,26.6,False,False,False,True
gru_negbin,dengue,3,AC,2025-07-13,56,2024-06-16,6.8,8.6,11.0,15.6,21.8,29.4,37.4,42.8,48.0,42,8.02888888888889,4.206666666666667,0.0,3.822222222222223,20.2,False,False,True,True
gru_negbin,dengue,3,AC,2025-07-20,57,2024-06-16,6.6,8.2,10.4,14.6,20.8,27.6,35.4,40.6,45.4,48,14.431111111111111,4.8755555555555565,0.0,9.555555555555555,27.2,False,False,False,False
gru_negbin,dengue,3,AC,2025-07-27,58,2024-06-16,6.2,7.6,10.0,14.0,19.6,26.4,34.0,38.8,43.0,42,10.217777777777778,4.262222222222222,0.0,5.955555555555557,22.4,False,False,False,True
gru_negbin,dengue,3,AC,2025-08-03,59,2024-06-16,5.8,7.2,9.4,13.2,18.8,25.4,32.4,37.4,41.8,37,7.346666666666668,3.7466666666666666,0.0,3.6000000000000005,18.2,False,False,True,True
gru_negbin,dengue,3,AC,2025-08-10,60,2024-06-16,5.6,7.0,9.2,13.2,18.4,25.4,32.0,36.8,41.4,40,9.84777777777778,4.114444444444445,0.0,5.733333333333334,21.6,False,False,False,True
gru_negbin,dengue,3,AC,2025-08-17,61,2024-06-16,5.6,7.0,9.2,13.4,18.8,26.0,33.0,37.8,42.6,25,2.4655555555555555,2.4655555555555555,0.0,0.0,6.199999999999999,True,True,True,True
gru_negbin,dengue,3,AC,2025-08-24,62,2024-06-16,5.8,7.2,9.2,13.6,19.6,26.6,34.6,39.6,44.6,40,8.395555555555553,4.1288888888888895,0.0,4.266666666666666,20.4,False,False,False,True
gru_negbin,dengue,3,AC,2025-08-31,63,2024-06-16,5.8,7.4,9.6,14.2,20.4,28.0,36.2,41.8,47.4,36,5.482222222222223,3.704444444444445,0.0,1.7777777777777777,15.600000000000001,False,True,True,True
gru_negbin,dengue,3,AC,2025-09-07,64,2024-06-16,6.2,7.8,10.2,15.0,22.0,30.4,39.8,45.6,51.6,34,4.318888888888889,3.518888888888889,0.0,0.8000000000000003,12.0,False,True,True,True
gru_negbin,dengue,3,AC,2025-09-14,65,2024-06-16,6.6,8.6,11.0,16.4,24.2,34.0,45.0,52.2,59.2,40,5.598888888888889,4.265555555555555,0.0,1.3333333333333333,15.8,False,True,True,True
gru_negbin,dengue,3,AC,2025-09-21,66,2024-06-16,7.2,9.4,12.4,18.6,27.8,39.0,51.8,60.2,68.8,42,5.16,4.493333333333333,0.0,0.6666666666666666,14.2,False,True,True,True
gru_negbin,dengue,3,AC,2025-09-28,67,2024-06-16,7.8,10.2,13.8,20.8,31.8,45.6,61.0,71.2,81.6,55,8.18111111111111,6.092222222222222,0.0,2.0888888888888886,23.2,False,True,True,True
gru_negbin,dengue,3,AL,2024-10-06,16,2024-06-16,44.2,57.4,76.0,118.2,184.4,273.8,376.6,449.0,518.4,137,27.576666666666668,27.576666666666668,0.0,0.0,47.400000000000006,True,True,True,True
gru_negbin,dengue,3,AL,2024-10-13,17,2024-06-16,40.2,52.8,70.8,112.0,176.8,264.0,364.8,435.8,504.0,120,28.121111111111112,28.121111111111112,0.0,0.0,56.80000000000001,True,True,True,True
gru_negbin,dengue,3,AL,2024-10-20,18,2024-06-16,36.2,48.2,66.0,106.4,170.0,257.0,356.8,427.2,495.4,101,30.457777777777785,29.257777777777783,1.2000000000000013,0.0,69.0,False,True,True,True
gru_negbin,dengue,3,AL,2024-10-27,19,2024-06-16,31.8,43.6,60.6,100.2,163.4,250.4,351.0,422.2,490.8,106,27.932222222222222,27.932222222222222,0.0,0.0,57.400000000000006,True,True,True,True
gru_negbin,dengue,3,AL,2024-11-03,20,2024-06-16,28.6,39.4,56.0,95.2,158.2,245.4,347.2,419.2,488.8,90,30.32555555555555,29.169999999999998,1.1555555555555561,0.0,68.19999999999999,False,True,True,True
gru_negbin,dengue,3,AL,2024-11-10,21,2024-06-16,25.2,36.0,52.0,90.6,154.4,242.8,346.8,420.4,492.0,77,33.49333333333333,30.471111111111114,3.022222222222221,0.0,77.4,False,True,True,True
gru_negbin,dengue,3,AL,2024-11-17,22,2024-06-16,22.2,32.4,48.2,85.8,149.2,239.2,345.4,421.4,495.0,64,36.38666666666666,31.54222222222222,4.844444444444444,0.0,85.19999999999999,False,True,True,True
gru_negbin,dengue,3,AL,2024-11-24,23,2024-06-16,19.6,29.2,44.4,81.6,145.0,235.8,344.6,422.4,498.6,54,38.51222222222223,32.378888888888895,6.133333333333332,0.0,91.0,False,True,True,True
gru_negbin,dengue,3,AL,2024-12-01,24,2024-06-16,18.6,27.8,42.4,79.2,142.4,234.4,344.8,424.4,502.2,60,35.85777777777778,31.59111111111111,4.2666666666666675,0.0,82.4,False,True,True,True
gru_negbin,dengue,3,AL,2024-12-08,25,2024-06-16,19.0,28.4,42.6,79.6,143.2,236.4,348.6,429.6,508.4,65,34.621111111111105,31.376666666666665,3.244444444444443,0.0,78.19999999999999,False,True,True,True
gru_negbin,dengue,3,AL,2024-12-15,26,2024-06-16,19.8,29.0,43.8,80.8,145.2,239.4,353.0,435.4,515.6,63,36.041111111111114,32.08555555555555,3.955555555555555,0.0,82.19999999999999,False,True,True,True
gru_negbin,dengue,3,AL,2024-12-22,27,2024-06-16,21.4,30.8,45.8,83.2,148.6,245.0,362.4,447.2,530.4,61,38.14555555555555,33.21222222222222,4.933333333333334,0.0,87.6,False,True,True,True
gru_negbin,dengue,3,AL,2024-12-29,28,2024-06-16,23.2,33.4,48.2,86.2,153.4,253.6,376.0,465.8,553.0,69,37.532222222222224,33.71,3.822222222222223,0.0,84.4,False,True,True,True
gru_negbin,dengue,3,AL,2025-01-05,29,2024-06-16,25.8,35.6,51.4,89.8,158.4,260.8,387.2,479.4,570.0,74,37.80555555555556,34.29444444444445,3.5111111111111106,0.0,84.4,False,True,True,True
gru_negbin,dengue,3,AL,2025-01-12,30,2024-06-16,28.2,38.4,54.4,93.6,163.4,268.2,398.0,492.8,585.8,60,44.43777777777777,36.97111111111111,7.466666666666665,0.0,103.4,False,True,True,True
gru_negbin,dengue,3,AL,2025-01-19,31,2024-06-16,30.2,41.2,57.4,97.4,168.4,275.4,407.0,503.6,598.2,43,55.17333333333334,39.88444444444444,15.288888888888891,0.0,125.4,False,False,True,True
gru_negbin,dengue,3,AL,2025-01-26,32,2024-06-16,32.8,44.0,61.2,103.4,177.0,286.8,421.0,519.2,615.0,62,48.67666666666666,39.47666666666666,9.200000000000001,0.0,115.0,False,True,True,True
gru_negbin,dengue,3,AL,2025-02-02,33,2024-06-16,34.2,46.0,63.6,107.4,182.2,293.2,428.0,525.4,621.2,83,43.45222222222222,38.03,5.422222222222223,0.0,99.19999999999999,False,True,True,True
gru_negbin,dengue,3,AL,2025-02-09,34,2024-06-16,35.4,47.6,66.0,110.8,188.0,301.4,438.2,537.8,635.0,80,46.48222222222222,39.63777777777777,6.844444444444444,0.0,108.0,False,True,True,True
gru_negbin,dengue,3,AL,2025-02-16,35,2024-06-16,35.8,48.2,66.4,111.8,188.6,301.4,437.0,535.6,631.6,66,51.38333333333334,41.11666666666667,10.266666666666667,0.0,122.6,False,False,True,True
gru_negbin,dengue,3,AL,2025-02-23,36,2024-06-16,34.4,46.2,64.6,108.6,183.4,291.8,422.8,517.0,609.0,65,49.40555555555556,39.71666666666667,9.688888888888888,0.0,118.4,False,True,True,True
gru_negbin,dengue,3,AL,2025-03-02,37,2024-06-16,32.2,43.4,60.8,102.6,173.0,274.0,395.2,482.4,567.0,65,45.157777777777774,36.80222222222222,8.355555555555554,0.0,108.0,False,True,True,True
gru_negbin,dengue,3,AL,2025-03-09,38,2024-06-16,29.6,40.6,57.2,97.4,164.2,260.2,374.4,456.8,536.6,82,36.09,32.66777777777778,3.4222222222222234,0.0,82.19999999999999,False,True,True,True
gru_negbin,dengue,3,AL,2025-03-16,39,2024-06-16,28.2,38.6,55.0,93.8,158.6,251.4,362.0,441.0,517.8,115,27.61333333333333,27.61333333333333,0.0,0.0,43.599999999999994,True,True,True,True
gru_negbin,dengue,3,AL,2025-03-23,40,2024-06-16,27.6,38.4,54.2,92.8,157.0,247.6,355.4,432.6,507.2,167,23.448888888888888,23.448888888888888,0.0,0.0,10.0,True,True,True,True
gru_negbin,dengue,3,AL,2025-03-30,41,2024-06-16,27.8,38.4,54.2,92.8,155.6,244.8,349.8,424.8,497.6,135,24.205555555555552,24.205555555555552,0.0,0.0,20.599999999999994,True,True,True,True
gru_negbin,dengue,3,AL,2025-04-06,42,2024-06-16,28.0,38.8,55.0,93.4,156.2,243.8,347.0,420.6,491.6,110,26.795555555555552,26.795555555555552,0.0,0.0,46.19999999999999,True,True,True,True
gru_negbin,dengue,3,AL,2025-04-13,43,2024-06-16,28.8,39.8,55.8,94.0,155.4,240.4,339.8,410.0,478.0,116,25.43111111111111,25.43111111111111,0.0,0.0,39.400000000000006,True,True,True,True
gru_negbin,dengue,3,AL,2025-04-20,44,2024-06-16,30.0,40.8,57.2,94.6,154.6,237.2,333.2,401.2,466.6,184,23.75222222222222,23.75222222222222,0.0,0.0,29.400000000000006,True,True,True,True
gru_negbin,dengue,3,AL,2025-04-27,45,2024-06-16,30.8,42.0,58.0,94.8,153.4,233.0,325.8,390.6,453.4,138,21.561111111111114,21.561111111111114,0.0,0.0,15.400000000000006,True,True,True,True
gru_negbin,dengue,3,AL,2025-05-04,46,2024-06-16,31.0,42.2,58.0,94.4,151.8,229.8,319.4,382.8,443.8,147,19.942222222222224,19.942222222222224,0.0,0.0,4.800000000000011,True,True,True,True
gru_negbin,dengue,3,AL,2025-05-11,47,2024-06-16,31.0,41.4,57.2,93.2,149.4,226.0,313.6,375.4,434.6,131,21.073333333333338,21.073333333333338,0.0,0.0,18.400000000000006,True,True,True,True
gru_negbin,dengue,3,AL,2025-05-18,48,2024-06-16,30.0,40.6,55.8,91.2,146.2,220.8,306.6,366.8,425.0,144,18.836666666666666,18.836666666666666,0.0,0.0,2.1999999999999886,True,True,True,True
gru_negbin,dengue,3,AL,2025-05-25,49,2024-06-16,28.6,39.0,54.0,88.0,141.4,214.2,297.6,356.0,412.4,156,19.70111111111111,19.70111111111111,0.0,0.0,14.599999999999994,True,True,True,True
gru_negbin,dengue,3,AL,2025-06-01,50,2024-06-16,27.4,37.0,51.4,84.2,135.8,205.6,286.2,342.8,397.4,161,20.215555555555554,20.215555555555554,0.0,0.0,25.19999999999999,True,True,True,True
gru_negbin,dengue,3,AL,2025-06-08,51,2024-06-16,26.2,35.6,49.6,81.2,131.2,199.2,277.6,332.8,386.4,192,23.681111111111115,23.681111111111115,0.0,0.0,60.80000000000001,True,True,True,True
gru_negbin,dengue,3,AL,2025-06-15,52,2024-06-16,25.0,34.4,47.8,78.2,126.6,192.6,269.0,323.0,374.6,153,19.35333333333333,19.35333333333333,0.0,0.0,26.400000000000006,True,True,True,True
gru_negbin,dengue,3,AL,2025-06-22,53,2024-06-16,23.6,32.4,45.0,73.6,119.4,181.6,253.6,304.8,353.6,219,34.873333333333335,26.56222222222222,0.0,8.311111111111112,99.6,False,True,True,True
gru_negbin,dengue,3,AL,2025-06-29,54,2024-06-16,22.4,30.4,42.2,69.2,112.2,171.0,238.8,286.6,332.8,276,64.39555555555555,32.79555555555556,0.0,31.599999999999998,163.8,False,False,True,True
gru_negbin,dengue,3,AL,2025-07-06,55,2024-06-16,21.0,28.2,39.4,64.4,104.8,160.2,224.2,269.0,312.8,272,68.43666666666667,32.30333333333333,0.0,36.13333333333334,167.2,False,False,False,True
gru_negbin,dengue,3,AL,2025-07-13,56,2024-06-16,19.4,26.2,36.6,60.2,97.8,149.4,209.6,251.8,292.6,269,75.44666666666666,31.846666666666668,0.0,43.599999999999994,171.2,False,False,False,True
gru_negbin,dengue,3,AL,2025-07-20,57,2024-06-16,17.8,24.2,34.2,55.8,91.4,140.0,196.6,236.4,274.8,242,62.80555555555556,28.805555555555557,0.0,34.0,150.6,False,False,False,True
gru_negbin,dengue,3,AL,2025-07-27,58,2024-06-16,16.2,22.2,31.2,51.8,85.0,130.8,183.6,221.4,257.2,311,136.66111111111113,36.4388888888889,0.0,100.22222222222223,226.0,False,False,False,False
gru_negbin,dengue,3,AL,2025-08-03,59,2024-06-16,14.8,20.2,28.6,47.8,78.6,121.4,170.8,206.0,240.0,371,208.78666666666666,43.05333333333333,0.0,165.73333333333332,292.4,False,False,False,False
gru_negbin,dengue,3,AL,2025-08-10,60,2024-06-16,13.4,18.6,26.2,44.0,73.0,113.0,159.6,192.8,224.4,448,296.5055555555556,51.57222222222222,0.0,244.93333333333328,375.0,False,False,False,False
gru_negbin,dengue,3,AL,2025-08-17,61,2024-06-16,12.2,17.0,24.0,40.8,67.6,105.2,149.0,180.4,210.4,392,250.42777777777778,45.31666666666666,0.0,205.11111111111111,324.4,False,False,False,False
gru_negbin,dengue,3,AL,2025-08-24,62,2024-06-16,11.4,15.8,22.4,38.0,63.6,99.2,140.6,170.2,198.6,323,189.4711111111111,37.60444444444445,0.0,151.86666666666667,259.4,False,False,False,False
gru_negbin,dengue,3,AL,2025-08-31,63,2024-06-16,10.8,14.8,21.2,36.0,60.6,94.6,134.8,163.2,190.6,260,132.09444444444443,30.583333333333332,0.0,101.51111111111112,199.4,False,False,False,False
gru_negbin,dengue,3,AL,2025-09-07,64,2024-06-16,9.8,13.6,19.6,33.6,57.4,89.8,128.6,156.0,182.8,233,110.88777777777779,27.598888888888887,0.0,83.28888888888889,175.6,False,False,False,False
gru_negbin,dengue,3,AL,2025-09-14,65,2024-06-16,9.2,12.8,18.8,32.2,55.0,87.2,124.8,152.0,178.0,306,187.34,35.784444444444446,0.0,151.55555555555554,251.0,False,False,False,False
gru_negbin,dengue,3,AL,2025-09-21,66,2024-06-16,8.2,11.6,17.2,30.6,52.6,84.4,121.6,148.2,174.2,324,208.48222222222225,37.90444444444444,0.0,170.57777777777775,271.4,False,False,False,False
gru_negbin,dengue,3,AL,2025-09-28,67,2024-06-16,7.6,11.0,16.2,28.8,50.0,81.0,117.6,143.8,169.8,263,151.15222222222224,31.196666666666665,0.0,119.95555555555555,213.0,False,False,False,False
gru_negbin,dengue,3,AM,2024-10-06,16,2024-06-16,21.8,24.8,29.2,37.4,47.8,60.0,72.6,80.6,88.2,87,18.186666666666667,7.564444444444444,0.0,10.622222222222225,39.2,False,False,False,True
gru_negbin,dengue,3,AM,2024-10-13,17,2024-06-16,21.0,24.4,29.0,37.2,48.2,60.6,73.4,82.2,89.8,77,10.955555555555554,6.511111111111111,0.0,4.444444444444443,28.799999999999997,False,False,True,True
gru_negbin,dengue,3,AM,2024-10-20,18,2024-06-16,20.6,24.0,28.6,37.0,48.2,61.8,75.4,84.4,92.6,92,20.444444444444443,8.355555555555556,0.0,12.088888888888887,43.8,False,False,False,True
gru_negbin,dengue,3,AM,2024-10-27,19,2024-06-16,20.2,23.8,28.2,37.2,49.0,63.0,77.4,87.2,96.0,122,48.29666666666667,11.763333333333335,0.0,36.53333333333333,73.0,False,False,False,False
gru_negbin,dengue,3,AM,2024-11-03,20,2024-06-16,20.0,23.4,28.4,37.8,50.2,65.2,80.8,90.8,100.6,89,15.305555555555555,8.194444444444445,0.0,7.111111111111111,38.8,False,False,True,True
gru_negbin,dengue,3,AM,2024-11-10,21,2024-06-16,19.6,23.4,28.6,38.6,51.8,67.6,84.4,95.6,105.8,70,6.687777777777779,6.154444444444445,0.0,0.5333333333333345,18.200000000000003,False,True,True,True
gru_negbin,dengue,3,AM,2024-11-17,22,2024-06-16,19.8,23.4,28.6,39.0,53.0,70.0,88.0,99.8,111.0,132,48.553333333333335,13.175555555555555,0.0,35.37777777777777,79.0,False,False,False,False
gru_negbin,dengue,3,AM,2024-11-24,23,2024-06-16,19.2,23.6,29.0,39.6,54.6,72.6,92.0,104.8,116.8,96,15.366666666666667,9.277777777777777,0.0,6.08888888888889,41.4,False,False,True,True
gru_negbin,dengue,3,AM,2024-12-01,24,2024-06-16,19.4,23.8,29.8,41.2,57.2,76.6,97.4,111.8,124.6,141,48.47555555555555,14.34222222222222,0.0,34.13333333333333,83.8,False,False,False,False
gru_negbin,dengue,3,AM,2024-12-08,25,2024-06-16,20.2,24.8,31.0,43.2,60.6,81.8,104.4,119.6,134.0,128,30.327777777777783,12.949999999999998,0.0,17.37777777777778,67.4,False,False,False,True
gru_negbin,dengue,3,AM,2024-12-15,26,2024-06-16,21.6,26.6,33.0,46.4,64.8,87.6,112.0,128.6,144.2,102,13.192222222222224,9.992222222222223,0.0,3.200000000000001,37.2,False,True,True,True
gru_negbin,dengue,3,AM,2024-12-22,27,2024-06-16,23.6,29.0,35.8,50.0,69.8,94.0,120.2,137.8,154.2,108,13.61,10.498888888888889,0.0,3.111111111111111,38.2,False,True,True,True
gru_negbin,dengue,3,AM,2024-12-29,28,2024-06-16,26.4,32.0,39.6,54.8,76.2,101.8,129.2,147.8,165.2,145,27.415555555555557,14.304444444444446,0.0,13.111111111111114,68.8,False,False,True,True
gru_negbin,dengue,3,AM,2025-01-05,29,2024-06-16,30.2,36.4,44.6,61.0,83.4,110.8,139.8,159.4,177.8,159,30.446666666666665,15.468888888888886,0.0,14.977777777777776,75.6,False,False,True,True
gru_negbin,dengue,3,AM,2025-01-12,30,2024-06-16,35.6,42.4,51.4,69.2,93.4,122.2,153.0,173.6,192.4,169,29.88666666666667,15.931111111111111,0.0,13.955555555555556,75.6,False,False,True,True
gru_negbin,dengue,3,AM,2025-01-19,31,2024-06-16,42.2,49.6,59.4,78.4,104.2,134.2,166.6,187.8,207.4,189,34.78,17.357777777777777,0.0,17.422222222222224,84.8,False,False,False,True
gru_negbin,dengue,3,AM,2025-01-26,32,2024-06-16,48.8,57.0,67.2,87.4,114.4,146.2,179.0,200.8,221.0,171,20.105555555555558,14.594444444444443,0.0,5.511111111111114,56.599999999999994,False,True,True,True
gru_negbin,dengue,3,AM,2025-02-02,33,2024-06-16,55.0,63.6,75.0,96.2,123.6,156.6,190.0,212.2,232.8,175,18.35,14.261111111111111,0.0,4.08888888888889,51.400000000000006,False,True,True,True
gru_negbin,dengue,3,AM,2025-02-09,34,2024-06-16,60.4,69.4,80.6,102.2,130.6,163.0,196.6,218.6,239.2,204,27.517777777777777,16.76222222222222,0.0,10.755555555555556,73.4,False,False,True,True
gru_negbin,dengue,3,AM,2025-02-16,35,2024-06-16,63.8,72.6,84.2,105.4,133.0,165.4,198.4,219.8,239.6,189,19.950000000000003,14.705555555555557,0.0,5.244444444444444,56.0,False,True,True,True
gru_negbin,dengue,3,AM,2025-02-23,36,2024-06-16,65.2,74.2,85.0,106.0,133.0,164.2,195.8,216.4,235.4,173,14.621111111111114,12.665555555555555,0.0,1.9555555555555582,40.0,False,True,True,True
gru_negbin,dengue,3,AM,2025-03-02,37,2024-06-16,65.6,74.2,85.0,105.4,131.0,161.4,191.6,211.6,229.8,216,35.896666666666675,17.363333333333333,0.0,18.533333333333335,85.0,False,False,False,True
gru_negbin,dengue,3,AM,2025-03-09,38,2024-06-16,64.4,72.6,82.6,102.0,126.8,155.2,184.0,202.8,220.0,266,90.09777777777776,22.986666666666665,0.0,67.11111111111111,139.2,False,False,False,False
gru_negbin,dengue,3,AM,2025-03-16,39,2024-06-16,62.2,70.2,80.0,98.2,121.6,148.6,175.8,193.4,209.6,174,18.583333333333332,12.938888888888888,0.0,5.644444444444446,52.400000000000006,False,True,True,True
gru_negbin,dengue,3,AM,2025-03-23,40,2024-06-16,60.8,68.6,77.8,95.6,118.4,143.8,169.8,186.6,202.0,206,43.617777777777775,16.55111111111111,0.0,27.066666666666663,87.6,False,False,False,False
gru_negbin,dengue,3,AM,2025-03-30,41,2024-06-16,60.0,67.4,76.4,93.8,115.2,139.8,164.6,180.6,195.2,205,47.56888888888889,16.50222222222222,0.0,31.06666666666667,89.8,False,False,False,False
gru_negbin,dengue,3,AM,2025-04-06,42,2024-06-16,58.6,65.6,74.6,90.6,111.2,134.4,158.0,173.0,186.6,164,19.968888888888888,12.057777777777778,0.0,7.91111111111111,52.8,False,False,True,True
gru_negbin,dengue,3,AM,2025-04-13,43,2024-06-16,56.6,63.0,71.4,87.0,106.2,128.4,150.4,164.6,177.8,130,8.857777777777777,8.502222222222223,0.0,0.3555555555555543,23.799999999999997,False,True,True,True
gru_negbin,dengue,3,AM,2025-04-20,44,2024-06-16,53.6,59.8,67.8,82.2,100.8,121.4,142.4,155.8,168.2,132,11.36111111111111,9.005555555555555,0.0,2.3555555555555543,31.200000000000003,False,True,True,True
gru_negbin,dengue,3,AM,2025-04-27,45,2024-06-16,50.6,56.4,63.8,77.4,94.6,114.0,133.6,146.2,157.8,114,7.333333333333333,7.333333333333333,0.0,0.0,19.400000000000006,True,True,True,True
gru_negbin,dengue,3,AM,2025-05-04,46,2024-06-16,47.2,52.6,59.4,72.4,88.8,106.8,124.8,136.6,147.6,133,17.41111111111111,9.766666666666667,0.0,7.644444444444446,44.2,False,False,True,True
gru_negbin,dengue,3,AM,2025-05-11,47,2024-06-16,43.4,48.4,54.8,66.8,81.4,98.2,114.8,125.6,135.6,101,7.2477777777777765,6.625555555555556,0.0,0.6222222222222216,19.599999999999994,False,True,True,True
gru_negbin,dengue,3,AM,2025-05-18,48,2024-06-16,39.6,44.6,50.4,61.0,75.0,90.2,105.6,115.8,124.8,97,8.068888888888887,6.557777777777778,0.0,1.5111111111111104,22.0,False,True,True,True
gru_negbin,dengue,3,AM,2025-05-25,49,2024-06-16,36.6,40.8,46.4,56.4,68.8,83.6,97.4,106.4,114.8,75,4.496666666666667,4.496666666666667,0.0,0.0,6.200000000000003,True,True,True,True
gru_negbin,dengue,3,AM,2025-06-01,50,2024-06-16,33.8,37.8,43.0,52.2,64.0,77.2,90.6,99.2,106.8,72,4.423333333333334,4.423333333333334,0.0,0.0,8.0,True,True,True,True
gru_negbin,dengue,3,AM,2025-06-08,51,2024-06-16,31.2,35.0,39.8,48.6,59.6,72.0,84.6,92.4,99.6,59,3.38,3.38,0.0,0.0,0.6000000000000014,True,True,True,True
gru_negbin,dengue,3,AM,2025-06-15,52,2024-06-16,29.6,33.2,38.0,46.4,56.6,68.4,80.2,87.8,94.8,61,3.617777777777778,3.617777777777778,0.0,0.0,4.399999999999999,True,True,True,True
gru_negbin,dengue,3,AM,2025-06-22,53,2024-06-16,29.0,32.6,36.8,44.8,55.0,66.2,77.6,84.8,91.6,51,3.467777777777778,3.467777777777778,0.0,0.0,4.0,True,True,True,True
gru_negbin,dengue,3,AM,2025-06-29,54,2024-06-16,28.4,32.0,36.2,44.0,53.6,64.8,75.4,82.8,89.2,52,3.106666666666667,3.106666666666667,0.0,0.0,1.6000000000000014,True,True,True,True
gru_negbin,dengue,3,AM,2025-07-06,55,2024-06-16,28.0,31.6,35.6,43.4,52.8,63.4,74.2,81.0,87.2,59,3.535555555555556,3.535555555555556,0.0,0.0,6.200000000000003,True,True,True,True
gru_negbin,dengue,3,AM,2025-07-13,56,2024-06-16,28.0,31.2,35.2,42.4,51.8,62.2,72.2,78.8,84.8,62,3.900000000000001,3.900000000000001,0.0,0.0,10.200000000000003,True,True,True,True
gru_negbin,dengue,3,AM,2025-07-20,57,2024-06-16,27.6,30.6,35.0,42.0,51.4,61.6,71.6,77.8,84.0,63,4.34,4.028888888888889,0.0,0.3111111111111108,11.600000000000001,False,True,True,True
gru_negbin,dengue,3,AM,2025-07-27,58,2024-06-16,27.2,30.4,34.2,41.6,50.6,60.8,70.6,77.2,82.8,55,3.193333333333333,3.193333333333333,0.0,0.0,4.399999999999999,True,True,True,True
gru_negbin,dengue,3,AM,2025-08-03,59,2024-06-16,26.8,29.8,34.0,40.8,50.0,59.8,70.2,76.6,82.2,42,3.576666666666666,3.576666666666666,0.0,0.0,8.0,True,True,True,True
gru_negbin,dengue,3,AM,2025-08-10,60,2024-06-16,26.0,29.0,33.0,40.2,49.2,59.4,69.8,76.4,82.4,53,3.146666666666666,3.146666666666666,0.0,0.0,3.799999999999997,True,True,True,True
gru_negbin,dengue,3,AM,2025-08-17,61,2024-06-16,25.0,28.2,32.2,39.4,48.8,59.0,69.6,76.4,82.6,45,3.1977777777777776,3.1977777777777776,0.0,0.0,3.799999999999997,True,True,True,True
gru_negbin,dengue,3,AM,2025-08-24,62,2024-06-16,24.0,27.0,31.0,38.4,48.0,58.6,69.4,76.0,82.4,58,3.9555555555555557,3.9555555555555557,0.0,0.0,10.0,True,True,True,True
gru_negbin,dengue,3,AM,2025-08-31,63,2024-06-16,22.8,26.0,30.0,37.6,47.0,58.4,69.6,76.6,83.2,50,3.2666666666666666,3.2666666666666666,0.0,0.0,3.0,True,True,True,True
gru_negbin,dengue,3,AM,2025-09-07,64,2024-06-16,22.0,25.2,29.2,37.0,47.0,58.0,69.8,77.6,84.2,74,10.485555555555555,5.996666666666666,0.0,4.48888888888889,27.0,False,False,True,True
gru_negbin,dengue,3,AM,2025-09-14,65,2024-06-16,21.4,24.4,28.6,36.6,46.2,58.2,70.0,78.0,85.2,83,16.669999999999998,7.158888888888888,0.0,9.511111111111111,36.8,False,False,False,True
gru_negbin,dengue,3,AM,2025-09-21,66,2024-06-16,20.4,23.8,28.0,36.0,46.0,58.2,70.4,78.4,85.8,53,3.923333333333334,3.923333333333334,0.0,0.0,7.0,True,True,True,True
gru_negbin,dengue,3,AM,2025-09-28,67,2024-06-16,20.0,23.2,27.4,35.6,45.8,58.0,70.6,78.8,86.4,72,9.524444444444448,6.102222222222222,0.0,3.4222222222222234,26.200000000000003,False,False,True,True
gru_negbin,dengue,3,AP,2024-10-06,16,2024-06-16,11.0,14.6,19.4,29.8,46.0,66.6,89.6,105.6,120.8,74,9.981111111111112,8.336666666666666,0.0,1.6444444444444457,28.0,False,True,True,True
gru_negbin,dengue,3,AP,2024-10-13,17,2024-06-16,10.2,13.6,18.6,29.4,45.6,66.8,91.2,107.8,123.6,70,8.79,8.078888888888889,0.0,0.7111111111111117,24.4,False,True,True,True
gru_negbin,dengue,3,AP,2024-10-20,18,2024-06-16,9.6,12.6,17.6,28.2,44.0,65.6,89.6,106.4,122.4,56,6.68,6.68,0.0,0.0,12.0,True,True,True,True
gru_negbin,dengue,3,AP,2024-10-27,19,2024-06-16,8.6,11.8,16.4,27.0,43.2,64.4,88.8,106.0,122.4,56,6.7877777777777775,6.7877777777777775,0.0,0.0,12.799999999999997,True,True,True,True
gru_negbin,dengue,3,AP,2024-11-03,20,2024-06-16,8.2,11.4,16.0,26.6,42.4,64.2,89.0,106.8,123.2,29,6.898888888888889,6.898888888888889,0.0,0.0,13.399999999999999,True,True,True,True
gru_negbin,dengue,3,AP,2024-11-10,21,2024-06-16,7.6,11.2,15.6,26.4,43.0,65.8,91.4,109.6,127.0,47,6.0744444444444445,6.0744444444444445,0.0,0.0,4.0,True,True,True,True
gru_negbin,dengue,3,AP,2024-11-17,22,2024-06-16,7.6,10.6,15.6,26.8,44.4,68.4,96.4,115.8,134.6,31,7.470000000000001,7.470000000000001,0.0,0.0,13.399999999999999,True,True,True,True
gru_negbin,dengue,3,AP,2024-11-24,23,2024-06-16,7.8,11.0,16.0,27.8,47.0,73.0,102.8,124.4,145.0,22,10.52888888888889,9.24,1.288888888888889,0.0,25.0,False,True,True,True
gru_negbin,dengue,3,AP,2024-12-01,24,2024-06-16,8.0,11.8,17.2,30.0,50.6,78.8,111.6,134.8,157.0,26,10.625555555555556,9.736666666666666,0.8888888888888888,0.0,24.6,False,True,True,True
gru_negbin,dengue,3,AP,2024-12-08,25,2024-06-16,9.0,12.8,19.0,32.8,55.2,86.2,121.8,147.2,171.6,21,14.07,11.44777777777778,2.622222222222222,0.0,34.2,False,True,True,True
gru_negbin,dengue,3,AP,2024-12-15,26,2024-06-16,10.2,14.4,21.0,36.6,61.2,95.0,134.2,161.8,188.2,26,14.653333333333336,12.297777777777776,2.355555555555556,0.0,35.2,False,True,True,True
gru_negbin,dengue,3,AP,2024-12-22,27,2024-06-16,11.6,16.8,24.2,41.4,68.6,105.6,148.4,178.4,207.0,37,13.696666666666665,12.71888888888889,0.9777777777777774,0.0,31.599999999999994,False,True,True,True
gru_negbin,dengue,3,AP,2024-12-29,28,2024-06-16,14.4,20.0,28.4,47.4,77.2,117.8,163.4,195.8,226.8,45,14.155555555555555,13.622222222222224,0.533333333333333,0.0,32.2,False,True,True,True
gru_negbin,dengue,3,AP,2025-01-05,29,2024-06-16,17.2,23.8,33.6,54.8,87.4,131.0,180.8,215.2,248.2,93,11.536666666666665,11.536666666666665,0.0,0.0,5.599999999999994,True,True,True,True
gru_negbin,dengue,3,AP,2025-01-12,30,2024-06-16,21.6,29.0,39.4,63.0,98.4,145.0,197.6,234.0,269.0,86,13.101111111111111,13.101111111111111,0.0,0.0,12.400000000000006,True,True,True,True
gru_negbin,dengue,3,AP,2025-01-19,31,2024-06-16,26.2,34.4,46.2,71.8,110.0,159.4,215.0,253.6,290.0,106,12.963333333333333,12.963333333333333,0.0,0.0,4.0,True,True,True,True
gru_negbin,dengue,3,AP,2025-01-26,32,2024-06-16,30.6,39.6,52.6,79.8,120.0,171.8,229.4,269.0,306.2,137,15.00888888888889,15.00888888888889,0.0,0.0,17.0,True,True,True,True
gru_negbin,dengue,3,AP,2025-02-02,33,2024-06-16,34.4,44.2,57.4,85.8,127.6,180.6,239.2,279.0,317.0,131,13.863333333333333,13.863333333333333,0.0,0.0,3.4000000000000057,True,True,True,True
gru_negbin,dengue,3,AP,2025-02-09,34,2024-06-16,36.8,47.0,60.4,89.6,131.6,185.0,243.4,283.2,320.8,121,14.746666666666666,14.746666666666666,0.0,0.0,10.599999999999994,True,True,True,True
gru_negbin,dengue,3,AP,2025-02-16,35,2024-06-16,39.0,49.0,62.8,92.0,134.2,187.0,244.6,284.0,321.2,137,13.80777777777778,13.80777777777778,0.0,0.0,2.8000000000000114,True,True,True,True
gru_negbin,dengue,3,AP,2025-02-23,36,2024-06-16,39.6,50.0,63.6,92.4,133.6,185.4,241.4,279.6,316.0,89,18.91555555555556,18.160000000000004,0.7555555555555569,0.0,44.599999999999994,False,True,True,True
gru_negbin,dengue,3,AP,2025-03-02,37,2024-06-16,39.8,49.4,62.8,91.0,130.8,181.0,235.4,272.8,307.4,82,20.22666666666667,18.22666666666667,2.0,0.0,48.80000000000001,False,True,True,True
gru_negbin,dengue,3,AP,2025-03-09,38,2024-06-16,38.6,48.0,61.4,88.4,126.4,174.2,226.4,261.4,294.8,69,22.91666666666667,18.605555555555554,4.311111111111113,0.0,57.400000000000006,False,True,True,True
gru_negbin,dengue,3,AP,2025-03-16,39,2024-06-16,36.6,45.8,58.0,83.2,118.8,163.4,212.0,245.0,275.8,78,17.10888888888889,15.953333333333335,1.1555555555555561,0.0,40.8,False,True,True,True
gru_negbin,dengue,3,AP,2025-03-23,40,2024-06-16,34.2,42.8,54.2,77.6,110.8,152.2,197.4,227.8,256.8,65,18.507777777777775,15.707777777777778,2.799999999999999,0.0,45.8,False,True,True,True
gru_negbin,dengue,3,AP,2025-03-30,41,2024-06-16,32.4,40.4,51.0,73.2,104.4,143.8,185.8,215.2,242.0,58,18.557777777777783,15.18,3.377777777777778,0.0,46.400000000000006,False,True,True,True
gru_negbin,dengue,3,AP,2025-04-06,42,2024-06-16,29.8,37.4,47.2,68.0,96.8,133.2,172.6,199.4,224.6,48,19.157777777777778,14.713333333333331,4.444444444444445,0.0,48.8,False,True,True,True
gru_negbin,dengue,3,AP,2025-04-13,43,2024-06-16,27.2,33.6,42.6,61.4,87.6,120.8,157.0,181.6,204.2,56,13.181111111111111,11.981111111111112,1.1999999999999997,0.0,31.599999999999994,False,True,True,True
gru_negbin,dengue,3,AP,2025-04-20,44,2024-06-16,24.4,30.4,38.4,55.2,79.2,109.2,141.6,163.6,184.6,42,14.730000000000002,11.796666666666667,2.933333333333334,0.0,37.2,False,True,True,True
gru_negbin,dengue,3,AP,2025-04-27,45,2024-06-16,21.8,27.2,34.6,49.8,71.4,98.4,127.4,147.4,166.0,48,9.898888888888889,9.49888888888889,0.39999999999999936,0.0,23.400000000000006,False,True,True,True
gru_negbin,dengue,3,AP,2025-05-04,46,2024-06-16,19.6,24.4,31.0,45.0,64.2,88.6,115.2,133.2,150.2,55,7.25,7.25,0.0,0.0,9.200000000000003,True,True,True,True
gru_negbin,dengue,3,AP,2025-05-11,47,2024-06-16,17.4,21.8,27.8,40.2,57.8,80.0,103.8,120.0,135.2,69,6.890000000000001,6.890000000000001,0.0,0.0,11.200000000000003,True,True,True,True
gru_negbin,dengue,3,AP,2025-05-18,48,2024-06-16,15.4,19.4,24.6,35.8,51.8,71.6,93.2,108.0,121.6,51,5.176666666666666,5.176666666666666,0.0,0.0,0.7999999999999972,True,True,True,True
gru_negbin,dengue,3,AP,2025-05-25,49,2024-06-16,13.2,16.6,21.8,31.4,45.6,63.4,82.8,95.8,108.2,46,4.585555555555555,4.585555555555555,0.0,0.0,0.3999999999999986,True,True,True,True
gru_negbin,dengue,3,AP,2025-06-01,50,2024-06-16,11.8,14.8,19.0,28.2,40.6,56.4,73.8,85.4,96.4,74,11.705555555555556,7.75,0.0,3.9555555555555566,33.4,False,False,True,True
gru_negbin,dengue,3,AP,2025-06-08,51,2024-06-16,10.4,13.4,17.2,25.2,36.6,51.0,66.4,77.0,87.0,31,4.2811111111111115,4.2811111111111115,0.0,0.0,5.600000000000001,True,True,True,True
gru_negbin,dengue,3,AP,2025-06-15,52,2024-06-16,9.4,12.0,15.6,22.8,33.2,46.6,61.0,70.4,79.6,42,4.347777777777777,4.347777777777777,0.0,0.0,8.799999999999997,True,True,True,True
gru_negbin,dengue,3,AP,2025-06-22,53,2024-06-16,8.4,10.8,14.0,20.8,30.6,42.6,55.2,64.2,72.4,38,3.897777777777778,3.897777777777778,0.0,0.0,7.399999999999999,True,True,True,True
gru_negbin,dengue,3,AP,2025-06-29,54,2024-06-16,7.4,9.8,13.0,19.2,27.8,39.0,51.2,59.4,67.0,48,7.075555555555556,5.075555555555557,0.0,2.0,20.2,False,True,True,True
gru_negbin,dengue,3,AP,2025-07-06,55,2024-06-16,7.0,9.0,12.0,18.0,26.6,37.0,48.4,56.0,63.4,35,3.633333333333333,3.633333333333333,0.0,0.0,8.399999999999999,True,True,True,True
gru_negbin,dengue,3,AP,2025-07-13,56,2024-06-16,6.6,8.6,11.2,16.8,25.0,35.0,46.2,53.6,60.8,34,3.5900000000000003,3.5900000000000003,0.0,0.0,9.0,True,True,True,True
gru_negbin,dengue,3,AP,2025-07-20,57,2024-06-16,6.0,8.0,10.6,16.4,24.0,34.2,45.0,52.2,59.2,45,7.2733333333333325,4.873333333333334,0.0,2.3999999999999995,21.0,False,True,True,True
gru_negbin,dengue,3,AP,2025-07-27,58,2024-06-16,5.8,7.6,10.2,15.8,23.6,33.6,44.4,51.8,59.0,43,6.7799999999999985,4.69111111111111,0.0,2.0888888888888886,19.4,False,True,True,True
gru_negbin,dengue,3,AP,2025-08-03,59,2024-06-16,5.6,7.2,9.8,15.0,23.0,33.2,44.2,52.0,58.8,47,8.924444444444443,5.235555555555556,0.0,3.6888888888888878,24.0,False,False,True,True
gru_negbin,dengue,3,AP,2025-08-10,60,2024-06-16,5.2,7.0,9.4,14.8,22.6,32.8,43.6,51.6,58.8,48,9.731111111111112,5.375555555555555,0.0,4.355555555555556,25.4,False,False,True,True
gru_negbin,dengue,3,AP,2025-08-17,61,2024-06-16,4.4,6.2,8.6,14.0,21.8,32.2,43.6,51.4,58.8,48,9.993333333333332,5.504444444444443,0.0,4.488888888888888,26.2,False,False,True,True
gru_negbin,dengue,3,AP,2025-08-24,62,2024-06-16,4.4,6.0,8.6,13.6,21.6,32.0,43.2,51.4,58.8,27,3.1977777777777776,3.1977777777777776,0.0,0.0,5.399999999999999,True,True,True,True
gru_negbin,dengue,3,AP,2025-08-31,63,2024-06-16,4.2,5.8,7.8,13.2,21.2,31.8,43.2,51.6,59.4,29,3.502222222222222,3.502222222222222,0.0,0.0,7.800000000000001,True,True,True,True
gru_negbin,dengue,3,AP,2025-09-07,64,2024-06-16,4.0,5.6,7.8,13.0,21.0,31.6,43.4,51.2,59.4,37,5.616666666666665,4.416666666666668,0.0,1.1999999999999997,16.0,False,True,True,True
gru_negbin,dengue,3,AP,2025-09-14,65,2024-06-16,3.6,5.2,7.4,12.6,20.2,30.6,42.2,50.4,58.2,35,5.201111111111111,4.223333333333333,0.0,0.9777777777777774,14.8,False,True,True,True
gru_negbin,dengue,3,AP,2025-09-21,66,2024-06-16,3.2,5.2,7.4,12.0,19.8,30.0,41.2,48.8,56.6,23,2.887777777777778,2.887777777777778,0.0,0.0,3.1999999999999993,True,True,True,True
gru_negbin,dengue,3,AP,2025-09-28,67,2024-06-16,3.2,4.8,6.8,11.8,19.0,28.8,40.0,48.0,55.2,24,3.006666666666667,3.006666666666667,0.0,0.0,5.0,True,True,True,True
gru_negbin,dengue,3,BA,2024-10-06,16,2024-06-16,80.2,94.2,112.8,149.2,198.8,258.2,320.8,362.8,402.0,278,28.650000000000002,24.249999999999996,0.0,4.400000000000002,79.19999999999999,False,True,True,True
gru_negbin,dengue,3,BA,2024-10-13,17,2024-06-16,78.0,92.2,111.0,148.4,199.4,261.0,326.6,370.6,411.4,310,39.169999999999995,28.281111111111112,0.0,10.88888888888889,110.6,False,True,True,True
gru_negbin,dengue,3,BA,2024-10-20,18,2024-06-16,75.6,90.0,109.4,147.8,201.2,266.4,335.8,382.4,426.4,291,32.26222222222223,26.795555555555556,0.0,5.466666666666672,89.80000000000001,False,True,True,True
gru_negbin,dengue,3,BA,2024-10-27,19,2024-06-16,72.8,88.0,108.0,148.4,205.4,275.6,350.8,402.0,449.4,307,36.309999999999995,29.332222222222224,0.0,6.9777777777777725,101.6,False,True,True,True
gru_negbin,dengue,3,BA,2024-11-03,20,2024-06-16,69.4,85.0,106.0,149.0,209.8,285.6,367.6,423.4,475.8,331,42.975555555555545,32.88666666666666,0.0,10.088888888888883,121.19999999999999,False,True,True,True
gru_negbin,dengue,3,BA,2024-11-10,21,2024-06-16,67.8,84.0,105.6,151.0,216.0,297.4,386.4,447.2,504.4,306,32.74555555555556,30.834444444444443,0.0,1.911111111111116,90.0,False,True,True,True
gru_negbin,dengue,3,BA,2024-11-17,22,2024-06-16,66.0,83.0,105.6,153.4,222.6,310.0,405.6,471.0,533.2,366,50.65111111111112,38.20666666666667,0.0,12.444444444444445,143.4,False,True,True,True
gru_negbin,dengue,3,BA,2024-11-24,23,2024-06-16,64.2,81.2,105.0,154.8,227.2,320.2,422.2,492.4,558.6,412,64.48666666666666,44.08666666666667,0.0,20.400000000000002,184.8,False,True,True,True
gru_negbin,dengue,3,BA,2024-12-01,24,2024-06-16,63.4,81.4,106.2,159.0,237.0,337.2,448.0,524.8,597.4,434,68.7888888888889,47.277777777777786,0.0,21.511111111111113,197.0,False,True,True,True
gru_negbin,dengue,3,BA,2024-12-08,25,2024-06-16,65.4,84.6,111.0,168.8,254.0,364.4,487.2,571.8,652.2,451,69.03333333333335,49.788888888888884,0.0,19.24444444444445,197.0,False,True,True,True
gru_negbin,dengue,3,BA,2024-12-15,26,2024-06-16,69.6,90.4,119.6,182.4,275.8,397.2,532.6,626.0,715.2,435,56.73777777777778,48.337777777777774,0.0,8.400000000000002,159.2,False,True,True,True
gru_negbin,dengue,3,BA,2024-12-22,27,2024-06-16,76.2,99.4,131.4,201.0,304.8,440.4,591.2,695.6,794.6,364,40.71111111111111,40.71111111111111,0.0,0.0,59.19999999999999,True,True,True,True
gru_negbin,dengue,3,BA,2024-12-29,28,2024-06-16,85.4,111.0,147.0,225.4,342.2,494.2,664.4,782.0,893.8,474,53.02222222222221,53.02222222222221,0.0,0.0,131.8,True,True,True,True
gru_negbin,dengue,3,BA,2025-01-05,29,2024-06-16,97.6,126.8,167.4,256.2,387.8,559.6,751.2,883.8,1010.0,576,67.86444444444443,64.21999999999998,0.0,3.6444444444444395,188.2,False,True,True,True
gru_negbin,dengue,3,BA,2025-01-12,30,2024-06-16,113.2,146.4,192.6,292.6,441.2,633.8,848.8,997.2,1138.0,685,87.1511111111111,75.77333333333331,0.0,11.377777777777787,243.8,False,True,True,True
gru_negbin,dengue,3,BA,2025-01-19,31,2024-06-16,131.2,168.6,220.8,332.8,498.2,711.6,948.8,1112.2,1267.6,922,147.86444444444442,101.10888888888888,0.0,46.75555555555555,423.8,False,True,True,True
gru_negbin,dengue,3,BA,2025-01-26,32,2024-06-16,152.8,195.2,254.0,379.6,564.0,801.4,1064.2,1244.8,1416.2,819,92.36333333333333,88.45222222222222,0.0,3.9111111111111163,255.0,False,True,True,True
gru_negbin,dengue,3,BA,2025-02-02,33,2024-06-16,173.2,220.4,286.2,425.4,629.8,892.2,1181.8,1380.8,1569.6,972,122.24222222222221,104.50888888888889,0.0,17.733333333333324,342.20000000000005,False,True,True,True
gru_negbin,dengue,3,BA,2025-02-09,34,2024-06-16,191.6,243.4,315.4,468.4,692.0,979.2,1296.2,1513.8,1720.2,1056,130.29222222222222,113.22555555555556,0.0,17.066666666666656,364.0,False,True,True,True
gru_negbin,dengue,3,BA,2025-02-16,35,2024-06-16,202.6,257.6,334.0,495.8,732.6,1036.2,1371.2,1601.2,1819.8,1109,134.98444444444442,118.80666666666667,0.0,16.177777777777766,376.4,False,True,True,True
gru_negbin,dengue,3,BA,2025-02-23,36,2024-06-16,206.4,262.8,341.6,508.2,752.8,1066.8,1414.0,1652.4,1878.8,917,97.84000000000002,97.84000000000002,0.0,0.0,164.20000000000005,True,True,True,True
gru_negbin,dengue,3,BA,2025-03-02,37,2024-06-16,206.4,264.2,344.2,515.2,766.4,1090.0,1447.4,1693.6,1927.2,960,103.40222222222222,103.40222222222222,0.0,0.0,193.60000000000002,True,True,True,True
gru_negbin,dengue,3,BA,2025-03-09,38,2024-06-16,203.2,260.8,341.6,514.0,768.4,1096.4,1460.2,1710.8,1948.8,1178,146.66666666666663,128.53333333333333,0.0,18.13333333333331,409.6,False,True,True,True
gru_negbin,dengue,3,BA,2025-03-16,39,2024-06-16,194.2,251.2,330.4,501.4,754.8,1083.4,1448.2,1700.2,1939.4,1183,152.67999999999995,130.54666666666665,0.0,22.13333333333331,428.20000000000005,False,True,True,True
gru_negbin,dengue,3,BA,2025-03-23,40,2024-06-16,186.0,240.8,318.2,485.2,732.8,1054.2,1412.0,1659.2,1894.4,1213,169.81333333333333,134.52444444444444,0.0,35.28888888888888,480.20000000000005,False,True,True,True
gru_negbin,dengue,3,BA,2025-03-30,41,2024-06-16,180.2,233.2,308.0,469.2,708.6,1018.6,1363.6,1602.2,1828.2,1268,195.92444444444448,140.50222222222223,0.0,55.42222222222222,559.4,False,True,True,True
gru_negbin,dengue,3,BA,2025-04-06,42,2024-06-16,172.8,223.4,294.6,447.8,675.0,968.8,1295.6,1521.0,1735.2,1127,159.66444444444446,124.50888888888888,0.0,35.155555555555566,452.0,False,True,True,True
gru_negbin,dengue,3,BA,2025-04-13,43,2024-06-16,166.6,215.0,282.4,427.4,642.2,919.8,1227.8,1440.2,1642.0,916,100.59666666666666,100.59666666666666,0.0,0.0,273.79999999999995,True,True,True,True
gru_negbin,dengue,3,BA,2025-04-20,44,2024-06-16,160.2,206.2,270.4,407.0,608.6,868.4,1156.0,1354.4,1542.4,1307,274.37222222222226,143.35,0.0,131.02222222222224,698.4,False,False,True,True
gru_negbin,dengue,3,BA,2025-04-27,45,2024-06-16,149.2,191.6,250.6,376.0,561.0,798.8,1062.2,1243.2,1415.2,1158,227.6866666666667,126.57555555555554,0.0,101.11111111111111,597.0,False,False,True,True
gru_negbin,dengue,3,BA,2025-05-04,46,2024-06-16,135.4,174.2,227.4,342.2,510.0,726.6,965.6,1130.6,1287.0,1246,339.94,136.56222222222223,0.0,203.3777777777778,736.0,False,False,False,True
gru_negbin,dengue,3,BA,2025-05-11,47,2024-06-16,121.2,156.0,204.0,307.8,460.0,656.0,873.2,1022.8,1165.0,1080,271.42333333333335,118.53444444444443,0.0,152.88888888888889,620.0,False,False,False,True
gru_negbin,dengue,3,BA,2025-05-18,48,2024-06-16,107.8,139.0,182.8,276.0,414.0,592.4,790.2,926.8,1056.2,1113,364.18666666666667,122.76444444444445,0.0,241.4222222222222,699.0,False,False,False,False
gru_negbin,dengue,3,BA,2025-05-25,49,2024-06-16,93.2,120.6,159.6,243.0,366.6,526.8,705.4,828.6,945.6,906,246.47555555555553,100.4311111111111,0.0,146.04444444444445,539.4,False,False,False,True
gru_negbin,dengue,3,BA,2025-06-01,50,2024-06-16,80.2,104.4,138.2,211.8,321.0,463.4,621.8,731.0,835.2,1005,416.0144444444444,111.88111111111111,0.0,304.1333333333334,684.0,False,False,False,False
gru_negbin,dengue,3,BA,2025-06-08,51,2024-06-16,71.8,93.0,123.0,188.0,284.6,409.6,549.0,645.2,736.8,787,266.85222222222217,87.43,0.0,179.42222222222222,502.4,False,False,False,False
gru_negbin,dengue,3,BA,2025-06-15,52,2024-06-16,64.6,83.6,110.2,167.4,251.4,361.0,482.0,565.6,645.2,494,86.77666666666667,54.55444444444444,0.0,32.22222222222222,242.6,False,False,True,True
gru_negbin,dengue,3,BA,2025-06-22,53,2024-06-16,60.2,77.2,100.4,150.0,223.0,315.8,418.8,489.4,556.0,448,84.48777777777778,48.621111111111105,0.0,35.86666666666666,225.0,False,False,True,True
gru_negbin,dengue,3,BA,2025-06-29,54,2024-06-16,56.8,71.6,92.4,136.0,198.2,277.8,365.0,424.8,481.0,506,160.0611111111111,54.41666666666667,0.0,105.64444444444445,307.8,False,False,False,False
gru_negbin,dengue,3,BA,2025-07-06,55,2024-06-16,53.6,67.4,85.2,123.0,177.2,245.0,319.2,369.6,417.0,460,157.48777777777778,48.77666666666667,0.0,108.71111111111111,282.8,False,False,False,False
gru_negbin,dengue,3,BA,2025-07-13,56,2024-06-16,51.0,63.2,79.4,112.8,159.8,218.6,281.8,324.8,365.8,448,180.60888888888888,47.05333333333332,0.0,133.55555555555554,288.2,False,False,False,False
gru_negbin,dengue,3,BA,2025-07-20,57,2024-06-16,48.8,59.6,74.2,104.2,145.6,197.4,252.6,290.2,325.4,449,209.26333333333332,46.95222222222222,0.0,162.3111111111111,303.4,False,False,False,False
gru_negbin,dengue,3,BA,2025-07-27,58,2024-06-16,47.0,56.8,70.2,96.8,133.8,179.2,227.8,260.6,291.0,383,166.8111111111111,39.388888888888886,0.0,127.42222222222222,249.2,False,False,False,False
gru_negbin,dengue,3,BA,2025-08-03,59,2024-06-16,45.2,54.2,66.4,90.4,123.4,163.6,206.4,235.0,261.8,366,170.05666666666667,37.34555555555555,0.0,132.7111111111111,242.6,False,False,False,False
gru_negbin,dengue,3,BA,2025-08-10,60,2024-06-16,43.2,51.4,62.4,84.4,113.8,149.8,187.8,213.0,236.6,355,176.71222222222224,36.09,0.0,140.6222222222222,241.2,False,False,False,False
gru_negbin,dengue,3,BA,2025-08-17,61,2024-06-16,41.4,49.2,59.2,79.0,106.2,138.2,172.4,195.2,216.4,365,201.11,37.154444444444444,0.0,163.95555555555558,258.8,False,False,False,False
gru_negbin,dengue,3,BA,2025-08-24,62,2024-06-16,39.6,47.0,56.4,75.0,99.6,129.4,160.6,181.2,200.6,381,228.36777777777777,38.989999999999995,0.0,189.37777777777777,281.4,False,False,False,False
gru_negbin,dengue,3,BA,2025-08-31,63,2024-06-16,38.4,45.4,54.2,71.4,95.0,122.6,152.0,171.4,189.6,333,188.45777777777778,33.702222222222225,0.0,154.75555555555556,238.0,False,False,False,False
gru_negbin,dengue,3,BA,2025-09-07,64,2024-06-16,36.8,43.4,52.0,68.6,91.0,117.8,145.8,164.6,181.8,321,182.30333333333334,32.525555555555556,0.0,149.77777777777777,230.0,False,False,False,False
gru_negbin,dengue,3,BA,2025-09-14,65,2024-06-16,35.4,42.2,50.4,66.6,88.2,114.2,141.8,159.8,176.8,393,258.2788888888889,40.63444444444444,0.0,217.64444444444447,304.8,False,False,False,False
gru_negbin,dengue,3,BA,2025-09-21,66,2024-06-16,34.2,40.6,48.8,64.8,86.4,112.4,139.4,157.4,174.6,309,176.4022222222222,31.468888888888884,0.0,144.9333333333333,222.6,False,False,False,False
gru_negbin,dengue,3,BA,2025-09-28,67,2024-06-16,33.4,39.6,47.6,63.4,85.0,111.0,137.8,156.2,173.2,338,206.78777777777773,34.83222222222222,0.0,171.95555555555555,253.0,False,False,False,False
gru_negbin,dengue,3,CE,2024-10-06,16,2024-06-16,28.8,32.8,38.4,48.2,61.2,76.2,91.2,101.0,110.4,60,4.073333333333334,4.073333333333334,0.0,0.0,1.2000000000000028,True,True,True,True
gru_negbin,dengue,3,CE,2024-10-13,17,2024-06-16,25.4,29.4,34.6,43.8,56.0,70.2,84.6,94.4,103.0,64,4.62,4.62,0.0,0.0,8.0,True,True,True,True
gru_negbin,dengue,3,CE,2024-10-20,18,2024-06-16,22.8,26.8,31.4,40.2,52.2,65.8,79.8,89.0,97.8,61,4.583333333333333,4.583333333333333,0.0,0.0,8.799999999999997,True,True,True,True
gru_negbin,dengue,3,CE,2024-10-27,19,2024-06-16,20.8,24.2,28.8,37.6,49.0,63.0,76.8,86.0,94.4,37,5.040000000000001,4.906666666666667,0.13333333333333364,0.0,12.0,False,True,True,True
gru_negbin,dengue,3,CE,2024-11-03,20,2024-06-16,18.6,22.0,26.6,35.2,46.6,60.2,74.4,83.8,92.4,46,3.6144444444444446,3.6144444444444446,0.0,0.0,0.6000000000000014,True,True,True,True
gru_negbin,dengue,3,CE,2024-11-10,21,2024-06-16,16.6,20.0,24.4,32.8,44.4,58.2,72.6,82.2,91.0,53,4.542222222222223,4.542222222222223,0.0,0.0,8.600000000000001,True,True,True,True
gru_negbin,dengue,3,CE,2024-11-17,22,2024-06-16,15.0,18.4,22.2,31.0,42.6,56.6,71.8,81.6,91.2,83,16.805555555555557,8.13888888888889,0.0,8.666666666666668,40.4,False,False,False,True
gru_negbin,dengue,3,CE,2024-11-24,23,2024-06-16,13.4,16.6,20.6,29.0,41.0,55.6,71.0,81.4,91.2,55,5.3055555555555545,5.3055555555555545,0.0,0.0,14.0,True,True,True,True
gru_negbin,dengue,3,CE,2024-12-01,24,2024-06-16,12.0,15.0,19.4,28.0,39.8,55.0,71.0,82.2,92.4,47,4.640000000000001,4.640000000000001,0.0,0.0,7.200000000000003,True,True,True,True
gru_negbin,dengue,3,CE,2024-12-08,25,2024-06-16,11.6,14.8,18.8,27.8,40.2,56.0,73.0,84.6,95.6,32,4.924444444444444,4.924444444444444,0.0,0.0,8.200000000000003,True,True,True,True
gru_negbin,dengue,3,CE,2024-12-15,26,2024-06-16,11.6,14.8,19.2,28.4,41.4,57.8,75.8,87.6,99.2,45,4.586666666666667,4.586666666666667,0.0,0.0,3.6000000000000014,True,True,True,True
gru_negbin,dengue,3,CE,2024-12-22,27,2024-06-16,12.2,15.8,20.8,30.6,44.6,62.2,81.6,94.6,107.0,18,10.886666666666665,7.464444444444445,3.4222222222222225,0.0,26.6,False,False,True,True
gru_negbin,dengue,3,CE,2024-12-29,28,2024-06-16,14.0,17.8,22.8,34.0,49.0,68.6,89.6,104.4,117.8,21,11.345555555555555,8.056666666666665,3.288888888888889,0.0,28.0,False,False,True,True
gru_negbin,dengue,3,CE,2025-01-05,29,2024-06-16,16.8,21.4,27.0,39.4,57.0,78.8,102.4,118.2,133.2,51,6.253333333333334,6.253333333333334,0.0,0.0,6.0,True,True,True,True
gru_negbin,dengue,3,CE,2025-01-12,30,2024-06-16,21.0,26.2,33.2,47.4,67.6,93.0,120.2,138.6,156.2,62,7.088888888888888,7.088888888888888,0.0,0.0,5.599999999999994,True,True,True,True
gru_negbin,dengue,3,CE,2025-01-19,31,2024-06-16,27.0,33.4,42.0,59.2,83.6,113.6,145.8,167.6,188.0,64,9.892222222222223,9.892222222222223,0.0,0.0,19.599999999999994,True,True,True,True
gru_negbin,dengue,3,CE,2025-01-26,32,2024-06-16,35.8,43.6,54.0,75.4,105.2,141.6,181.0,207.4,232.2,63,16.855555555555554,14.1,2.755555555555557,0.0,42.2,False,True,True,True
gru_negbin,dengue,3,CE,2025-02-02,33,2024-06-16,45.2,55.2,68.4,94.8,131.6,176.6,225.2,257.8,288.6,68,24.743333333333332,18.698888888888888,6.044444444444445,0.0,63.599999999999994,False,False,True,True
gru_negbin,dengue,3,CE,2025-02-09,34,2024-06-16,55.8,67.8,83.8,116.4,161.6,217.4,276.8,317.0,354.6,89,28.484444444444446,22.395555555555557,6.08888888888889,0.0,72.6,False,True,True,True
gru_negbin,dengue,3,CE,2025-02-16,35,2024-06-16,67.6,82.0,101.4,140.6,195.8,263.6,336.6,385.4,431.8,100,37.43222222222223,28.09888888888889,9.333333333333334,0.0,95.80000000000001,False,False,True,True
gru_negbin,dengue,3,CE,2025-02-23,36,2024-06-16,79.6,97.0,120.4,167.6,233.4,314.4,402.2,461.4,517.0,73,77.07444444444444,38.718888888888884,38.355555555555554,0.0,160.4,False,False,False,False
gru_negbin,dengue,3,CE,2025-03-02,37,2024-06-16,91.8,112.0,139.4,195.0,273.0,370.2,474.6,545.6,612.0,97,78.97888888888889,44.44555555555556,34.53333333333333,0.0,176.0,False,False,False,True
gru_negbin,dengue,3,CE,2025-03-09,38,2024-06-16,102.8,126.6,158.0,223.0,314.8,429.6,553.4,637.6,717.0,145,68.44333333333333,48.221111111111114,20.22222222222222,0.0,169.8,False,False,True,True
gru_negbin,dengue,3,CE,2025-03-16,39,2024-06-16,116.8,143.8,180.4,256.4,363.6,498.2,643.8,742.8,836.4,182,71.09555555555555,54.56222222222222,16.533333333333328,0.0,181.60000000000002,False,True,True,True
gru_negbin,dengue,3,CE,2025-03-23,40,2024-06-16,132.8,164.2,207.0,295.6,421.6,580.2,752.4,870.2,981.0,208,83.6877777777778,64.22111111111113,19.466666666666672,0.0,213.60000000000002,False,True,True,True
gru_negbin,dengue,3,CE,2025-03-30,41,2024-06-16,147.0,182.4,230.2,330.4,473.2,652.4,848.0,981.6,1107.2,220,100.76555555555554,73.96555555555557,26.799999999999994,0.0,253.2,False,False,True,True
gru_negbin,dengue,3,CE,2025-04-06,42,2024-06-16,156.4,194.4,246.2,352.8,505.6,697.8,907.2,1049.8,1184.6,220,116.13888888888889,80.80555555555556,35.333333333333336,0.0,285.6,False,False,True,True
gru_negbin,dengue,3,CE,2025-04-13,43,2024-06-16,165.0,205.4,260.0,373.8,536.6,741.2,964.8,1116.8,1260.6,210,136.08666666666667,88.57555555555557,47.51111111111111,0.0,326.6,False,False,True,True
gru_negbin,dengue,3,CE,2025-04-20,44,2024-06-16,170.2,212.0,269.6,389.0,560.2,776.2,1011.6,1173.0,1324.6,198,156.8022222222222,95.33555555555557,61.46666666666667,0.0,362.20000000000005,False,False,False,True
gru_negbin,dengue,3,CE,2025-04-27,45,2024-06-16,168.2,210.6,268.8,390.2,564.2,784.8,1025.6,1190.2,1345.8,244,129.74444444444444,91.74444444444444,38.0,0.0,320.20000000000005,False,False,True,True
gru_negbin,dengue,3,CE,2025-05-04,46,2024-06-16,165.2,207.4,265.2,386.4,561.4,783.8,1026.6,1193.2,1350.8,254,122.60444444444443,90.69333333333333,31.911111111111104,0.0,307.4,False,False,True,True
gru_negbin,dengue,3,CE,2025-05-11,47,2024-06-16,162.8,204.6,262.4,383.6,559.2,781.6,1026.2,1193.4,1351.6,271,113.72000000000001,88.69777777777779,25.022222222222226,0.0,288.20000000000005,False,True,True,True
gru_negbin,dengue,3,CE,2025-05-18,48,2024-06-16,160.4,202.2,259.4,379.6,554.0,775.6,1019.2,1185.8,1343.6,203,147.16444444444446,95.38666666666668,51.77777777777778,0.0,351.0,False,False,True,True
gru_negbin,dengue,3,CE,2025-05-25,49,2024-06-16,157.8,199.0,255.0,373.8,546.0,765.0,1005.8,1170.8,1327.0,157,178.40000000000003,98.93333333333334,79.46666666666667,0.0,389.0,False,False,False,False
gru_negbin,dengue,3,CE,2025-06-01,50,2024-06-16,154.2,194.6,249.8,366.4,536.0,752.0,989.8,1152.8,1306.8,142,186.91666666666663,98.69444444444443,88.22222222222221,0.0,394.0,False,False,False,False
gru_negbin,dengue,3,CE,2025-06-08,51,2024-06-16,149.0,187.8,241.0,353.4,516.6,724.4,952.6,1108.8,1257.0,105,212.14666666666668,98.54666666666668,113.6,0.0,411.6,False,False,False,False
gru_negbin,dengue,3,CE,2025-06-15,52,2024-06-16,143.8,180.8,232.0,338.6,493.6,691.0,906.8,1054.8,1195.2,111,192.90333333333334,92.63666666666666,100.26666666666668,0.0,382.6,False,False,False,False
gru_negbin,dengue,3,CE,2025-06-22,53,2024-06-16,136.8,172.0,220.2,321.2,466.4,650.6,852.6,990.6,1121.2,96,191.67333333333332,88.07333333333334,103.6,0.0,370.4,False,False,False,False
gru_negbin,dengue,3,CE,2025-06-29,54,2024-06-16,130.6,163.8,208.8,303.0,438.2,609.2,795.6,923.2,1043.6,130,141.40555555555557,77.80555555555556,63.60000000000001,0.0,308.2,False,False,False,False
gru_negbin,dengue,3,CE,2025-07-06,55,2024-06-16,122.8,153.6,195.4,282.2,406.8,563.6,734.6,851.0,960.8,99,153.77555555555557,74.22,79.55555555555557,0.0,307.8,False,False,False,False
gru_negbin,dengue,3,CE,2025-07-13,56,2024-06-16,115.4,143.0,180.8,258.2,368.0,505.6,654.8,756.0,851.6,102,129.04555555555555,64.73444444444445,64.3111111111111,0.0,266.0,False,False,False,False
gru_negbin,dengue,3,CE,2025-07-20,57,2024-06-16,109.0,134.0,167.0,234.8,330.2,448.2,575.6,662.0,742.8,113,98.19,54.45666666666667,43.733333333333334,0.0,217.2,False,False,False,True
gru_negbin,dengue,3,CE,2025-07-27,58,2024-06-16,103.0,124.8,154.0,212.2,293.2,392.8,499.0,570.6,637.6,123,71.64555555555555,44.534444444444446,27.111111111111107,0.0,170.2,False,False,False,True
gru_negbin,dengue,3,CE,2025-08-03,59,2024-06-16,94.6,113.2,137.8,186.4,253.2,334.4,420.6,478.4,532.2,131,48.39555555555555,34.57333333333333,13.822222222222226,0.0,122.19999999999999,False,False,True,True
gru_negbin,dengue,3,CE,2025-08-10,60,2024-06-16,85.4,101.2,122.0,162.6,217.2,283.4,353.0,399.6,443.0,127,35.07999999999999,27.168888888888887,7.91111111111111,0.0,90.19999999999999,False,True,True,True
gru_negbin,dengue,3,CE,2025-08-17,61,2024-06-16,76.6,89.6,107.0,141.2,186.8,241.4,298.6,336.4,372.2,118,27.00888888888889,21.85333333333334,5.155555555555553,0.0,68.80000000000001,False,True,True,True
gru_negbin,dengue,3,CE,2025-08-24,62,2024-06-16,67.6,78.8,94.0,122.6,161.0,206.6,254.4,286.0,315.4,68,42.55444444444444,22.243333333333332,20.31111111111111,0.0,93.0,False,False,False,True
gru_negbin,dengue,3,CE,2025-08-31,63,2024-06-16,59.2,68.8,81.6,106.4,138.8,177.8,218.4,245.2,270.0,93,18.204444444444448,15.226666666666668,2.977777777777779,0.0,45.80000000000001,False,True,True,True
gru_negbin,dengue,3,CE,2025-09-07,64,2024-06-16,51.2,60.2,71.0,92.4,120.6,154.6,189.6,212.8,234.2,86,14.07,12.647777777777776,1.4222222222222234,0.0,34.599999999999994,False,True,True,True
gru_negbin,dengue,3,CE,2025-09-14,65,2024-06-16,45.0,52.4,62.0,81.0,106.2,135.6,166.8,187.6,206.6,78,11.562222222222223,10.895555555555555,0.6666666666666666,0.0,28.200000000000003,False,True,True,True
gru_negbin,dengue,3,CE,2025-09-21,66,2024-06-16,39.6,46.0,55.0,71.6,94.0,120.4,148.0,166.4,183.2,85,7.913333333333333,7.913333333333333,0.0,0.0,9.0,True,True,True,True
gru_negbin,dengue,3,CE,2025-09-28,67,2024-06-16,35.6,42.0,49.8,65.2,85.4,109.8,134.6,151.4,166.8,59,10.617777777777778,9.24,1.3777777777777784,0.0,26.400000000000006,False,True,True,True
gru_negbin,dengue,3,DF,2024-10-06,16,2024-06-16,71.4,84.8,102.8,137.8,185.2,243.6,304.6,345.8,384.0,179,15.687777777777777,15.687777777777777,0.0,0.0,6.199999999999989,True,True,True,True
gru_negbin,dengue,3,DF,2024-10-13,17,2024-06-16,69.2,83.0,101.0,136.4,186.0,246.0,310.0,353.0,393.0,158,18.643333333333334,18.643333333333334,0.0,0.0,28.0,True,True,True,True
gru_negbin,dengue,3,DF,2024-10-20,18,2024-06-16,66.8,80.4,99.0,136.2,188.0,251.4,319.6,365.6,408.6,203,18.03666666666667,18.03666666666667,0.0,0.0,15.0,True,True,True,True
gru_negbin,dengue,3,DF,2024-10-27,19,2024-06-16,63.6,77.8,96.8,135.8,190.8,259.0,332.6,382.6,429.6,261,25.748888888888885,25.304444444444442,0.0,0.4444444444444444,70.19999999999999,False,True,True,True
gru_negbin,dengue,3,DF,2024-11-03,20,2024-06-16,60.2,74.8,94.4,135.6,195.0,269.8,351.4,407.0,460.0,325,45.78999999999999,33.52333333333333,0.0,12.266666666666664,130.0,False,True,True,True
gru_negbin,dengue,3,DF,2024-11-10,21,2024-06-16,57.0,71.8,93.0,138.0,203.8,288.4,382.0,446.4,507.2,323,42.37444444444444,34.68555555555555,0.0,7.6888888888888935,119.19999999999999,False,True,True,True
gru_negbin,dengue,3,DF,2024-11-17,22,2024-06-16,53.2,69.4,91.8,141.0,214.4,310.6,418.8,493.4,565.0,469,98.88777777777777,52.53222222222222,0.0,46.35555555555555,254.6,False,False,True,True
gru_negbin,dengue,3,DF,2024-11-24,23,2024-06-16,50.6,67.0,91.0,143.4,224.8,332.8,455.4,541.4,623.2,377,53.80555555555556,43.983333333333334,0.0,9.82222222222222,152.2,False,True,True,True
gru_negbin,dengue,3,DF,2024-12-01,24,2024-06-16,47.8,64.8,89.2,145.8,235.0,356.2,495.4,593.4,687.6,422,65.54333333333334,50.92111111111111,0.0,14.622222222222225,187.0,False,True,True,True
gru_negbin,dengue,3,DF,2024-12-08,25,2024-06-16,45.6,63.0,89.4,150.2,249.4,386.0,545.4,658.6,767.6,360,46.15111111111111,46.15111111111111,0.0,0.0,110.6,True,True,True,True
gru_negbin,dengue,3,DF,2024-12-15,26,2024-06-16,45.0,63.2,91.0,157.4,267.4,422.6,605.8,736.4,863.0,335,45.70888888888889,45.70888888888889,0.0,0.0,67.60000000000002,True,True,True,True
gru_negbin,dengue,3,DF,2024-12-22,27,2024-06-16,46.4,66.2,96.0,169.8,293.8,471.6,683.2,835.2,982.8,288,44.20666666666667,44.20666666666667,0.0,0.0,5.800000000000011,True,True,True,True
gru_negbin,dengue,3,DF,2024-12-29,28,2024-06-16,51.0,72.4,106.4,188.8,329.0,530.0,769.8,942.2,1109.6,348,51.354444444444454,51.354444444444454,0.0,0.0,19.0,True,True,True,True
gru_negbin,dengue,3,DF,2025-01-05,29,2024-06-16,57.8,82.4,120.8,213.8,371.2,595.4,862.6,1054.0,1239.4,395,57.6888888888889,57.6888888888889,0.0,0.0,23.80000000000001,True,True,True,True
gru_negbin,dengue,3,DF,2025-01-12,30,2024-06-16,66.2,93.8,136.6,239.8,412.4,658.2,949.4,1157.4,1359.4,340,68.35333333333334,68.35333333333334,0.0,0.0,72.39999999999998,True,True,True,True
gru_negbin,dengue,3,DF,2025-01-19,31,2024-06-16,76.0,107.0,154.2,267.0,454.6,720.0,1032.8,1256.0,1472.0,371,74.50222222222222,74.50222222222222,0.0,0.0,83.60000000000002,True,True,True,True
gru_negbin,dengue,3,DF,2025-01-26,32,2024-06-16,88.8,123.2,175.8,300.0,503.4,788.0,1122.4,1359.6,1589.2,375,84.48666666666668,84.48666666666668,0.0,0.0,128.39999999999998,True,True,True,True
gru_negbin,dengue,3,DF,2025-02-02,33,2024-06-16,104.8,143.6,201.2,337.0,556.2,860.8,1215.4,1466.6,1709.4,463,85.60777777777778,85.60777777777778,0.0,0.0,93.20000000000005,True,True,True,True
gru_negbin,dengue,3,DF,2025-02-09,34,2024-06-16,122.6,165.6,230.0,378.4,616.8,944.2,1324.2,1593.0,1852.0,394,105.97222222222223,105.97222222222223,0.0,0.0,222.79999999999995,True,True,True,True
gru_negbin,dengue,3,DF,2025-02-16,35,2024-06-16,142.8,190.8,261.8,423.6,680.2,1030.2,1434.4,1719.2,1993.0,440,113.70777777777778,113.70777777777778,0.0,0.0,240.20000000000005,True,True,True,True
gru_negbin,dengue,3,DF,2025-02-23,36,2024-06-16,165.2,217.6,294.4,468.2,740.4,1108.8,1531.6,1828.4,2113.8,365,156.44999999999996,133.51666666666665,22.93333333333333,0.0,375.4,False,True,True,True
gru_negbin,dengue,3,DF,2025-03-02,37,2024-06-16,186.0,242.2,323.6,505.6,788.4,1168.8,1603.2,1907.4,2199.2,311,194.05555555555554,148.0111111111111,46.04444444444445,0.0,477.4,False,False,True,True
gru_negbin,dengue,3,DF,2025-03-09,38,2024-06-16,203.4,261.6,346.0,532.2,819.4,1203.2,1640.0,1945.6,2237.8,384,177.35777777777778,144.42444444444442,32.933333333333344,0.0,435.4,False,True,True,True
gru_negbin,dengue,3,DF,2025-03-16,39,2024-06-16,216.6,276.2,361.0,548.2,834.4,1215.0,1646.6,1948.0,2236.4,354,193.4988888888889,148.78777777777776,44.71111111111112,0.0,480.4,False,False,True,True
gru_negbin,dengue,3,DF,2025-03-23,40,2024-06-16,231.4,292.2,378.0,564.4,845.8,1215.8,1632.2,1921.6,2198.0,329,213.71222222222224,150.51222222222222,63.199999999999996,0.0,516.8,False,False,True,True
gru_negbin,dengue,3,DF,2025-03-30,41,2024-06-16,243.8,305.4,391.6,576.4,851.2,1209.2,1608.6,1885.2,2148.2,278,251.66666666666666,154.02222222222224,97.64444444444445,0.0,573.2,False,False,False,True
gru_negbin,dengue,3,DF,2025-04-06,42,2024-06-16,251.4,312.6,397.8,578.2,844.0,1187.2,1567.2,1829.2,2078.2,254,269.39777777777783,152.37555555555556,117.02222222222225,0.0,590.0,False,False,False,True
gru_negbin,dengue,3,DF,2025-04-13,43,2024-06-16,250.0,309.8,392.2,566.2,820.0,1145.0,1504.2,1751.0,1985.4,253,258.6766666666667,145.52111111111108,113.15555555555557,0.0,567.0,False,False,False,True
gru_negbin,dengue,3,DF,2025-04-20,44,2024-06-16,240.6,298.2,376.6,541.8,781.4,1087.0,1423.8,1654.6,1873.4,313,194.72444444444443,129.74666666666667,64.97777777777777,0.0,468.4,False,False,True,True
gru_negbin,dengue,3,DF,2025-04-27,45,2024-06-16,227.0,281.0,354.4,509.0,732.2,1016.6,1328.8,1542.8,1745.4,316,169.97555555555556,118.55333333333334,51.42222222222222,0.0,416.20000000000005,False,False,True,True
gru_negbin,dengue,3,DF,2025-05-04,46,2024-06-16,209.6,259.4,327.4,469.6,675.4,936.4,1223.4,1419.8,1605.4,382,118.55888888888892,99.09222222222223,19.466666666666672,0.0,293.4,False,True,True,True
gru_negbin,dengue,3,DF,2025-05-11,47,2024-06-16,188.8,234.4,296.4,427.0,615.4,854.8,1117.8,1298.0,1468.6,267,141.74777777777774,99.65888888888888,42.08888888888888,0.0,348.4,False,False,True,True
gru_negbin,dengue,3,DF,2025-05-18,48,2024-06-16,170.2,211.8,268.6,387.8,560.2,779.6,1020.6,1185.8,1342.0,255,122.25444444444446,89.72111111111111,32.53333333333334,0.0,305.20000000000005,False,False,True,True
gru_negbin,dengue,3,DF,2025-05-25,49,2024-06-16,151.8,189.0,240.2,347.2,502.0,698.4,914.0,1061.8,1201.6,230,108.54777777777777,80.23666666666666,28.311111111111106,0.0,272.0,False,False,True,True
gru_negbin,dengue,3,DF,2025-06-01,50,2024-06-16,133.8,166.8,212.4,307.4,445.2,619.8,811.8,942.6,1066.8,197,100.0122222222222,72.05666666666667,27.955555555555552,0.0,248.2,False,False,True,True
gru_negbin,dengue,3,DF,2025-06-08,51,2024-06-16,117.4,146.6,186.4,270.0,390.4,543.8,712.0,827.0,935.6,170,89.35222222222222,63.48555555555556,25.866666666666667,0.0,220.39999999999998,False,False,True,True
gru_negbin,dengue,3,DF,2025-06-15,52,2024-06-16,102.4,127.4,161.6,232.6,334.6,463.6,604.6,700.8,791.6,117,94.96666666666665,57.05555555555556,37.91111111111111,0.0,217.60000000000002,False,False,False,True
gru_negbin,dengue,3,DF,2025-06-22,53,2024-06-16,90.4,112.0,141.4,201.8,288.4,397.4,516.0,596.6,673.0,160,51.367777777777775,42.07888888888888,9.288888888888891,0.0,128.39999999999998,False,True,True,True
gru_negbin,dengue,3,DF,2025-06-29,54,2024-06-16,80.4,99.2,124.6,176.8,250.4,343.0,443.4,511.4,575.6,166,35.42666666666667,33.02666666666667,2.4000000000000026,0.0,84.4,False,True,True,True
gru_negbin,dengue,3,DF,2025-07-06,55,2024-06-16,73.0,89.2,111.6,157.0,221.0,300.6,386.8,445.4,500.2,122,39.202222222222225,31.424444444444443,7.777777777777778,0.0,99.0,False,True,True,True
gru_negbin,dengue,3,DF,2025-07-13,56,2024-06-16,66.8,81.6,101.6,141.6,197.8,268.0,343.0,394.0,441.8,116,32.718888888888884,27.029999999999998,5.688888888888887,0.0,81.80000000000001,False,True,True,True
gru_negbin,dengue,3,DF,2025-07-20,57,2024-06-16,62.0,75.6,93.2,129.0,179.0,240.4,306.6,351.0,392.8,119,24.71777777777778,22.495555555555555,2.2222222222222223,0.0,60.0,False,True,True,True
gru_negbin,dengue,3,DF,2025-07-27,58,2024-06-16,58.8,70.8,86.6,119.0,163.6,218.0,276.2,315.2,352.0,112,21.346666666666668,19.79111111111111,1.5555555555555556,0.0,51.599999999999994,False,True,True,True
gru_negbin,dengue,3,DF,2025-08-03,59,2024-06-16,55.8,67.2,81.8,111.2,152.0,201.6,254.2,289.8,322.8,120,16.365555555555556,16.365555555555556,0.0,0.0,32.0,True,True,True,True
gru_negbin,dengue,3,DF,2025-08-10,60,2024-06-16,53.6,64.0,78.0,106.0,144.2,190.2,239.2,272.2,302.8,173,15.157777777777776,15.157777777777776,0.0,0.0,28.80000000000001,True,True,True,True
gru_negbin,dengue,3,DF,2025-08-17,61,2024-06-16,52.6,62.8,76.4,103.4,140.0,184.4,231.8,263.4,292.8,154,13.072222222222223,13.072222222222223,0.0,0.0,14.0,True,True,True,True
gru_negbin,dengue,3,DF,2025-08-24,62,2024-06-16,52.6,63.0,76.4,102.8,139.2,183.2,229.8,260.6,290.0,173,15.145555555555555,15.145555555555555,0.0,0.0,33.80000000000001,True,True,True,True
gru_negbin,dengue,3,DF,2025-08-31,63,2024-06-16,52.4,62.6,75.8,102.2,138.0,180.8,226.8,257.2,285.6,181,16.00222222222222,15.957777777777778,0.0,0.04444444444444192,43.0,False,True,True,True
gru_negbin,dengue,3,DF,2025-09-07,64,2024-06-16,51.8,61.8,75.2,101.0,136.8,179.8,225.4,256.0,284.4,161,13.854444444444443,13.854444444444443,0.0,0.0,24.19999999999999,True,True,True,True
gru_negbin,dengue,3,DF,2025-09-14,65,2024-06-16,51.4,61.2,74.6,100.6,136.2,179.6,225.8,256.4,285.2,154,13.194444444444446,13.194444444444446,0.0,0.0,17.80000000000001,True,True,True,True
gru_negbin,dengue,3,DF,2025-09-21,66,2024-06-16,50.2,60.4,73.6,100.2,136.2,180.4,227.8,259.2,288.8,130,12.105555555555554,12.105555555555554,0.0,0.0,6.199999999999989,True,True,True,True
gru_negbin,dengue,3,DF,2025-09-28,67,2024-06-16,49.4,59.4,72.8,99.8,136.6,182.0,230.2,262.8,293.2,175,15.945555555555554,15.945555555555554,0.0,0.0,38.400000000000006,True,True,True,True
gru_negbin,dengue,3,GO,2024-10-06,16,2024-06-16,429.2,494.4,577.0,737.4,948.4,1196.2,1453.0,1622.6,1779.6,719,94.57111111111111,90.48222222222222,4.088888888888884,0.0,229.39999999999998,False,True,True,True
gru_negbin,dengue,3,GO,2024-10-13,17,2024-06-16,431.0,499.2,587.0,756.8,982.4,1249.0,1526.8,1710.6,1880.6,727,104.74222222222221,98.11999999999999,6.622222222222212,0.0,255.39999999999998,False,True,True,True
gru_negbin,dengue,3,GO,2024-10-20,18,2024-06-16,430.6,502.8,596.4,779.2,1023.8,1316.2,1622.0,1825.6,2014.8,862,94.1011111111111,94.1011111111111,0.0,0.0,161.79999999999995,True,True,True,True
gru_negbin,dengue,3,GO,2024-10-27,19,2024-06-16,425.2,502.0,602.2,800.8,1069.6,1394.2,1736.0,1964.8,2178.0,969,95.33111111111111,95.33111111111111,0.0,0.0,100.59999999999991,True,True,True,True
gru_negbin,dengue,3,GO,2024-11-03,20,2024-06-16,415.4,496.4,604.4,819.4,1115.6,1477.2,1862.0,2121.0,2362.8,1089,96.31666666666666,96.31666666666666,0.0,0.0,26.59999999999991,True,True,True,True
gru_negbin,dengue,3,GO,2024-11-10,21,2024-06-16,404.6,491.0,606.8,841.8,1170.6,1577.0,2014.4,2310.2,2588.0,1218,109.73444444444446,109.73444444444446,0.0,0.0,47.40000000000009,True,True,True,True
gru_negbin,dengue,3,GO,2024-11-17,22,2024-06-16,395.6,487.4,612.0,868.4,1233.0,1688.8,2183.8,2520.4,2837.6,1611,158.66222222222223,158.66222222222223,0.0,0.0,378.0,True,True,True,True
gru_negbin,dengue,3,GO,2024-11-24,23,2024-06-16,392.2,491.0,626.6,910.8,1320.0,1838.4,2406.2,2794.2,3161.4,1676,171.61111111111111,171.61111111111111,0.0,0.0,356.0,True,True,True,True
gru_negbin,dengue,3,GO,2024-12-01,24,2024-06-16,394.0,501.2,649.4,964.2,1424.6,2014.4,2665.2,3112.2,3535.8,1955,208.5388888888889,208.5388888888889,0.0,0.0,530.4000000000001,True,True,True,True
gru_negbin,dengue,3,GO,2024-12-08,25,2024-06-16,406.0,522.4,685.6,1035.0,1552.0,2220.0,2961.4,3472.2,3958.0,1772,193.36,193.36,0.0,0.0,220.0,True,True,True,True
gru_negbin,dengue,3,GO,2024-12-15,26,2024-06-16,439.6,569.6,751.8,1145.4,1731.4,2492.4,3340.0,3925.6,4482.2,1595,207.25222222222223,207.25222222222223,0.0,0.0,136.4000000000001,True,True,True,True
gru_negbin,dengue,3,GO,2024-12-22,27,2024-06-16,492.0,638.0,844.0,1290.0,1955.0,2820.8,3786.6,4454.6,5090.0,1541,264.38666666666666,264.38666666666666,0.0,0.0,414.0,True,True,True,True
gru_negbin,dengue,3,GO,2024-12-29,28,2024-06-16,580.4,749.8,987.6,1500.0,2260.8,3248.2,4347.6,5106.4,5828.2,1790,301.66111111111115,301.66111111111115,0.0,0.0,470.8000000000002,True,True,True,True
gru_negbin,dengue,3,GO,2025-01-05,29,2024-06-16,701.2,899.8,1177.0,1771.2,2648.4,3781.0,5038.2,5904.0,6726.8,2632,288.36,288.36,0.0,0.0,16.40000000000009,True,True,True,True
gru_negbin,dengue,3,GO,2025-01-12,30,2024-06-16,837.4,1066.0,1383.8,2060.2,3050.2,4321.6,5726.6,6692.2,7608.0,2664,365.1788888888889,365.1788888888889,0.0,0.0,386.1999999999998,True,True,True,True
gru_negbin,dengue,3,GO,2025-01-19,31,2024-06-16,986.0,1244.6,1601.2,2353.2,3445.2,4838.2,6370.4,7420.2,8414.6,3396,359.3922222222222,359.3922222222222,0.0,0.0,49.19999999999982,True,True,True,True
gru_negbin,dengue,3,GO,2025-01-26,32,2024-06-16,1163.8,1453.4,1849.6,2676.8,3866.4,5371.2,7016.6,8140.0,9201.8,3954,393.1955555555556,393.1955555555556,0.0,0.0,87.59999999999991,True,True,True,True
gru_negbin,dengue,3,GO,2025-02-02,33,2024-06-16,1346.6,1665.0,2096.6,2989.6,4261.0,5856.6,7591.8,8772.8,9886.4,4176,417.25666666666666,417.25666666666666,0.0,0.0,85.0,True,True,True,True
gru_negbin,dengue,3,GO,2025-02-09,34,2024-06-16,1521.6,1863.4,2323.4,3266.6,4597.6,6255.2,8048.2,9264.2,10408.8,4343,453.14444444444445,453.14444444444445,0.0,0.0,254.60000000000036,True,True,True,True
gru_negbin,dengue,3,GO,2025-02-16,35,2024-06-16,1684.0,2044.4,2527.0,3508.8,4881.8,6581.2,8409.4,9646.2,10807.8,4220,510.0944444444445,510.0944444444445,0.0,0.0,661.8000000000002,True,True,True,True
gru_negbin,dengue,3,GO,2025-02-23,36,2024-06-16,1828.2,2201.2,2697.8,3699.2,5088.2,6794.4,8620.8,9851.6,11005.8,3651,609.9688888888888,599.2577777777777,10.711111111111071,0.0,1437.1999999999998,False,True,True,True
gru_negbin,dengue,3,GO,2025-03-02,37,2024-06-16,1924.0,2301.8,2802.2,3804.2,5185.0,6872.0,8669.6,9878.0,11009.6,3623,649.2977777777778,609.0311111111112,40.26666666666662,0.0,1562.0,False,True,True,True
gru_negbin,dengue,3,GO,2025-03-09,38,2024-06-16,1961.4,2333.2,2823.4,3800.0,5138.2,6764.8,8492.8,9651.8,10735.0,4054,541.2244444444444,541.2244444444444,0.0,0.0,1084.1999999999998,True,True,True,True
gru_negbin,dengue,3,GO,2025-03-16,39,2024-06-16,1993.8,2358.8,2837.8,3788.8,5084.2,6652.8,8313.6,9425.6,10463.4,3788,550.5688888888889,550.3911111111111,0.1777777777778182,0.0,1296.1999999999998,False,True,True,True
gru_negbin,dengue,3,GO,2025-03-23,40,2024-06-16,2029.8,2390.0,2861.0,3791.2,5053.2,6574.2,8180.0,9252.4,10253.0,3822,531.5444444444445,531.5444444444445,0.0,0.0,1231.1999999999998,True,True,True,True
gru_negbin,dengue,3,GO,2025-03-30,41,2024-06-16,2032.6,2383.4,2840.8,3739.4,4952.8,6409.6,7942.6,8965.0,9917.2,3957,489.2944444444445,489.2944444444445,0.0,0.0,995.8000000000002,True,True,True,True
gru_negbin,dengue,3,GO,2025-04-06,42,2024-06-16,1995.2,2333.0,2772.2,3632.2,4788.8,6173.8,7627.4,8595.8,9496.6,3657,486.11000000000007,486.11000000000007,0.0,0.0,1131.8000000000002,True,True,True,True
gru_negbin,dengue,3,GO,2025-04-13,43,2024-06-16,1941.8,2265.2,2684.4,3504.8,4604.6,5918.4,7294.6,8210.6,9062.2,3670,446.00000000000006,446.00000000000006,0.0,0.0,934.6000000000004,True,True,True,True
gru_negbin,dengue,3,GO,2025-04-20,44,2024-06-16,1867.0,2173.6,2570.2,3344.8,4380.0,5614.0,6904.8,7762.4,8559.8,4373,322.44888888888886,322.44888888888886,0.0,0.0,7.0,True,True,True,True
gru_negbin,dengue,3,GO,2025-04-27,45,2024-06-16,1751.0,2036.6,2406.8,3128.0,4091.2,5238.8,6438.2,7235.0,7975.2,4409,334.50333333333333,334.50333333333333,0.0,0.0,317.8000000000002,True,True,True,True
gru_negbin,dengue,3,GO,2025-05-04,46,2024-06-16,1620.2,1884.6,2226.4,2892.2,3782.0,4841.4,5948.4,6683.6,7367.0,4927,422.4933333333334,403.4711111111111,0.0,19.022222222222304,1145.0,False,True,True,True
gru_negbin,dengue,3,GO,2025-05-11,47,2024-06-16,1453.4,1691.6,2000.0,2601.0,3404.8,4362.4,5363.6,6028.6,6646.8,4489,398.24333333333334,370.1099999999999,0.0,28.133333333333415,1084.1999999999998,False,True,True,True
gru_negbin,dengue,3,GO,2025-05-18,48,2024-06-16,1262.6,1472.4,1744.0,2274.4,2984.8,3832.8,4720.6,5310.8,5859.2,4015,375.8655555555555,335.37666666666667,0.0,40.48888888888885,1030.1999999999998,False,True,True,True
gru_negbin,dengue,3,GO,2025-05-25,49,2024-06-16,1058.6,1236.8,1468.2,1922.2,2531.2,3260.0,4024.6,4533.2,5006.4,3046,246.89000000000001,246.89000000000001,0.0,0.0,514.8000000000002,True,True,True,True
gru_negbin,dengue,3,GO,2025-06-01,50,2024-06-16,884.4,1033.6,1227.8,1607.8,2119.4,2731.4,3373.8,3801.6,4199.4,2872,274.1499999999999,242.90555555555557,0.0,31.244444444444426,752.5999999999999,False,True,True,True
gru_negbin,dengue,3,GO,2025-06-08,51,2024-06-16,740.0,864.4,1025.6,1341.8,1766.2,2274.2,2807.2,3162.0,3492.0,2509,266.9200000000001,214.74222222222224,0.0,52.17777777777782,742.8,False,True,True,True
gru_negbin,dengue,3,GO,2025-06-15,52,2024-06-16,620.6,724.4,859.0,1122.6,1476.2,1899.6,2343.4,2639.2,2914.0,2016,196.01444444444445,170.14777777777778,0.0,25.86666666666669,539.8,False,True,True,True
gru_negbin,dengue,3,GO,2025-06-22,53,2024-06-16,533.4,621.4,736.0,959.6,1259.4,1617.4,1993.0,2242.6,2474.6,1629,136.92,134.34222222222223,0.0,2.5777777777777575,369.5999999999999,False,True,True,True
gru_negbin,dengue,3,GO,2025-06-29,54,2024-06-16,464.8,541.0,639.6,832.6,1090.8,1399.0,1721.2,1935.8,2135.2,1341,108.08000000000001,108.08000000000001,0.0,0.0,250.20000000000005,True,True,True,True
gru_negbin,dengue,3,GO,2025-07-06,55,2024-06-16,413.6,480.0,565.6,732.0,954.4,1218.6,1494.0,1677.0,1846.6,1132,88.65888888888888,88.65888888888888,0.0,0.0,177.60000000000002,True,True,True,True
gru_negbin,dengue,3,GO,2025-07-13,56,2024-06-16,374.6,433.6,509.2,656.0,851.0,1081.8,1322.0,1481.2,1628.6,1024,79.54666666666667,79.54666666666667,0.0,0.0,173.0,True,True,True,True
gru_negbin,dengue,3,GO,2025-07-20,57,2024-06-16,343.4,396.4,464.8,596.4,770.8,976.8,1191.0,1332.6,1463.6,917,70.14111111111112,70.14111111111112,0.0,0.0,146.20000000000005,True,True,True,True
gru_negbin,dengue,3,GO,2025-07-27,58,2024-06-16,318.6,367.0,429.4,549.4,707.4,894.2,1087.8,1215.4,1333.8,837,63.253333333333345,63.253333333333345,0.0,0.0,129.60000000000002,True,True,True,True
gru_negbin,dengue,3,GO,2025-08-03,59,2024-06-16,300.6,346.0,404.2,516.0,663.8,837.6,1017.8,1137.2,1247.2,674,46.68555555555557,46.68555555555557,0.0,0.0,10.200000000000045,True,True,True,True
gru_negbin,dengue,3,GO,2025-08-10,60,2024-06-16,286.6,329.6,384.6,490.0,629.2,792.4,962.0,1073.8,1177.0,757,57.04666666666665,57.04666666666665,0.0,0.0,127.79999999999995,True,True,True,True
gru_negbin,dengue,3,GO,2025-08-17,61,2024-06-16,275.4,316.8,369.2,470.6,604.0,760.8,923.2,1030.0,1129.0,904,106.25555555555555,74.43333333333334,0.0,31.822222222222234,300.0,False,True,True,True
gru_negbin,dengue,3,GO,2025-08-24,62,2024-06-16,267.0,307.0,358.0,456.4,585.8,738.2,895.2,999.2,1095.0,759,63.75111111111111,59.128888888888895,0.0,4.622222222222212,173.20000000000005,False,True,True,True
gru_negbin,dengue,3,GO,2025-08-31,63,2024-06-16,260.8,300.6,350.8,448.2,576.6,727.4,884.2,987.2,1082.8,755,65.51555555555557,59.382222222222225,0.0,6.133333333333338,178.39999999999998,False,True,True,True
gru_negbin,dengue,3,GO,2025-09-07,64,2024-06-16,261.6,301.6,352.8,452.2,582.6,736.4,896.4,1001.6,1099.0,732,56.89888888888889,56.89888888888889,0.0,0.0,149.39999999999998,True,True,True,True
gru_negbin,dengue,3,GO,2025-09-14,65,2024-06-16,262.0,302.6,355.4,456.8,590.6,749.2,913.6,1022.0,1123.0,809,78.9811111111111,65.69222222222223,0.0,13.288888888888879,218.39999999999998,False,True,True,True
gru_negbin,dengue,3,GO,2025-09-21,66,2024-06-16,262.6,304.2,357.8,462.2,600.6,764.6,935.0,1048.0,1152.6,826,81.52444444444444,67.88,0.0,13.644444444444439,225.39999999999998,False,True,True,True
gru_negbin,dengue,3,GO,2025-09-28,67,2024-06-16,264.4,307.6,363.4,472.0,616.6,788.4,967.6,1086.6,1197.2,944,115.79777777777778,81.22,0.0,34.57777777777778,327.4,False,True,True,True
gru_negbin,dengue,3,MA,2024-10-06,16,2024-06-16,11.2,13.4,16.6,22.2,29.4,38.2,47.4,53.6,59.2,14,6.397777777777778,3.9977777777777783,2.4000000000000004,0.0,15.399999999999999,False,False,True,True
gru_negbin,dengue,3,MA,2024-10-13,17,2024-06-16,10.8,13.2,16.0,21.6,29.4,38.6,48.0,54.0,59.8,15,5.67,3.981111111111111,1.688888888888889,0.0,14.399999999999999,False,False,True,True
gru_negbin,dengue,3,MA,2024-10-20,18,2024-06-16,10.8,13.4,16.2,22.0,30.0,39.4,49.0,56.0,62.2,16,5.387777777777777,4.01,1.3777777777777775,0.0,14.0,False,False,True,True
gru_negbin,dengue,3,MA,2024-10-27,19,2024-06-16,10.8,13.2,16.2,22.6,31.0,41.0,51.4,58.6,65.4,25,3.278888888888889,3.278888888888889,0.0,0.0,6.0,True,True,True,True
gru_negbin,dengue,3,MA,2024-11-03,20,2024-06-16,11.0,13.4,16.8,23.4,32.2,43.2,55.0,62.6,69.8,20,4.933333333333334,4.177777777777779,0.7555555555555552,0.0,12.200000000000003,False,True,True,True
gru_negbin,dengue,3,MA,2024-11-10,21,2024-06-16,11.0,13.8,17.4,24.6,34.2,46.2,58.8,67.6,75.6,24,4.343333333333334,4.21,0.13333333333333364,0.0,10.200000000000003,False,True,True,True
gru_negbin,dengue,3,MA,2024-11-17,22,2024-06-16,10.8,13.8,17.6,25.2,36.2,49.6,64.0,73.6,83.0,24,5.0744444444444445,4.807777777777779,0.2666666666666665,0.0,12.200000000000003,False,True,True,True
gru_negbin,dengue,3,MA,2024-11-24,23,2024-06-16,11.0,14.0,18.2,26.8,38.6,54.2,70.8,81.8,92.6,17,8.742222222222223,6.297777777777778,2.4444444444444446,0.0,21.6,False,False,True,True
gru_negbin,dengue,3,MA,2024-12-01,24,2024-06-16,11.2,14.4,19.0,28.4,42.8,60.4,80.0,93.4,106.2,15,11.494444444444444,7.627777777777776,3.8666666666666663,0.0,27.799999999999997,False,False,True,True
gru_negbin,dengue,3,MA,2024-12-08,25,2024-06-16,11.8,15.4,20.8,31.6,48.2,69.4,92.6,108.8,124.4,21,10.736666666666668,8.381111111111114,2.355555555555556,0.0,27.200000000000003,False,True,True,True
gru_negbin,dengue,3,MA,2024-12-15,26,2024-06-16,13.2,17.4,23.2,36.0,55.0,79.8,107.8,126.8,145.4,8,24.33,11.485555555555557,12.844444444444443,0.0,47.0,False,False,False,False
gru_negbin,dengue,3,MA,2024-12-22,27,2024-06-16,15.4,20.2,26.8,42.6,65.4,95.4,129.0,151.8,174.2,11,27.14888888888889,13.593333333333335,13.555555555555557,0.0,54.400000000000006,False,False,False,False
gru_negbin,dengue,3,MA,2024-12-29,28,2024-06-16,18.8,24.6,33.4,52.0,80.0,116.6,158.0,186.8,213.8,24,23.91,15.465555555555556,8.444444444444445,0.0,56.0,False,False,False,True
gru_negbin,dengue,3,MA,2025-01-05,29,2024-06-16,24.2,31.8,42.2,66.0,101.0,147.2,198.4,234.4,268.6,42,23.52444444444444,18.146666666666665,5.377777777777778,0.0,59.0,False,False,True,True
gru_negbin,dengue,3,MA,2025-01-12,30,2024-06-16,31.8,41.0,55.0,84.6,128.4,185.4,249.6,293.8,336.0,66,25.49,21.35666666666667,4.133333333333332,0.0,62.400000000000006,False,True,True,True
gru_negbin,dengue,3,MA,2025-01-19,31,2024-06-16,41.6,54.0,71.0,107.0,160.8,230.2,307.0,359.8,410.6,82,31.84777777777778,26.29222222222222,5.555555555555555,0.0,78.80000000000001,False,True,True,True
gru_negbin,dengue,3,MA,2025-01-26,32,2024-06-16,53.4,68.2,89.4,133.8,198.8,282.2,374.2,437.8,497.4,95,41.30222222222223,32.68,8.622222222222225,0.0,103.80000000000001,False,True,True,True
gru_negbin,dengue,3,MA,2025-02-02,33,2024-06-16,65.0,83.2,107.4,159.6,235.0,331.6,437.6,510.4,579.2,145,37.74111111111111,34.49666666666667,3.244444444444443,0.0,90.0,False,True,True,True
gru_negbin,dengue,3,MA,2025-02-09,34,2024-06-16,75.4,95.6,123.4,182.2,267.4,376.4,495.6,577.4,654.4,174,39.83,38.007777777777775,1.8222222222222197,0.0,93.39999999999998,False,True,True,True
gru_negbin,dengue,3,MA,2025-02-16,35,2024-06-16,81.6,103.6,133.6,196.6,287.6,403.8,531.4,618.8,701.2,267,31.806666666666665,31.806666666666665,0.0,0.0,20.600000000000023,True,True,True,True
gru_negbin,dengue,3,MA,2025-02-23,36,2024-06-16,84.2,106.4,137.0,201.2,293.8,411.6,541.0,629.4,712.8,171,50.32555555555555,43.614444444444445,6.711111111111109,0.0,122.80000000000001,False,True,True,True
gru_negbin,dengue,3,MA,2025-03-02,37,2024-06-16,82.6,104.4,134.8,197.8,289.6,405.8,533.8,620.8,704.0,183,44.74555555555556,41.45666666666667,3.2888888888888914,0.0,106.60000000000002,False,True,True,True
gru_negbin,dengue,3,MA,2025-03-09,38,2024-06-16,77.6,98.4,127.2,188.0,276.4,389.2,513.4,598.6,678.8,233,33.47999999999999,33.47999999999999,0.0,0.0,43.39999999999998,True,True,True,True
gru_negbin,dengue,3,MA,2025-03-16,39,2024-06-16,70.4,89.6,116.6,173.2,256.0,362.4,479.8,560.4,636.8,319,33.96,33.96,0.0,0.0,63.0,True,True,True,True
gru_negbin,dengue,3,MA,2025-03-23,40,2024-06-16,62.4,80.0,104.2,156.2,232.4,330.6,439.6,514.4,585.2,260,27.94,27.94,0.0,0.0,27.599999999999994,True,True,True,True
gru_negbin,dengue,3,MA,2025-03-30,41,2024-06-16,54.8,70.4,92.2,138.6,207.2,296.6,395.2,463.2,528.2,251,27.372222222222224,27.372222222222224,0.0,0.0,43.80000000000001,True,True,True,True
gru_negbin,dengue,3,MA,2025-04-06,42,2024-06-16,49.8,64.2,84.2,127.0,191.0,274.0,366.2,430.2,491.0,175,22.72888888888889,22.72888888888889,0.0,0.0,16.0,True,True,True,True
gru_negbin,dengue,3,MA,2025-04-13,43,2024-06-16,45.0,58.0,76.2,115.2,173.6,249.4,334.0,392.2,447.8,109,27.69111111111111,26.313333333333333,1.3777777777777784,0.0,64.6,False,True,True,True
gru_negbin,dengue,3,MA,2025-04-20,44,2024-06-16,39.6,51.0,67.4,101.8,153.6,220.4,295.4,346.8,396.6,147,17.65888888888889,17.65888888888889,0.0,0.0,6.599999999999994,True,True,True,True
gru_negbin,dengue,3,MA,2025-04-27,45,2024-06-16,35.0,45.0,58.8,89.0,133.8,192.0,256.4,301.4,344.0,160,17.589999999999996,17.589999999999996,0.0,0.0,26.19999999999999,True,True,True,True
gru_negbin,dengue,3,MA,2025-05-04,46,2024-06-16,30.4,39.2,51.2,77.2,115.4,165.0,220.4,258.4,294.2,165,18.049999999999997,18.049999999999997,0.0,0.0,49.599999999999994,True,True,True,True
gru_negbin,dengue,3,MA,2025-05-11,47,2024-06-16,26.4,33.6,44.0,65.8,98.4,140.2,186.6,218.8,249.0,134,14.55222222222222,14.55222222222222,0.0,0.0,35.599999999999994,True,True,True,True
gru_negbin,dengue,3,MA,2025-05-18,48,2024-06-16,22.2,28.6,37.0,55.6,82.6,117.8,156.2,182.8,208.0,158,26.561111111111117,17.227777777777778,0.0,9.333333333333336,75.4,False,False,True,True
gru_negbin,dengue,3,MA,2025-05-25,49,2024-06-16,18.4,23.6,30.6,45.8,68.4,96.6,128.8,150.2,170.8,107,13.857777777777779,11.546666666666665,0.0,2.3111111111111122,38.599999999999994,False,True,True,True
gru_negbin,dengue,3,MA,2025-06-01,50,2024-06-16,15.0,19.4,25.4,38.0,56.6,80.4,106.4,124.6,141.6,162,61.07222222222222,17.73888888888889,0.0,43.333333333333336,105.4,False,False,False,False
gru_negbin,dengue,3,MA,2025-06-08,51,2024-06-16,12.6,16.4,21.8,32.6,48.8,69.0,91.0,106.4,120.8,89,14.072222222222225,9.62777777777778,0.0,4.444444444444445,40.2,False,True,True,True
gru_negbin,dengue,3,MA,2025-06-15,52,2024-06-16,11.0,14.6,19.0,28.6,42.6,60.2,79.6,92.8,105.2,85,15.916666666666666,9.205555555555556,0.0,6.711111111111112,42.4,False,False,True,True
gru_negbin,dengue,3,MA,2025-06-22,53,2024-06-16,9.8,13.0,17.0,25.4,37.4,53.0,69.6,81.2,92.2,82,18.251111111111115,8.873333333333333,0.0,9.377777777777778,44.6,False,False,False,True
gru_negbin,dengue,3,MA,2025-06-29,54,2024-06-16,9.2,11.8,15.4,23.0,33.6,47.4,62.0,72.2,81.6,78,20.04222222222222,8.397777777777776,0.0,11.644444444444444,44.4,False,False,False,True
gru_negbin,dengue,3,MA,2025-07-06,55,2024-06-16,8.6,11.0,14.4,21.0,30.6,42.6,55.8,64.8,73.0,74,21.186666666666667,7.897777777777778,0.0,13.28888888888889,43.4,False,False,False,False
gru_negbin,dengue,3,MA,2025-07-13,56,2024-06-16,8.0,10.2,13.4,19.4,28.0,38.8,50.4,58.6,65.6,81,33.22444444444445,8.646666666666667,0.0,24.577777777777783,53.0,False,False,False,False
gru_negbin,dengue,3,MA,2025-07-20,57,2024-06-16,7.6,9.4,12.6,18.2,26.0,36.0,46.6,53.6,60.2,89,44.99444444444445,9.527777777777779,0.0,35.46666666666667,63.0,False,False,False,False
gru_negbin,dengue,3,MA,2025-07-27,58,2024-06-16,7.6,9.2,11.8,17.2,24.6,33.8,43.0,49.6,55.8,104,63.110000000000014,11.154444444444444,0.0,51.955555555555556,79.4,False,False,False,False
gru_negbin,dengue,3,MA,2025-08-03,59,2024-06-16,7.0,8.8,11.4,16.2,23.0,31.4,40.0,46.0,51.4,98,60.073333333333345,10.473333333333333,0.0,49.599999999999994,75.0,False,False,False,False
gru_negbin,dengue,3,MA,2025-08-10,60,2024-06-16,6.8,8.6,10.6,15.2,21.4,29.0,37.0,42.2,47.4,65,29.99666666666667,6.796666666666667,0.0,23.200000000000003,43.6,False,False,False,False
gru_negbin,dengue,3,MA,2025-08-17,61,2024-06-16,6.0,7.8,10.0,14.0,20.0,27.0,34.0,39.0,43.4,67,34.721111111111114,7.032222222222222,0.0,27.688888888888886,47.0,False,False,False,False
gru_negbin,dengue,3,MA,2025-08-24,62,2024-06-16,6.0,7.4,9.4,13.0,18.4,24.6,31.2,35.8,39.6,49,19.431111111111107,5.0311111111111115,0.0,14.400000000000002,30.6,False,False,False,False
gru_negbin,dengue,3,MA,2025-08-31,63,2024-06-16,5.4,6.8,8.6,12.4,17.4,23.0,29.2,32.8,36.8,45,17.51,4.576666666666666,0.0,12.933333333333334,27.6,False,False,False,False
gru_negbin,dengue,3,MA,2025-09-07,64,2024-06-16,5.2,6.6,8.0,11.8,16.0,21.6,27.4,31.2,35.0,47,21.03666666666667,4.858888888888889,0.0,16.177777777777777,31.0,False,False,False,False
gru_negbin,dengue,3,MA,2025-09-14,65,2024-06-16,4.8,6.0,7.8,11.2,15.8,21.0,26.6,30.4,34.0,42,16.75111111111111,4.306666666666667,0.0,12.444444444444445,26.2,False,False,False,False
gru_negbin,dengue,3,MA,2025-09-21,66,2024-06-16,4.6,6.0,7.8,11.0,15.2,20.8,26.0,29.8,33.2,58,33.28333333333333,6.127777777777777,0.0,27.155555555555555,42.8,False,False,False,False
gru_negbin,dengue,3,MA,2025-09-28,67,2024-06-16,4.6,5.8,7.8,11.0,15.2,20.4,25.6,29.4,32.8,69,44.60333333333333,7.314444444444444,0.0,37.28888888888889,53.8,False,False,False,False
gru_negbin,dengue,3,MG,2024-10-06,16,2024-06-16,220.4,250.2,287.6,358.6,450.2,556.8,665.4,736.8,802.2,852,216.42333333333332,72.69,0.0,143.73333333333335,401.8,False,False,False,False
gru_negbin,dengue,3,MG,2024-10-13,17,2024-06-16,218.0,248.6,287.8,362.0,459.0,572.2,688.2,764.8,835.4,842,185.0522222222222,72.29666666666668,0.0,112.75555555555555,383.0,False,False,False,False
gru_negbin,dengue,3,MG,2024-10-20,18,2024-06-16,217.0,249.6,290.8,370.4,475.4,598.4,725.2,809.0,886.4,1011,319.54333333333335,91.76555555555555,0.0,227.77777777777777,535.6,False,False,False,False
gru_negbin,dengue,3,MG,2024-10-27,19,2024-06-16,218.0,252.6,297.6,384.4,499.6,635.8,777.6,871.4,958.2,1131,390.4433333333333,105.77666666666666,0.0,284.6666666666667,631.4,False,False,False,False
gru_negbin,dengue,3,MG,2024-11-03,20,2024-06-16,216.8,254.4,303.4,399.6,529.2,684.2,846.8,955.0,1055.8,1339,533.4655555555556,130.31,0.0,403.15555555555557,809.8,False,False,False,False
gru_negbin,dengue,3,MG,2024-11-10,21,2024-06-16,211.6,252.2,306.2,414.2,561.2,740.6,930.8,1058.2,1177.4,1539,654.7566666666667,154.9788888888889,0.0,499.77777777777777,977.8,False,False,False,False
gru_negbin,dengue,3,MG,2024-11-17,22,2024-06-16,203.6,248.2,307.8,429.6,599.4,809.6,1036.4,1189.2,1333.2,2002,1018.6777777777776,209.87777777777777,0.0,808.8000000000001,1402.6,False,False,False,False
gru_negbin,dengue,3,MG,2024-11-24,23,2024-06-16,194.6,242.4,307.4,443.0,637.2,882.2,1149.4,1331.8,1504.0,2223,1133.0455555555554,238.69000000000005,0.0,894.3555555555554,1585.8,False,False,False,False
gru_negbin,dengue,3,MG,2024-12-01,24,2024-06-16,190.8,241.8,313.0,463.6,683.6,965.8,1277.2,1491.0,1693.8,2461,1250.4233333333334,269.0455555555556,0.0,981.3777777777777,1777.4,False,False,False,False
gru_negbin,dengue,3,MG,2024-12-08,25,2024-06-16,191.4,246.6,323.8,490.6,738.4,1060.0,1418.6,1665.6,1900.8,2610,1265.8477777777778,289.18111111111114,0.0,976.6666666666666,1871.6,False,False,False,False
gru_negbin,dengue,3,MG,2024-12-15,26,2024-06-16,195.8,256.2,341.6,529.4,813.2,1185.4,1604.2,1894.2,2171.6,2290,769.901111111111,257.7677777777778,0.0,512.1333333333333,1476.8,False,False,False,False
gru_negbin,dengue,3,MG,2024-12-22,27,2024-06-16,208.4,275.4,372.0,585.4,911.2,1343.6,1832.4,2172.8,2498.2,1746,290.5566666666666,201.13444444444443,0.0,89.42222222222225,834.8,False,True,True,True
gru_negbin,dengue,3,MG,2024-12-29,28,2024-06-16,233.4,309.8,419.6,664.8,1041.2,1542.2,2110.6,2507.2,2886.6,2377,518.6111111111111,273.9,0.0,244.7111111111111,1335.8,False,False,True,True
gru_negbin,dengue,3,MG,2025-01-05,29,2024-06-16,268.4,356.2,483.4,767.4,1205.0,1788.0,2450.6,2913.4,3356.0,3276,970.76,376.09333333333336,0.0,594.6666666666666,2071.0,False,False,False,True
gru_negbin,dengue,3,MG,2025-01-12,30,2024-06-16,316.2,418.4,565.6,894.0,1400.0,2074.4,2840.0,3374.8,3886.6,4262,1569.5155555555552,486.8044444444445,0.0,1082.7111111111108,2862.0,False,False,False,False
gru_negbin,dengue,3,MG,2025-01-19,31,2024-06-16,380.0,499.6,671.4,1053.6,1639.0,2418.2,3300.2,3915.8,4504.8,5448,2318.9911111111114,618.3244444444445,0.0,1700.6666666666667,3809.0,False,False,False,False
gru_negbin,dengue,3,MG,2025-01-26,32,2024-06-16,455.8,595.0,793.2,1232.0,1900.0,2784.0,3782.6,4478.0,5142.4,5901,2314.6122222222225,666.39,0.0,1648.2222222222222,4001.0,False,False,False,False
gru_negbin,dengue,3,MG,2025-02-02,33,2024-06-16,551.0,712.2,941.4,1442.6,2199.0,3192.8,4309.8,5085.2,5825.0,6833,2746.908888888889,764.8644444444445,0.0,1982.0444444444447,4634.0,False,False,False,False
gru_negbin,dengue,3,MG,2025-02-09,34,2024-06-16,667.2,854.0,1117.0,1686.2,2535.4,3642.2,4878.6,5734.2,6548.8,7573,2947.3799999999997,838.8911111111111,0.0,2108.488888888889,5037.6,False,False,False,False
gru_negbin,dengue,3,MG,2025-02-16,35,2024-06-16,793.0,1005.4,1302.6,1939.8,2881.8,4102.0,5458.4,6394.2,7283.2,8538,3362.25,936.8722222222223,0.0,2425.3777777777777,5656.2,False,False,False,False
gru_negbin,dengue,3,MG,2025-02-23,36,2024-06-16,922.8,1161.6,1493.4,2199.8,3238.2,4575.6,6057.4,7077.6,8046.4,7539,1906.8977777777775,816.5866666666667,0.0,1090.3111111111111,4300.8,False,False,False,True
gru_negbin,dengue,3,MG,2025-03-02,37,2024-06-16,1048.2,1308.2,1667.2,2424.6,3527.4,4937.2,6491.6,7558.0,8568.4,7679,1719.352222222222,819.3077777777778,0.0,900.0444444444444,4151.6,False,False,False,True
gru_negbin,dengue,3,MG,2025-03-09,38,2024-06-16,1155.2,1432.2,1812.0,2608.0,3757.8,5217.8,6820.4,7917.4,8954.8,8364,2024.897777777778,883.4755555555555,0.0,1141.4222222222224,4606.2,False,False,False,True
gru_negbin,dengue,3,MG,2025-03-16,39,2024-06-16,1241.8,1530.4,1923.4,2741.2,3913.6,5393.8,7010.6,8114.2,9156.8,8383,1903.1188888888885,874.1411111111111,0.0,1028.9777777777776,4469.4,False,False,False,True
gru_negbin,dengue,3,MG,2025-03-23,40,2024-06-16,1297.6,1591.4,1989.6,2813.4,3986.4,5459.6,7062.8,8154.2,9183.8,8341,1826.1922222222222,860.3255555555556,0.0,965.8666666666666,4354.6,False,False,False,True
gru_negbin,dengue,3,MG,2025-03-30,41,2024-06-16,1332.6,1630.2,2032.4,2860.6,4036.2,5507.4,7104.4,8189.8,9213.0,8099,1624.7755555555557,827.8422222222222,0.0,796.9333333333335,4062.8,False,False,True,True
gru_negbin,dengue,3,MG,2025-04-06,42,2024-06-16,1333.2,1627.0,2023.8,2839.2,3992.0,5431.4,6990.8,8049.6,9047.2,7499,1330.6733333333334,758.2733333333334,0.0,572.4000000000001,3507.0,False,False,True,True
gru_negbin,dengue,3,MG,2025-04-13,43,2024-06-16,1283.0,1564.8,1944.6,2724.2,3825.6,5198.8,6686.0,7695.2,8645.2,6353,889.1700000000001,632.6811111111111,0.0,256.4888888888888,2527.4,False,True,True,True
gru_negbin,dengue,3,MG,2025-04-20,44,2024-06-16,1184.0,1444.2,1795.2,2514.8,3531.0,4797.8,6169.2,7100.2,7976.0,7482,1736.677777777778,763.6111111111111,0.0,973.0666666666667,3951.0,False,False,False,True
gru_negbin,dengue,3,MG,2025-04-27,45,2024-06-16,1060.0,1291.4,1602.6,2240.2,3139.0,4257.8,5467.6,6288.0,7060.2,6637,1541.63,675.4966666666667,0.0,866.1333333333332,3498.0,False,False,False,True
gru_negbin,dengue,3,MG,2025-05-04,46,2024-06-16,913.8,1112.2,1379.6,1925.8,2694.8,3651.0,4684.0,5384.0,6042.4,6556,2110.387777777778,674.2544444444445,0.0,1436.1333333333334,3861.2,False,False,False,False
gru_negbin,dengue,3,MG,2025-05-11,47,2024-06-16,768.2,935.2,1159.6,1618.6,2264.0,3066.0,3931.8,4518.4,5070.4,5533,1801.2633333333335,568.9522222222222,0.0,1232.3111111111111,3269.0,False,False,False,False
gru_negbin,dengue,3,MG,2025-05-18,48,2024-06-16,632.2,771.0,957.8,1339.6,1877.0,2545.6,3267.6,3756.8,4217.0,4287,1186.0866666666668,439.1977777777778,0.0,746.8888888888889,2410.0,False,False,False,False
gru_negbin,dengue,3,MG,2025-05-25,49,2024-06-16,515.2,629.4,782.8,1096.4,1538.8,2089.0,2683.2,3086.2,3465.2,3133,660.5511111111113,318.19555555555553,0.0,342.3555555555556,1594.2,False,False,False,True
gru_negbin,dengue,3,MG,2025-06-01,50,2024-06-16,413.6,504.6,627.0,877.2,1228.2,1664.8,2136.0,2455.4,2755.2,2868,840.9733333333332,294.1733333333333,0.0,546.8000000000001,1639.8,False,False,False,False
gru_negbin,dengue,3,MG,2025-06-08,51,2024-06-16,336.4,408.8,506.8,706.2,985.6,1332.0,1705.2,1957.8,2195.0,2120,518.3122222222223,214.97888888888892,0.0,303.3333333333333,1134.4,False,False,False,True
gru_negbin,dengue,3,MG,2025-06-15,52,2024-06-16,280.2,339.6,418.8,579.4,803.6,1081.0,1378.4,1579.2,1767.4,1345,190.04888888888888,131.38222222222223,0.0,58.666666666666664,541.4,False,True,True,True
gru_negbin,dengue,3,MG,2025-06-22,53,2024-06-16,236.4,285.0,350.0,480.2,661.4,883.8,1121.6,1282.0,1432.8,1102,154.73777777777778,106.24888888888887,0.0,48.4888888888889,440.6,False,True,True,True
gru_negbin,dengue,3,MG,2025-06-29,54,2024-06-16,202.0,242.4,295.6,401.8,548.4,727.4,918.2,1046.6,1166.6,914,128.30777777777777,86.8411111111111,0.0,41.46666666666667,365.6,False,True,True,True
gru_negbin,dengue,3,MG,2025-07-06,55,2024-06-16,178.8,212.0,256.2,343.4,462.2,606.2,759.0,861.0,956.0,788,120.34666666666668,73.50222222222222,0.0,46.844444444444434,325.8,False,False,True,True
gru_negbin,dengue,3,MG,2025-07-13,56,2024-06-16,161.2,189.8,227.0,300.0,399.4,518.2,643.6,727.2,805.2,611,75.06222222222222,54.44000000000001,0.0,20.622222222222213,211.60000000000002,False,True,True,True
gru_negbin,dengue,3,MG,2025-07-20,57,2024-06-16,147.6,172.6,204.8,268.0,352.4,453.2,559.0,629.2,694.6,624,108.85000000000001,56.45,0.0,52.400000000000006,271.6,False,False,True,True
gru_negbin,dengue,3,MG,2025-07-27,58,2024-06-16,138.8,160.8,189.4,244.2,317.4,403.8,493.6,553.2,608.2,515,74.01666666666667,44.550000000000004,0.0,29.466666666666658,197.60000000000002,False,False,True,True
gru_negbin,dengue,3,MG,2025-08-03,59,2024-06-16,132.2,152.4,178.2,227.6,292.6,369.2,448.8,500.8,549.2,471,67.44555555555556,39.89,0.0,27.555555555555557,178.39999999999998,False,False,True,True
gru_negbin,dengue,3,MG,2025-08-10,60,2024-06-16,127.6,146.6,170.4,216.2,276.6,346.8,419.6,467.0,511.2,499,101.77333333333331,43.19555555555555,0.0,58.57777777777777,222.39999999999998,False,False,False,True
gru_negbin,dengue,3,MG,2025-08-17,61,2024-06-16,124.0,142.0,164.8,208.4,265.4,332.2,400.6,445.6,487.4,595,212.84333333333333,54.132222222222225,0.0,158.7111111111111,329.6,False,False,False,False
gru_negbin,dengue,3,MG,2025-08-24,62,2024-06-16,121.2,138.4,160.2,201.8,256.0,319.2,384.2,426.8,466.4,597,230.37777777777774,54.511111111111106,0.0,175.86666666666667,341.0,False,False,False,False
gru_negbin,dengue,3,MG,2025-08-31,63,2024-06-16,119.6,136.4,157.6,198.0,250.4,311.6,374.4,415.4,453.4,671,313.74999999999994,62.81666666666667,0.0,250.93333333333334,420.6,False,False,False,False
gru_negbin,dengue,3,MG,2025-09-07,64,2024-06-16,119.6,135.8,157.0,196.4,247.8,307.4,368.4,408.6,445.6,810,458.1733333333333,78.17333333333335,0.0,380.0,562.2,False,False,False,False
gru_negbin,dengue,3,MG,2025-09-14,65,2024-06-16,119.2,135.0,155.4,194.6,244.8,303.2,362.8,402.0,438.2,795,448.47,76.51444444444445,0.0,371.9555555555555,550.2,False,False,False,False
gru_negbin,dengue,3,MG,2025-09-21,66,2024-06-16,117.8,133.6,154.4,193.0,243.4,302.0,361.6,400.6,436.8,861,515.798888888889,84.02111111111111,0.0,431.7777777777778,617.6,False,False,False,False
gru_negbin,dengue,3,MG,2025-09-28,67,2024-06-16,115.6,131.8,152.2,191.4,242.0,301.2,362.0,401.8,438.6,959,613.5344444444445,95.22333333333333,0.0,518.3111111111111,717.0,False,False,False,False
gru_negbin,dengue,3,MS,2024-10-06,16,2024-06-16,24.8,32.0,41.2,61.2,90.0,126.8,167.8,195.8,222.0,31,25.128888888888888,15.92888888888889,9.200000000000001,0.0,59.0,False,False,False,True
gru_negbin,dengue,3,MS,2024-10-13,17,2024-06-16,26.2,33.4,43.8,65.8,98.8,141.2,188.4,221.2,251.8,26,33.31999999999999,18.83111111111111,14.488888888888889,0.0,72.8,False,False,False,False
gru_negbin,dengue,3,MS,2024-10-20,18,2024-06-16,26.6,34.6,46.2,71.0,108.4,157.8,213.4,251.6,288.0,28,36.401111111111106,21.334444444444447,15.06666666666667,0.0,80.4,False,False,False,True
gru_negbin,dengue,3,MS,2024-10-27,19,2024-06-16,26.6,35.4,48.4,76.8,120.2,178.6,244.8,291.2,335.6,36,35.75666666666666,23.934444444444445,11.822222222222221,0.0,84.2,False,False,True,True
gru_negbin,dengue,3,MS,2024-11-03,20,2024-06-16,26.6,36.4,50.6,83.2,134.6,204.6,285.2,341.8,396.6,41,39.31777777777778,27.806666666666665,11.511111111111113,0.0,93.6,False,False,True,True
gru_negbin,dengue,3,MS,2024-11-10,21,2024-06-16,27.2,37.8,54.4,92.0,153.6,238.8,338.0,408.4,476.0,31,54.95777777777777,34.691111111111105,20.266666666666666,0.0,122.6,False,False,False,True
gru_negbin,dengue,3,MS,2024-11-17,22,2024-06-16,27.8,40.0,58.6,103.4,177.0,281.4,404.6,492.6,577.6,41,58.550000000000004,40.77222222222222,17.77777777777778,0.0,136.0,False,False,True,True
gru_negbin,dengue,3,MS,2024-11-24,23,2024-06-16,29.0,42.4,63.8,116.4,205.8,334.4,487.6,597.6,704.2,35,76.56,50.42666666666667,26.133333333333333,0.0,170.8,False,False,False,True
gru_negbin,dengue,3,MS,2024-12-01,24,2024-06-16,30.8,46.2,70.6,132.4,238.6,392.4,576.8,709.4,838.6,39,89.10555555555555,59.727777777777774,29.377777777777776,0.0,199.6,False,False,False,True
gru_negbin,dengue,3,MS,2024-12-08,25,2024-06-16,33.8,51.4,79.8,152.4,277.8,461.4,682.0,841.0,996.2,70,88.24666666666666,67.75777777777779,20.48888888888889,0.0,207.8,False,False,True,True
gru_negbin,dengue,3,MS,2024-12-15,26,2024-06-16,38.8,59.4,92.8,177.8,327.0,544.6,806.4,995.8,1180.4,57,118.31555555555555,82.98222222222222,35.33333333333334,0.0,270.0,False,False,False,True
gru_negbin,dengue,3,MS,2024-12-22,27,2024-06-16,45.4,69.2,108.8,209.0,384.2,639.6,948.0,1170.0,1386.8,92,124.45444444444446,94.7211111111111,29.733333333333334,0.0,292.2,False,False,True,True
gru_negbin,dengue,3,MS,2024-12-29,28,2024-06-16,54.6,83.4,130.2,248.0,454.2,754.2,1115.8,1375.8,1629.8,139,132.38,108.15777777777777,24.22222222222222,0.0,315.2,False,True,True,True
gru_negbin,dengue,3,MS,2025-01-05,29,2024-06-16,71.2,106.8,163.4,305.6,549.8,902.8,1325.2,1629.2,1924.6,205,146.87444444444444,124.51888888888887,22.35555555555556,0.0,344.79999999999995,False,True,True,True
gru_negbin,dengue,3,MS,2025-01-12,30,2024-06-16,96.4,141.2,210.8,382.0,669.8,1079.0,1564.4,1911.2,2248.2,249,176.73444444444445,147.1788888888889,29.555555555555557,0.0,420.79999999999995,False,True,True,True
gru_negbin,dengue,3,MS,2025-01-19,31,2024-06-16,128.4,183.4,268.4,470.6,804.0,1271.2,1819.0,2208.6,2585.8,272,218.33444444444444,174.20111111111112,44.13333333333334,0.0,532.0,False,True,True,True
gru_negbin,dengue,3,MS,2025-01-26,32,2024-06-16,166.8,233.4,334.4,570.6,952.4,1480.4,2094.0,2528.8,2948.0,330,254.2022222222222,199.75777777777776,54.44444444444444,0.0,622.4,False,False,True,True
gru_negbin,dengue,3,MS,2025-02-02,33,2024-06-16,210.0,288.6,406.0,676.4,1106.8,1694.2,2371.8,2849.2,3308.4,340,320.5155555555555,231.09333333333336,89.42222222222222,0.0,766.8,False,False,True,True
gru_negbin,dengue,3,MS,2025-02-09,34,2024-06-16,253.2,343.0,475.4,774.6,1244.0,1877.4,2602.4,3111.2,3599.6,397,353.32666666666665,251.99333333333334,101.33333333333333,0.0,847.0,False,False,True,True
gru_negbin,dengue,3,MS,2025-02-16,35,2024-06-16,292.8,392.2,536.2,860.4,1360.8,2031.0,2793.4,3326.2,3836.2,432,389.03444444444443,270.6788888888889,118.35555555555555,0.0,928.8,False,False,True,True
gru_negbin,dengue,3,MS,2025-02-23,36,2024-06-16,329.8,437.2,592.2,936.0,1461.6,2159.4,2948.8,3499.4,4025.4,455,424.1133333333334,286.73555555555555,137.3777777777778,0.0,1006.5999999999999,False,False,True,True
gru_negbin,dengue,3,MS,2025-03-02,37,2024-06-16,362.0,476.0,638.6,996.8,1540.4,2256.4,3062.8,3623.4,4158.0,536,416.7088888888889,291.5088888888889,125.19999999999999,0.0,1004.4000000000001,False,False,True,True
gru_negbin,dengue,3,MS,2025-03-09,38,2024-06-16,384.4,501.6,667.4,1029.4,1573.2,2284.6,3081.6,3634.6,4161.2,554,423.26444444444445,292.41999999999996,130.84444444444446,0.0,1019.2,False,False,True,True
gru_negbin,dengue,3,MS,2025-03-16,39,2024-06-16,403.8,522.0,688.2,1047.6,1581.8,2276.2,3049.6,3584.2,4092.6,724,342.47111111111104,270.55999999999995,71.9111111111111,0.0,857.8,False,True,True,True
gru_negbin,dengue,3,MS,2025-03-23,40,2024-06-16,415.2,532.4,696.2,1047.0,1564.2,2232.2,2972.8,3483.0,3967.4,715,337.08777777777783,263.31,73.77777777777777,0.0,849.2,False,True,True,True
gru_negbin,dengue,3,MS,2025-03-30,41,2024-06-16,409.6,521.6,677.6,1009.2,1495.0,2119.0,2808.6,3282.6,3732.2,697,316.1922222222222,246.81444444444443,69.3777777777778,0.0,798.0,False,True,True,True
gru_negbin,dengue,3,MS,2025-04-06,42,2024-06-16,392.0,495.8,639.4,942.0,1383.2,1946.6,2566.4,2991.4,3394.0,775,247.72888888888895,210.61777777777777,37.111111111111114,0.0,608.2,False,True,True,True
gru_negbin,dengue,3,MS,2025-04-13,43,2024-06-16,356.0,447.6,573.4,837.6,1219.6,1705.4,2238.0,2602.6,2947.2,626,236.51999999999998,189.49777777777777,47.022222222222226,0.0,593.5999999999999,False,True,True,True
gru_negbin,dengue,3,MS,2025-04-20,44,2024-06-16,315.2,394.8,504.0,732.0,1061.4,1478.2,1934.6,2246.4,2541.4,636,174.78777777777776,153.45444444444445,21.333333333333332,0.0,425.4000000000001,False,True,True,True
gru_negbin,dengue,3,MS,2025-04-27,45,2024-06-16,270.4,338.2,430.8,624.8,904.0,1257.6,1643.8,1907.6,2157.0,538,149.98555555555558,130.69666666666666,19.288888888888877,0.0,366.0,False,True,True,True
gru_negbin,dengue,3,MS,2025-05-04,46,2024-06-16,224.4,280.6,357.6,518.2,749.4,1042.0,1362.8,1581.4,1788.0,579,93.5111111111111,93.5111111111111,0.0,0.0,170.39999999999998,True,True,True,True
gru_negbin,dengue,3,MS,2025-05-11,47,2024-06-16,180.2,225.2,287.4,417.4,604.8,842.2,1101.8,1279.8,1447.8,580,63.21333333333333,63.21333333333333,0.0,0.0,24.799999999999955,True,True,True,True
gru_negbin,dengue,3,MS,2025-05-18,48,2024-06-16,140.0,175.8,225.0,328.6,478.4,668.8,877.8,1021.0,1156.0,617,63.842222222222226,63.842222222222226,0.0,0.0,138.60000000000002,True,True,True,True
gru_negbin,dengue,3,MS,2025-05-25,49,2024-06-16,106.6,134.6,173.4,255.0,374.4,526.6,694.4,809.6,918.6,478,50.1888888888889,50.1888888888889,0.0,0.0,103.60000000000002,True,True,True,True
gru_negbin,dengue,3,MS,2025-06-01,50,2024-06-16,81.2,103.0,133.6,197.8,291.6,412.2,545.0,636.4,722.8,331,34.92222222222222,34.92222222222222,0.0,0.0,39.39999999999998,True,True,True,True
gru_negbin,dengue,3,MS,2025-06-08,51,2024-06-16,62.4,79.2,102.6,152.6,225.2,318.0,420.8,491.4,558.0,296,31.459999999999997,31.459999999999997,0.0,0.0,70.80000000000001,True,True,True,True
gru_negbin,dengue,3,MS,2025-06-15,52,2024-06-16,48.4,61.6,80.4,119.0,175.6,247.6,327.2,382.4,433.8,238,25.267777777777777,25.267777777777777,0.0,0.0,62.400000000000006,True,True,True,True
gru_negbin,dengue,3,MS,2025-06-22,53,2024-06-16,39.2,49.6,64.6,95.6,141.2,199.2,263.6,307.4,348.8,145,15.184444444444445,15.184444444444445,0.0,0.0,3.8000000000000114,True,True,True,True
gru_negbin,dengue,3,MS,2025-06-29,54,2024-06-16,32.0,41.0,53.2,79.0,116.6,164.8,217.4,253.6,288.0,150,15.911111111111113,15.911111111111113,0.0,0.0,33.400000000000006,True,True,True,True
gru_negbin,dengue,3,MS,2025-07-06,55,2024-06-16,26.8,34.4,44.8,66.8,99.0,140.2,184.8,216.0,245.2,141,15.264444444444447,15.086666666666666,0.0,0.1777777777777803,42.0,False,True,True,True
gru_negbin,dengue,3,MS,2025-07-13,56,2024-06-16,22.8,29.4,38.4,57.8,86.0,122.0,161.4,188.4,214.2,95,10.129999999999999,10.129999999999999,0.0,0.0,9.0,True,True,True,True
gru_negbin,dengue,3,MS,2025-07-20,57,2024-06-16,19.8,25.6,33.6,50.8,75.8,108.0,143.4,167.8,190.8,78,8.392222222222223,8.392222222222223,0.0,0.0,2.200000000000003,True,True,True,True
gru_negbin,dengue,3,MS,2025-07-27,58,2024-06-16,17.6,23.0,30.2,45.6,68.0,96.6,128.4,150.0,170.4,63,7.83111111111111,7.83111111111111,0.0,0.0,5.0,True,True,True,True
gru_negbin,dengue,3,MS,2025-08-03,59,2024-06-16,16.2,21.0,28.0,41.6,62.4,88.4,117.0,137.0,156.0,63,6.71,6.71,0.0,0.0,0.6000000000000014,True,True,True,True
gru_negbin,dengue,3,MS,2025-08-10,60,2024-06-16,15.0,19.6,25.8,38.8,57.8,82.8,109.2,127.8,145.6,51,6.98111111111111,6.98111111111111,0.0,0.0,6.799999999999997,True,True,True,True
gru_negbin,dengue,3,MS,2025-08-17,61,2024-06-16,14.0,18.4,24.2,36.6,54.8,77.8,103.6,121.0,138.0,67,7.237777777777778,7.237777777777778,0.0,0.0,12.200000000000003,True,True,True,True
gru_negbin,dengue,3,MS,2025-08-24,62,2024-06-16,13.2,17.6,23.0,35.2,52.8,75.4,100.2,117.2,133.4,50,6.0344444444444445,6.0344444444444445,0.0,0.0,2.799999999999997,True,True,True,True
gru_negbin,dengue,3,MS,2025-08-31,63,2024-06-16,13.2,17.2,22.6,34.6,52.0,74.0,98.6,115.2,131.2,58,6.288888888888888,6.288888888888888,0.0,0.0,6.0,True,True,True,True
gru_negbin,dengue,3,MS,2025-09-07,64,2024-06-16,13.2,17.2,22.6,34.4,51.8,74.0,98.6,115.4,131.2,62,6.76888888888889,6.76888888888889,0.0,0.0,10.200000000000003,True,True,True,True
gru_negbin,dengue,3,MS,2025-09-14,65,2024-06-16,13.4,17.4,23.2,35.4,53.0,76.2,101.6,119.2,136.0,70,7.71,7.71,0.0,0.0,17.0,True,True,True,True
gru_negbin,dengue,3,MS,2025-09-21,66,2024-06-16,13.8,18.0,23.8,36.8,56.0,80.6,108.0,126.8,144.8,54,6.463333333333333,6.463333333333333,0.0,0.0,2.0,True,True,True,True
gru_negbin,dengue,3,MS,2025-09-28,67,2024-06-16,14.0,18.8,25.0,38.8,59.6,86.8,117.4,138.2,158.4,57,7.137777777777779,7.137777777777779,0.0,0.0,2.6000000000000014,True,True,True,True
gru_negbin,dengue,3,MT,2024-10-06,16,2024-06-16,72.8,83.0,96.2,120.8,153.0,189.4,227.4,252.2,275.2,80,31.175555555555555,17.84222222222222,13.333333333333334,0.0,73.0,False,False,False,True
gru_negbin,dengue,3,MT,2024-10-13,17,2024-06-16,74.2,85.6,99.8,127.2,163.0,205.2,248.4,277.0,303.4,94,27.36888888888889,18.702222222222222,8.666666666666666,0.0,69.0,False,False,True,True
gru_negbin,dengue,3,MT,2024-10-20,18,2024-06-16,75.2,87.6,103.8,134.6,175.6,224.2,274.8,308.0,339.0,100,29.62555555555555,21.09222222222222,8.533333333333331,0.0,75.6,False,False,True,True
gru_negbin,dengue,3,MT,2024-10-27,19,2024-06-16,76.4,90.0,108.0,143.4,191.0,248.2,308.4,348.4,385.8,113,30.287777777777777,23.532222222222217,6.755555555555556,0.0,78.0,False,True,True,True
gru_negbin,dengue,3,MT,2024-11-03,20,2024-06-16,76.2,91.4,111.4,151.8,207.8,276.2,349.2,398.2,444.2,132,30.471111111111114,26.071111111111108,4.400000000000002,0.0,75.80000000000001,False,True,True,True
gru_negbin,dengue,3,MT,2024-11-10,21,2024-06-16,74.4,90.8,113.8,159.8,225.0,306.6,394.8,454.8,511.2,173,26.64888888888889,26.64888888888889,0.0,0.0,52.0,True,True,True,True
gru_negbin,dengue,3,MT,2024-11-17,22,2024-06-16,73.6,91.6,116.6,168.6,243.8,339.4,443.8,515.4,583.2,226,26.27777777777778,26.27777777777778,0.0,0.0,17.80000000000001,True,True,True,True
gru_negbin,dengue,3,MT,2024-11-24,23,2024-06-16,73.2,93.2,121.0,180.0,267.2,379.2,503.2,588.8,669.8,305,32.58111111111111,32.58111111111111,0.0,0.0,37.80000000000001,True,True,True,True
gru_negbin,dengue,3,MT,2024-12-01,24,2024-06-16,74.6,96.4,127.2,193.8,293.0,422.2,567.2,667.0,762.4,457,58.583333333333336,50.85,0.0,7.733333333333336,164.0,False,True,True,True
gru_negbin,dengue,3,MT,2024-12-08,25,2024-06-16,78.6,102.8,136.6,210.0,321.0,466.4,629.4,742.4,850.2,561,84.27777777777779,63.25555555555556,0.0,21.022222222222226,240.0,False,True,True,True
gru_negbin,dengue,3,MT,2024-12-15,26,2024-06-16,85.8,111.8,149.0,230.8,353.8,515.2,696.6,823.0,942.8,642,100.83222222222223,72.65444444444444,0.0,28.177777777777766,288.2,False,True,True,True
gru_negbin,dengue,3,MT,2024-12-22,27,2024-06-16,96.8,126.0,167.4,258.0,394.8,573.8,774.6,914.0,1046.8,651,90.69333333333333,73.53777777777776,0.0,17.155555555555566,256.2,False,True,True,True
gru_negbin,dengue,3,MT,2024-12-29,28,2024-06-16,114.2,148.2,195.6,298.4,452.6,654.2,879.6,1035.8,1184.2,1009,220.19555555555556,112.59555555555555,0.0,107.59999999999998,556.4,False,False,True,True
gru_negbin,dengue,3,MT,2025-01-05,29,2024-06-16,140.4,179.4,234.8,353.8,530.8,760.0,1015.2,1191.8,1359.4,1601,638.5300000000001,176.8411111111111,0.0,461.68888888888887,1070.2,False,False,False,False
gru_negbin,dengue,3,MT,2025-01-12,30,2024-06-16,174.0,219.8,283.4,418.8,617.6,873.0,1156.2,1350.6,1535.6,2062,965.8244444444445,225.24666666666667,0.0,740.5777777777779,1444.4,False,False,False,False
gru_negbin,dengue,3,MT,2025-01-19,31,2024-06-16,213.0,265.4,337.4,489.4,709.6,990.0,1298.0,1509.2,1709.4,2209,977.757777777778,237.89111111111112,0.0,739.8666666666667,1499.4,False,False,False,False
gru_negbin,dengue,3,MT,2025-01-26,32,2024-06-16,254.2,313.4,393.6,560.6,799.8,1101.8,1432.0,1657.0,1869.6,2003,644.4233333333334,210.73444444444442,0.0,433.6888888888889,1203.2,False,False,False,False
gru_negbin,dengue,3,MT,2025-02-02,33,2024-06-16,297.6,362.6,450.6,631.8,889.0,1210.6,1560.0,1797.4,2021.2,1837,397.21555555555557,187.66,0.0,209.55555555555554,948.0,False,False,False,True
gru_negbin,dengue,3,MT,2025-02-09,34,2024-06-16,338.6,409.4,504.2,697.2,968.6,1305.6,1669.4,1915.6,2147.0,1809,322.7422222222222,179.85333333333332,0.0,142.88888888888889,840.4,False,False,True,True
gru_negbin,dengue,3,MT,2025-02-16,35,2024-06-16,373.8,448.4,547.4,748.0,1027.2,1371.0,1739.8,1989.0,2222.8,1673,227.36555555555555,160.25444444444443,0.0,67.11111111111111,645.8,False,True,True,True
gru_negbin,dengue,3,MT,2025-02-23,36,2024-06-16,400.8,477.4,578.2,780.2,1058.4,1398.4,1761.0,2004.2,2232.4,1152,98.16888888888887,98.16888888888887,0.0,0.0,93.59999999999991,True,True,True,True
gru_negbin,dengue,3,MT,2025-03-02,37,2024-06-16,421.8,498.6,599.6,800.2,1074.2,1405.8,1757.4,1993.0,2213.0,1206,100.57333333333332,100.57333333333332,0.0,0.0,131.79999999999995,True,True,True,True
gru_negbin,dengue,3,MT,2025-03-09,38,2024-06-16,435.0,511.4,611.4,808.8,1076.0,1397.6,1737.2,1964.2,2175.6,1163,93.20777777777778,93.20777777777778,0.0,0.0,87.0,True,True,True,True
gru_negbin,dengue,3,MT,2025-03-16,39,2024-06-16,451.4,528.6,629.2,826.4,1091.6,1409.8,1744.0,1966.6,2173.6,1065,85.68555555555554,85.68555555555554,0.0,0.0,26.59999999999991,True,True,True,True
gru_negbin,dengue,3,MT,2025-03-23,40,2024-06-16,462.2,539.4,639.8,835.2,1097.6,1410.0,1737.4,1955.2,2157.6,1028,89.20777777777778,89.20777777777778,0.0,0.0,69.59999999999991,True,True,True,True
gru_negbin,dengue,3,MT,2025-03-30,41,2024-06-16,465.2,541.4,639.6,831.6,1087.2,1391.6,1709.6,1920.4,2116.8,939,95.85333333333332,95.85333333333332,0.0,0.0,148.20000000000005,True,True,True,True
gru_negbin,dengue,3,MT,2025-04-06,42,2024-06-16,463.6,539.2,636.2,824.6,1075.6,1373.8,1684.6,1890.8,2082.2,990,87.32999999999998,87.32999999999998,0.0,0.0,85.59999999999991,True,True,True,True
gru_negbin,dengue,3,MT,2025-04-13,43,2024-06-16,453.8,527.4,621.8,806.6,1052.6,1344.2,1648.6,1850.6,2038.0,865,97.0322222222222,97.0322222222222,0.0,0.0,187.5999999999999,True,True,True,True
gru_negbin,dengue,3,MT,2025-04-20,44,2024-06-16,439.2,510.8,603.0,782.4,1021.6,1305.4,1602.0,1798.2,1980.8,1029,74.94666666666666,74.94666666666666,0.0,0.0,7.399999999999977,True,True,True,True
gru_negbin,dengue,3,MT,2025-04-27,45,2024-06-16,410.4,476.8,563.2,730.8,954.4,1219.8,1496.6,1680.6,1851.2,974,71.46666666666667,71.46666666666667,0.0,0.0,19.600000000000023,True,True,True,True
gru_negbin,dengue,3,MT,2025-05-04,46,2024-06-16,375.0,436.6,516.0,670.8,876.8,1122.0,1378.6,1548.6,1706.4,1243,131.56555555555556,104.67666666666668,0.0,26.88888888888889,366.20000000000005,False,True,True,True
gru_negbin,dengue,3,MT,2025-05-11,47,2024-06-16,332.6,387.8,459.2,598.2,784.6,1006.0,1238.0,1391.8,1535.0,1245,163.62,108.95333333333332,0.0,54.666666666666664,460.4,False,False,True,True
gru_negbin,dengue,3,MT,2025-05-18,48,2024-06-16,290.2,339.0,401.8,525.6,690.6,887.6,1094.0,1231.2,1358.6,1189,194.80888888888887,106.72,0.0,88.08888888888889,498.4,False,False,True,True
gru_negbin,dengue,3,MT,2025-05-25,49,2024-06-16,249.0,291.4,346.4,453.8,598.2,770.2,950.8,1070.6,1182.6,867,96.2311111111111,74.72,0.0,21.511111111111102,268.79999999999995,False,True,True,True
gru_negbin,dengue,3,MT,2025-06-01,50,2024-06-16,211.4,248.0,295.2,388.2,513.0,662.0,818.8,922.8,1020.0,850,124.99222222222222,76.2811111111111,0.0,48.71111111111112,337.0,False,False,True,True
gru_negbin,dengue,3,MT,2025-06-08,51,2024-06-16,179.0,210.0,250.2,328.4,434.0,560.2,692.2,780.6,862.4,622,67.4588888888889,53.72555555555556,0.0,13.733333333333324,188.0,False,True,True,True
gru_negbin,dengue,3,MT,2025-06-15,52,2024-06-16,152.2,178.0,211.2,276.8,364.2,468.8,578.0,650.8,718.2,447,36.41555555555556,36.41555555555556,0.0,0.0,82.80000000000001,True,True,True,True
gru_negbin,dengue,3,MT,2025-06-22,53,2024-06-16,132.4,154.4,182.8,238.2,311.8,399.6,490.8,552.0,608.0,411,36.42666666666666,33.89333333333334,0.0,2.5333333333333283,99.19999999999999,False,True,True,True
gru_negbin,dengue,3,MT,2025-06-29,54,2024-06-16,117.2,135.8,160.0,207.0,269.0,342.6,418.6,469.4,516.2,350,29.84777777777778,28.203333333333333,0.0,1.6444444444444395,81.0,False,True,True,True
gru_negbin,dengue,3,MT,2025-07-06,55,2024-06-16,104.6,120.8,141.4,180.6,232.6,293.2,356.4,397.8,436.4,264,19.44333333333333,19.44333333333333,0.0,0.0,31.400000000000006,True,True,True,True
gru_negbin,dengue,3,MT,2025-07-13,56,2024-06-16,95.0,108.8,126.8,160.6,205.0,256.6,309.6,344.2,376.8,225,15.79888888888889,15.79888888888889,0.0,0.0,20.0,True,True,True,True
gru_negbin,dengue,3,MT,2025-07-20,57,2024-06-16,87.0,99.0,114.6,144.2,182.4,227.0,272.6,302.4,329.8,227,16.675555555555558,16.675555555555558,0.0,0.0,44.599999999999994,True,True,True,True
gru_negbin,dengue,3,MT,2025-07-27,58,2024-06-16,79.0,90.2,103.8,129.8,163.2,202.2,242.0,268.0,291.8,217,19.51777777777778,16.22888888888889,0.0,3.2888888888888914,53.80000000000001,False,True,True,True
gru_negbin,dengue,3,MT,2025-08-03,59,2024-06-16,72.4,82.0,94.6,117.8,148.2,182.8,218.2,241.4,262.8,161,10.608888888888892,10.608888888888892,0.0,0.0,12.800000000000011,True,True,True,True
gru_negbin,dengue,3,MT,2025-08-10,60,2024-06-16,66.4,75.6,87.0,108.6,136.4,168.0,200.6,221.6,241.2,191,19.595555555555556,14.484444444444442,0.0,5.111111111111111,54.599999999999994,False,True,True,True
gru_negbin,dengue,3,MT,2025-08-17,61,2024-06-16,61.2,69.8,80.2,100.0,125.4,155.4,185.2,205.0,223.0,119,8.523333333333333,8.523333333333333,0.0,0.0,6.400000000000006,True,True,True,True
gru_negbin,dengue,3,MT,2025-08-24,62,2024-06-16,57.2,64.8,75.0,93.6,117.8,145.6,173.8,192.2,209.4,116,7.545555555555556,7.545555555555556,0.0,0.0,1.7999999999999972,True,True,True,True
gru_negbin,dengue,3,MT,2025-08-31,63,2024-06-16,53.4,60.8,70.6,88.4,111.6,138.2,165.8,183.2,199.8,127,8.766666666666667,8.766666666666667,0.0,0.0,15.400000000000006,True,True,True,True
gru_negbin,dengue,3,MT,2025-09-07,64,2024-06-16,50.0,56.8,66.0,83.2,105.6,131.2,157.6,175.0,190.8,148,15.242222222222226,11.508888888888889,0.0,3.733333333333336,42.400000000000006,False,True,True,True
gru_negbin,dengue,3,MT,2025-09-14,65,2024-06-16,47.6,54.4,63.2,80.2,102.0,127.6,153.4,170.4,186.4,153,18.008888888888887,12.364444444444443,0.0,5.644444444444446,51.0,False,True,True,True
gru_negbin,dengue,3,MT,2025-09-21,66,2024-06-16,46.6,53.4,62.4,79.6,101.8,128.0,154.8,172.4,188.6,142,14.431111111111111,11.32,0.0,3.111111111111111,40.2,False,True,True,True
gru_negbin,dengue,3,MT,2025-09-28,67,2024-06-16,46.2,53.6,63.0,81.0,104.6,132.6,161.4,180.6,197.8,170,24.795555555555556,14.573333333333332,0.0,10.222222222222221,65.4,False,False,True,True
gru_negbin,dengue,3,PA,2024-10-06,16,2024-06-16,36.4,42.6,50.4,65.6,85.6,109.2,133.6,149.8,165.0,83,6.4655555555555555,6.4655555555555555,0.0,0.0,2.5999999999999943,True,True,True,True
gru_negbin,dengue,3,PA,2024-10-13,17,2024-06-16,35.2,41.6,49.6,65.6,86.2,111.2,137.0,154.2,170.0,102,8.231111111111112,8.231111111111112,0.0,0.0,15.799999999999997,True,True,True,True
gru_negbin,dengue,3,PA,2024-10-20,18,2024-06-16,34.4,40.8,49.4,65.6,87.8,114.4,142.2,160.6,178.2,114,9.814444444444444,9.814444444444444,0.0,0.0,26.200000000000003,True,True,True,True
gru_negbin,dengue,3,PA,2024-10-27,19,2024-06-16,33.2,40.2,49.0,66.6,90.4,119.4,149.6,169.8,189.0,122,11.56333333333333,10.985555555555555,0.0,0.5777777777777765,31.599999999999994,False,True,True,True
gru_negbin,dengue,3,PA,2024-11-03,20,2024-06-16,33.0,40.2,49.6,68.6,94.8,126.6,160.6,183.4,205.2,138,15.570000000000002,13.036666666666669,0.0,2.5333333333333345,43.2,False,True,True,True
gru_negbin,dengue,3,PA,2024-11-10,21,2024-06-16,32.6,40.4,50.6,71.2,100.2,136.0,174.4,200.6,225.2,157,20.178888888888885,15.512222222222217,0.0,4.666666666666667,56.8,False,True,True,True
gru_negbin,dengue,3,PA,2024-11-17,22,2024-06-16,32.8,41.2,52.0,75.2,107.0,147.6,190.8,221.0,248.6,194,30.992222222222225,19.97,0.0,11.02222222222222,87.0,False,False,True,True
gru_negbin,dengue,3,PA,2024-11-24,23,2024-06-16,34.0,43.0,55.2,80.6,117.2,163.2,213.8,248.2,280.6,150,15.40777777777778,15.40777777777778,0.0,0.0,32.8,True,True,True,True
gru_negbin,dengue,3,PA,2024-12-01,24,2024-06-16,36.6,46.6,60.4,89.6,132.0,186.2,246.0,286.8,325.8,185,19.655555555555555,19.655555555555555,0.0,0.0,53.0,True,True,True,True
gru_negbin,dengue,3,PA,2024-12-08,25,2024-06-16,41.4,53.0,68.6,102.0,150.6,212.8,281.2,328.4,373.0,195,20.715555555555554,20.715555555555554,0.0,0.0,44.400000000000006,True,True,True,True
gru_negbin,dengue,3,PA,2024-12-15,26,2024-06-16,49.2,62.4,80.6,118.4,174.0,244.6,322.4,375.8,426.4,206,21.517777777777777,21.517777777777777,0.0,0.0,32.0,True,True,True,True
gru_negbin,dengue,3,PA,2024-12-22,27,2024-06-16,60.2,75.8,96.6,140.8,204.6,285.6,374.0,434.8,492.4,179,23.443333333333335,23.443333333333335,0.0,0.0,25.599999999999994,True,True,True,True
gru_negbin,dengue,3,PA,2024-12-29,28,2024-06-16,75.6,94.2,119.0,170.6,244.8,337.8,440.0,509.2,574.4,288,28.604444444444443,28.604444444444443,0.0,0.0,43.19999999999999,True,True,True,True
gru_negbin,dengue,3,PA,2025-01-05,29,2024-06-16,96.0,117.8,147.2,208.2,294.2,401.4,517.8,596.8,671.2,483,66.59777777777778,48.464444444444446,0.0,18.13333333333334,188.8,False,True,True,True
gru_negbin,dengue,3,PA,2025-01-12,30,2024-06-16,118.6,144.0,178.0,247.2,344.2,463.8,593.0,680.2,762.2,673,131.58888888888887,67.32222222222224,0.0,64.26666666666667,328.8,False,False,True,True
gru_negbin,dengue,3,PA,2025-01-19,31,2024-06-16,142.2,171.2,209.2,286.4,393.2,524.4,664.6,759.2,848.0,669,97.55222222222221,64.44111111111111,0.0,33.111111111111114,275.8,False,False,True,True
gru_negbin,dengue,3,PA,2025-01-26,32,2024-06-16,167.2,199.2,241.6,326.6,443.2,585.2,736.2,837.6,932.4,747,108.81333333333332,70.45777777777778,0.0,38.35555555555553,303.8,False,False,True,True
gru_negbin,dengue,3,PA,2025-02-02,33,2024-06-16,189.6,224.8,270.8,361.8,485.8,636.0,795.0,901.8,1001.0,862,145.82333333333332,80.71222222222222,0.0,65.11111111111111,376.2,False,False,True,True
gru_negbin,dengue,3,PA,2025-02-09,34,2024-06-16,204.6,240.6,288.2,381.2,507.4,659.2,819.4,926.6,1026.0,919,165.0344444444444,85.16777777777779,0.0,79.86666666666666,411.6,False,False,True,True
gru_negbin,dengue,3,PA,2025-02-16,35,2024-06-16,211.8,248.2,295.4,387.8,512.2,661.6,818.2,922.6,1019.8,757,87.2111111111111,66.0111111111111,0.0,21.199999999999996,244.79999999999995,False,True,True,True
gru_negbin,dengue,3,PA,2025-02-23,36,2024-06-16,212.4,247.6,293.2,381.6,500.2,641.6,789.4,887.4,979.2,655,57.01777777777777,54.03999999999999,0.0,2.9777777777777725,154.8,False,True,True,True
gru_negbin,dengue,3,PA,2025-03-02,37,2024-06-16,205.8,238.8,281.2,363.8,473.8,603.4,739.0,828.4,911.6,658,66.55666666666667,54.42333333333333,0.0,12.133333333333338,184.2,False,True,True,True
gru_negbin,dengue,3,PA,2025-03-09,38,2024-06-16,193.6,224.2,263.2,338.8,438.8,556.8,679.4,760.6,835.2,650,75.06222222222223,54.35111111111111,0.0,20.711111111111123,211.2,False,True,True,True
gru_negbin,dengue,3,PA,2025-03-16,39,2024-06-16,178.8,206.6,242.0,310.2,400.4,506.2,616.0,688.0,755.0,668,104.99444444444445,57.483333333333334,0.0,47.51111111111111,267.6,False,False,True,True
gru_negbin,dengue,3,PA,2025-03-23,40,2024-06-16,167.6,193.0,225.8,288.8,371.2,467.8,567.6,633.6,694.6,574,72.91888888888887,47.89666666666667,0.0,25.022222222222215,202.8,False,False,True,True
gru_negbin,dengue,3,PA,2025-03-30,41,2024-06-16,156.2,179.6,209.4,267.0,342.4,430.6,521.4,581.4,637.0,580,95.78,49.55777777777778,0.0,46.22222222222222,237.60000000000002,False,False,True,True
gru_negbin,dengue,3,PA,2025-04-06,42,2024-06-16,141.0,162.2,189.2,240.8,308.8,387.8,469.8,523.4,573.0,446,48.99333333333333,36.06,0.0,12.93333333333333,137.2,False,True,True,True
gru_negbin,dengue,3,PA,2025-04-13,43,2024-06-16,125.0,143.6,167.6,213.4,273.2,343.4,415.6,463.2,507.4,402,45.742222222222225,32.72,0.0,13.022222222222227,128.8,False,True,True,True
gru_negbin,dengue,3,PA,2025-04-20,44,2024-06-16,110.2,126.8,148.0,188.2,241.4,303.4,367.6,409.8,449.2,481,130.48555555555555,42.93,0.0,87.55555555555556,239.6,False,False,False,False
gru_negbin,dengue,3,PA,2025-04-27,45,2024-06-16,97.0,111.8,130.4,166.2,213.0,267.8,324.2,361.4,396.0,382,75.96333333333334,33.16333333333333,0.0,42.800000000000004,169.0,False,False,False,True
gru_negbin,dengue,3,PA,2025-05-04,46,2024-06-16,84.4,97.2,113.0,143.8,184.4,231.6,280.0,312.0,341.4,402,135.02555555555554,36.58111111111111,0.0,98.44444444444444,217.6,False,False,False,False
gru_negbin,dengue,3,PA,2025-05-11,47,2024-06-16,73.4,84.4,98.6,125.2,160.4,201.0,243.0,270.6,296.0,381,149.32555555555552,35.236666666666665,0.0,114.08888888888889,220.6,False,False,False,False
gru_negbin,dengue,3,PA,2025-05-18,48,2024-06-16,64.4,74.0,86.2,109.8,140.4,176.0,212.6,236.6,259.2,339,136.2422222222222,31.442222222222217,0.0,104.8,198.6,False,False,False,False
gru_negbin,dengue,3,PA,2025-05-25,49,2024-06-16,56.8,65.0,76.0,96.6,123.8,154.8,187.2,208.4,227.8,284,105.55888888888889,26.047777777777778,0.0,79.51111111111112,160.2,False,False,False,False
gru_negbin,dengue,3,PA,2025-06-01,50,2024-06-16,50.2,57.8,67.2,85.8,109.4,137.2,165.8,184.2,201.4,250,92.11333333333333,22.91333333333333,0.0,69.19999999999999,140.6,False,False,False,False
gru_negbin,dengue,3,PA,2025-06-08,51,2024-06-16,44.4,51.4,60.2,76.2,97.8,122.4,148.0,164.8,180.0,237,95.95333333333332,21.997777777777777,0.0,73.95555555555555,139.2,False,False,False,False
gru_negbin,dengue,3,PA,2025-06-15,52,2024-06-16,40.4,46.6,54.4,69.6,89.2,111.6,135.0,150.2,164.2,183,54.38555555555556,16.385555555555552,0.0,38.00000000000001,93.8,False,False,False,False
gru_negbin,dengue,3,PA,2025-06-22,53,2024-06-16,38.2,44.0,51.2,65.2,83.6,104.6,126.6,140.6,153.8,154,33.49111111111111,13.402222222222221,0.0,20.08888888888889,70.4,False,False,False,False
gru_negbin,dengue,3,PA,2025-06-29,54,2024-06-16,36.8,42.4,49.4,62.6,80.0,99.8,120.2,133.6,145.8,142,28.236666666666668,12.147777777777778,0.0,16.08888888888889,62.0,False,False,False,True
gru_negbin,dengue,3,PA,2025-07-06,55,2024-06-16,36.0,41.4,47.8,60.6,77.2,96.0,115.6,128.4,140.0,193,82.77333333333334,17.884444444444444,0.0,64.88888888888889,115.8,False,False,False,False
gru_negbin,dengue,3,PA,2025-07-13,56,2024-06-16,34.8,40.0,46.6,58.8,74.8,92.8,111.6,124.0,135.0,163,56.534444444444446,14.623333333333331,0.0,41.91111111111112,88.2,False,False,False,False
gru_negbin,dengue,3,PA,2025-07-20,57,2024-06-16,33.8,38.8,45.4,57.6,72.6,90.6,108.8,120.6,131.4,189,85.31555555555558,17.62666666666667,0.0,67.6888888888889,116.4,False,False,False,False
gru_negbin,dengue,3,PA,2025-07-27,58,2024-06-16,33.0,38.0,44.2,56.0,71.2,88.6,106.4,118.2,129.0,201,99.44,19.040000000000006,0.0,80.4,129.8,False,False,False,False
gru_negbin,dengue,3,PA,2025-08-03,59,2024-06-16,32.0,36.8,43.0,54.4,69.4,86.6,104.2,115.6,126.0,226,126.74666666666667,21.94666666666667,0.0,104.80000000000001,156.6,False,False,False,False
gru_negbin,dengue,3,PA,2025-08-10,60,2024-06-16,30.0,35.0,40.8,51.8,66.2,83.0,100.0,111.0,121.6,164,68.69111111111111,15.26888888888889,0.0,53.422222222222224,97.8,False,False,False,False
gru_negbin,dengue,3,PA,2025-08-17,61,2024-06-16,28.4,33.0,38.6,49.6,63.6,79.6,96.6,107.6,117.6,185,93.01333333333334,17.768888888888892,0.0,75.24444444444445,121.4,False,False,False,False
gru_negbin,dengue,3,PA,2025-08-24,62,2024-06-16,27.2,31.2,36.8,47.4,61.2,77.2,93.4,104.6,114.4,171,81.83555555555556,16.413333333333338,0.0,65.42222222222222,109.8,False,False,False,False
gru_negbin,dengue,3,PA,2025-08-31,63,2024-06-16,25.4,29.6,35.2,45.4,58.2,74.0,90.0,100.8,110.4,228,142.22555555555556,22.93666666666667,0.0,119.28888888888888,169.8,False,False,False,False
gru_negbin,dengue,3,PA,2025-09-07,64,2024-06-16,23.8,27.8,33.0,42.8,56.0,71.2,86.8,97.4,107.0,218,135.25333333333333,22.008888888888887,0.0,113.24444444444445,162.0,False,False,False,False
gru_negbin,dengue,3,PA,2025-09-14,65,2024-06-16,22.6,26.6,31.4,41.4,54.2,69.4,85.0,95.4,104.8,201,120.14555555555557,20.27888888888889,0.0,99.86666666666666,146.8,False,False,False,False
gru_negbin,dengue,3,PA,2025-09-21,66,2024-06-16,21.4,25.2,30.2,39.8,52.6,67.6,83.2,93.2,102.8,190,111.01888888888888,19.19666666666667,0.0,91.82222222222222,137.4,False,False,False,False
gru_negbin,dengue,3,PA,2025-09-28,67,2024-06-16,20.4,24.2,29.2,39.0,51.8,66.4,82.2,92.4,102.0,162,83.93333333333334,16.155555555555555,0.0,67.77777777777777,110.2,False,False,False,False
gru_negbin,dengue,3,PB,2024-10-06,16,2024-06-16,19.6,25.2,33.2,50.8,76.6,110.2,147.2,172.6,197.0,118,14.790000000000001,13.056666666666667,0.0,1.7333333333333327,41.400000000000006,False,True,True,True
gru_negbin,dengue,3,PB,2024-10-13,17,2024-06-16,18.0,23.6,31.6,48.4,74.2,106.6,143.2,168.8,192.8,114,14.364444444444445,12.719999999999999,0.0,1.6444444444444457,39.8,False,True,True,True
gru_negbin,dengue,3,PB,2024-10-20,18,2024-06-16,16.8,22.4,30.0,47.0,72.4,105.2,142.6,168.2,192.4,139,23.242222222222217,15.73111111111111,0.0,7.51111111111111,66.6,False,True,True,True
gru_negbin,dengue,3,PB,2024-10-27,19,2024-06-16,15.4,20.6,28.2,45.4,71.2,105.2,143.6,170.0,195.6,125,18.925555555555558,14.525555555555558,0.0,4.3999999999999995,53.8,False,True,True,True
gru_negbin,dengue,3,PB,2024-11-03,20,2024-06-16,14.0,19.4,27.0,43.8,70.4,105.4,145.8,173.6,200.4,111,14.566666666666666,13.322222222222221,0.0,1.2444444444444431,40.599999999999994,False,True,True,True
gru_negbin,dengue,3,PB,2024-11-10,21,2024-06-16,13.0,18.0,25.6,43.2,70.0,106.6,148.8,178.2,206.8,109,13.983333333333334,13.45,0.0,0.5333333333333345,39.0,False,True,True,True
gru_negbin,dengue,3,PB,2024-11-17,22,2024-06-16,11.8,17.0,24.4,41.8,70.0,108.2,152.8,184.0,214.4,128,20.36777777777778,15.967777777777776,0.0,4.3999999999999995,58.0,False,True,True,True
gru_negbin,dengue,3,PB,2024-11-24,23,2024-06-16,10.6,15.6,23.2,41.0,70.0,110.6,157.4,191.0,223.4,111,14.624444444444444,14.535555555555554,0.0,0.08888888888889016,41.0,False,True,True,True
gru_negbin,dengue,3,PB,2024-12-01,24,2024-06-16,10.0,15.2,22.8,41.2,71.8,115.0,165.6,202.0,237.0,126,19.076666666666668,16.63222222222222,0.0,2.4444444444444446,54.2,False,True,True,True
gru_negbin,dengue,3,PB,2024-12-08,25,2024-06-16,10.0,15.0,23.0,42.0,74.4,120.4,174.6,213.2,251.2,135,21.244444444444444,18.0,0.0,3.244444444444443,60.599999999999994,False,True,True,True
gru_negbin,dengue,3,PB,2024-12-15,26,2024-06-16,10.6,15.4,24.0,44.4,79.0,128.4,186.6,228.6,269.0,100,14.417777777777777,14.417777777777777,0.0,0.0,21.0,True,True,True,True
gru_negbin,dengue,3,PB,2024-12-22,27,2024-06-16,11.8,17.4,26.6,48.8,86.4,139.8,203.4,249.0,293.0,105,15.186666666666664,15.186666666666664,0.0,0.0,18.599999999999994,True,True,True,True
gru_negbin,dengue,3,PB,2024-12-29,28,2024-06-16,13.8,20.2,30.4,55.0,96.6,155.6,225.4,275.4,323.6,92,14.99,14.99,0.0,0.0,4.599999999999994,True,True,True,True
gru_negbin,dengue,3,PB,2025-01-05,29,2024-06-16,16.6,24.2,36.0,64.0,110.8,176.2,253.2,308.2,361.4,100,17.33111111111111,17.33111111111111,0.0,0.0,10.799999999999997,True,True,True,True
gru_negbin,dengue,3,PB,2025-01-12,30,2024-06-16,21.6,30.2,44.0,76.2,129.2,202.8,289.2,350.2,409.4,143,19.72555555555556,19.72555555555556,0.0,0.0,13.800000000000011,True,True,True,True
gru_negbin,dengue,3,PB,2025-01-19,31,2024-06-16,27.2,37.8,53.8,91.4,151.4,234.6,330.2,398.0,463.2,189,24.699999999999996,24.699999999999996,0.0,0.0,37.599999999999994,True,True,True,True
gru_negbin,dengue,3,PB,2025-01-26,32,2024-06-16,34.4,46.8,65.8,108.6,176.4,268.6,374.4,448.6,519.6,172,23.39555555555556,23.39555555555556,0.0,0.0,4.400000000000006,True,True,True,True
gru_negbin,dengue,3,PB,2025-02-02,33,2024-06-16,42.6,57.0,78.8,127.2,202.4,303.2,418.6,498.8,575.6,209,25.932222222222226,25.932222222222226,0.0,0.0,6.599999999999994,True,True,True,True
gru_negbin,dengue,3,PB,2025-02-09,34,2024-06-16,50.6,67.8,92.0,146.4,229.0,339.2,464.0,550.8,634.0,306,36.1411111111111,36.1411111111111,0.0,0.0,77.0,True,True,True,True
gru_negbin,dengue,3,PB,2025-02-16,35,2024-06-16,58.6,77.6,104.6,164.4,254.8,374.4,509.6,603.6,693.0,364,42.16888888888889,42.16888888888889,0.0,0.0,109.19999999999999,True,True,True,True
gru_negbin,dengue,3,PB,2025-02-23,36,2024-06-16,65.6,86.2,116.0,180.6,278.6,407.6,552.6,653.2,749.4,161,49.83444444444444,45.478888888888896,4.355555555555554,0.0,117.60000000000002,False,True,True,True
gru_negbin,dengue,3,PB,2025-03-02,37,2024-06-16,70.6,92.4,124.2,193.4,297.6,434.2,587.8,694.6,796.4,175,52.114444444444445,48.02555555555555,4.08888888888889,0.0,122.60000000000002,False,True,True,True
gru_negbin,dengue,3,PB,2025-03-09,38,2024-06-16,73.8,97.2,130.2,202.4,311.4,454.8,616.2,727.8,834.6,226,45.54444444444444,45.54444444444444,0.0,0.0,85.39999999999998,True,True,True,True
gru_negbin,dengue,3,PB,2025-03-16,39,2024-06-16,76.0,100.0,134.6,209.8,323.8,473.6,642.2,758.8,870.2,202,52.93444444444445,51.20111111111112,1.7333333333333358,0.0,121.80000000000001,False,True,True,True
gru_negbin,dengue,3,PB,2025-03-23,40,2024-06-16,77.0,101.6,136.8,214.6,332.0,486.6,660.4,781.2,896.8,201,56.43,53.407777777777774,3.022222222222221,0.0,131.0,False,True,True,True
gru_negbin,dengue,3,PB,2025-03-30,41,2024-06-16,78.2,103.8,140.2,221.0,343.0,504.6,686.4,812.8,933.2,209,58.07666666666666,55.41,2.6666666666666665,0.0,134.0,False,True,True,True
gru_negbin,dengue,3,PB,2025-04-06,42,2024-06-16,79.6,106.2,144.0,227.8,355.8,524.6,715.4,848.0,975.0,248,54.38111111111111,54.38111111111111,0.0,0.0,107.80000000000001,True,True,True,True
gru_negbin,dengue,3,PB,2025-04-13,43,2024-06-16,79.4,105.8,144.6,230.6,362.4,537.6,736.2,874.2,1006.6,273,53.82444444444444,53.82444444444444,0.0,0.0,89.39999999999998,True,True,True,True
gru_negbin,dengue,3,PB,2025-04-20,44,2024-06-16,77.8,104.8,143.4,229.8,362.8,540.4,742.0,882.4,1017.2,292,52.28333333333333,52.28333333333333,0.0,0.0,70.80000000000001,True,True,True,True
gru_negbin,dengue,3,PB,2025-04-27,45,2024-06-16,76.0,102.4,140.8,227.8,361.4,541.0,745.2,888.2,1025.2,220,62.28,60.546666666666674,1.7333333333333358,0.0,141.39999999999998,False,True,True,True
gru_negbin,dengue,3,PB,2025-05-04,46,2024-06-16,72.6,98.2,136.2,221.0,354.2,533.0,738.0,881.2,1018.6,252,56.01777777777777,56.01777777777777,0.0,0.0,102.19999999999999,True,True,True,True
gru_negbin,dengue,3,PB,2025-05-11,47,2024-06-16,67.0,91.2,126.8,208.0,335.2,507.6,705.0,843.8,976.6,200,59.708888888888886,57.93111111111111,1.7777777777777777,0.0,135.2,False,True,True,True
gru_negbin,dengue,3,PB,2025-05-18,48,2024-06-16,60.6,82.8,115.8,191.2,309.6,470.2,654.6,784.4,909.0,205,51.60444444444445,51.60444444444445,0.0,0.0,104.60000000000002,True,True,True,True
gru_negbin,dengue,3,PB,2025-05-25,49,2024-06-16,55.0,75.8,105.8,175.0,284.2,432.6,603.0,723.2,838.8,176,48.93,48.93,0.0,0.0,108.19999999999999,True,True,True,True
gru_negbin,dengue,3,PB,2025-06-01,50,2024-06-16,49.6,68.4,95.6,158.6,258.6,394.6,551.6,661.8,767.8,213,38.894444444444446,38.894444444444446,0.0,0.0,45.60000000000002,True,True,True,True
gru_negbin,dengue,3,PB,2025-06-08,51,2024-06-16,44.8,61.6,86.2,143.2,234.4,358.2,501.4,602.4,699.2,162,38.86,38.86,0.0,0.0,72.4,True,True,True,True
gru_negbin,dengue,3,PB,2025-06-15,52,2024-06-16,40.2,55.2,77.4,129.0,210.8,322.8,452.4,543.6,631.8,138,35.90222222222222,35.90222222222222,0.0,0.0,72.80000000000001,True,True,True,True
gru_negbin,dengue,3,PB,2025-06-22,53,2024-06-16,36.6,50.2,70.6,117.6,191.8,294.4,412.4,496.0,576.6,135,31.682222222222215,31.682222222222215,0.0,0.0,56.80000000000001,True,True,True,True
gru_negbin,dengue,3,PB,2025-06-29,54,2024-06-16,34.0,46.6,65.2,108.4,177.0,270.8,379.6,456.0,530.0,129,28.646666666666665,28.646666666666665,0.0,0.0,48.0,True,True,True,True
gru_negbin,dengue,3,PB,2025-07-06,55,2024-06-16,31.8,43.4,60.6,100.4,164.0,250.8,351.6,422.6,490.8,130,25.36333333333333,25.36333333333333,0.0,0.0,34.0,True,True,True,True
gru_negbin,dengue,3,PB,2025-07-13,56,2024-06-16,29.8,40.6,56.6,93.6,152.6,233.4,327.2,393.4,457.2,122,23.474444444444444,23.474444444444444,0.0,0.0,30.599999999999994,True,True,True,True
gru_negbin,dengue,3,PB,2025-07-20,57,2024-06-16,27.8,38.0,52.8,87.2,142.0,216.6,303.4,364.6,423.4,142,18.584444444444443,18.584444444444443,0.0,0.0,0.0,True,True,True,True
gru_negbin,dengue,3,PB,2025-07-27,58,2024-06-16,26.0,35.6,49.6,81.4,132.0,201.0,280.8,337.0,391.0,117,18.825555555555557,18.825555555555557,0.0,0.0,15.0,True,True,True,True
gru_negbin,dengue,3,PB,2025-08-03,59,2024-06-16,24.4,33.4,46.2,75.8,122.2,186.4,260.4,312.2,362.4,121,16.013333333333335,16.013333333333335,0.0,0.0,1.2000000000000028,True,True,True,True
gru_negbin,dengue,3,PB,2025-08-10,60,2024-06-16,22.4,30.6,42.4,69.8,112.8,172.4,240.6,289.0,335.6,107,15.359999999999998,15.359999999999998,0.0,0.0,5.799999999999997,True,True,True,True
gru_negbin,dengue,3,PB,2025-08-17,61,2024-06-16,20.2,27.6,38.8,63.4,103.2,158.2,221.4,266.2,309.0,142,17.891111111111112,17.891111111111112,0.0,0.0,38.8,True,True,True,True
gru_negbin,dengue,3,PB,2025-08-24,62,2024-06-16,18.4,25.0,35.0,58.2,94.8,144.8,203.0,244.0,283.6,100,13.02888888888889,13.02888888888889,0.0,0.0,5.200000000000003,True,True,True,True
gru_negbin,dengue,3,PB,2025-08-31,63,2024-06-16,17.0,23.4,32.6,53.8,87.2,132.8,185.8,223.0,258.4,119,14.885555555555559,14.885555555555559,0.0,0.0,31.799999999999997,True,True,True,True
gru_negbin,dengue,3,PB,2025-09-07,64,2024-06-16,16.0,21.8,30.4,49.6,80.2,121.8,169.6,203.0,235.4,117,14.425555555555555,14.425555555555555,0.0,0.0,36.8,True,True,True,True
gru_negbin,dengue,3,PB,2025-09-14,65,2024-06-16,15.4,20.8,29.0,46.8,75.4,113.8,157.6,188.6,218.0,124,17.236666666666665,14.969999999999999,0.0,2.2666666666666675,48.599999999999994,False,True,True,True
gru_negbin,dengue,3,PB,2025-09-21,66,2024-06-16,14.8,20.2,27.4,44.8,71.4,107.0,148.0,176.4,203.8,128,19.87666666666667,15.209999999999999,0.0,4.666666666666667,56.599999999999994,False,True,True,True
gru_negbin,dengue,3,PB,2025-09-28,67,2024-06-16,14.0,19.0,26.2,42.4,67.4,101.0,139.2,165.8,191.4,124,19.78333333333333,14.67222222222222,0.0,5.111111111111111,56.599999999999994,False,True,True,True
gru_negbin,dengue,3,PE,2024-10-06,16,2024-06-16,101.0,118.4,141.2,185.6,244.6,315.2,389.4,438.6,484.2,231,19.91333333333333,19.91333333333333,0.0,0.0,13.599999999999994,True,True,True,True
gru_negbin,dengue,3,PE,2024-10-13,17,2024-06-16,92.6,109.6,132.2,176.6,236.4,308.6,385.4,436.0,483.6,240,19.15888888888889,19.15888888888889,0.0,0.0,3.5999999999999943,True,True,True,True
gru_negbin,dengue,3,PE,2024-10-20,18,2024-06-16,84.6,101.2,123.6,168.6,230.2,305.0,384.8,438.4,488.4,247,21.238888888888894,21.238888888888894,0.0,0.0,16.80000000000001,True,True,True,True
gru_negbin,dengue,3,PE,2024-10-27,19,2024-06-16,75.4,91.8,113.8,158.2,220.2,296.4,378.4,433.8,485.8,245,22.39333333333333,22.39333333333333,0.0,0.0,24.80000000000001,True,True,True,True
gru_negbin,dengue,3,PE,2024-11-03,20,2024-06-16,66.0,81.6,102.8,146.2,207.8,284.8,368.6,425.4,479.0,255,24.965555555555554,24.965555555555554,0.0,0.0,47.19999999999999,True,True,True,True
gru_negbin,dengue,3,PE,2024-11-10,21,2024-06-16,56.4,71.0,91.0,132.6,193.4,270.0,353.8,411.2,465.2,229,23.48,23.48,0.0,0.0,35.599999999999994,True,True,True,True
gru_negbin,dengue,3,PE,2024-11-17,22,2024-06-16,47.4,60.8,79.8,120.2,179.6,256.4,340.8,399.2,454.4,263,30.121111111111116,28.654444444444444,0.0,1.4666666666666717,83.4,False,True,True,True
gru_negbin,dengue,3,PE,2024-11-24,23,2024-06-16,40.0,52.4,70.4,108.8,167.4,243.6,328.8,388.0,444.6,282,40.47444444444445,31.94111111111111,0.0,8.533333333333335,114.6,False,True,True,True
gru_negbin,dengue,3,PE,2024-12-01,24,2024-06-16,35.2,47.0,63.8,101.0,158.0,233.8,319.4,378.4,435.4,207,24.407777777777778,24.407777777777778,0.0,0.0,49.0,True,True,True,True
gru_negbin,dengue,3,PE,2024-12-08,25,2024-06-16,33.2,44.4,60.8,97.4,152.8,227.0,310.8,369.0,424.8,233,28.782222222222224,27.448888888888888,0.0,1.3333333333333333,80.19999999999999,False,True,True,True
gru_negbin,dengue,3,PE,2024-12-15,26,2024-06-16,32.0,43.2,59.2,95.2,150.4,223.8,306.8,364.8,420.6,252,35.934444444444445,29.667777777777783,0.0,6.266666666666664,101.6,False,True,True,True
gru_negbin,dengue,3,PE,2024-12-22,27,2024-06-16,32.4,43.6,59.6,95.6,150.6,224.0,307.4,365.2,420.6,166,20.081111111111113,20.081111111111113,0.0,0.0,15.400000000000006,True,True,True,True
gru_negbin,dengue,3,PE,2024-12-29,28,2024-06-16,34.0,45.6,62.2,98.8,155.4,230.2,314.8,374.4,430.4,195,23.16888888888889,23.16888888888889,0.0,0.0,39.599999999999994,True,True,True,True
gru_negbin,dengue,3,PE,2025-01-05,29,2024-06-16,37.0,49.0,66.2,105.4,164.0,241.8,329.8,391.0,449.4,240,27.971111111111114,27.971111111111114,0.0,0.0,76.0,True,True,True,True
gru_negbin,dengue,3,PE,2025-01-12,30,2024-06-16,42.4,55.4,74.6,116.4,179.4,261.8,355.0,419.6,481.2,239,27.415555555555557,27.415555555555557,0.0,0.0,59.599999999999994,True,True,True,True
gru_negbin,dengue,3,PE,2025-01-19,31,2024-06-16,49.6,64.6,85.4,131.2,199.6,288.6,388.4,457.4,523.0,241,27.072222222222226,27.072222222222226,0.0,0.0,41.400000000000006,True,True,True,True
gru_negbin,dengue,3,PE,2025-01-26,32,2024-06-16,58.4,75.4,99.0,149.6,224.6,321.2,429.0,503.0,573.6,274,29.96888888888889,29.96888888888889,0.0,0.0,49.400000000000006,True,True,True,True
gru_negbin,dengue,3,PE,2025-02-02,33,2024-06-16,68.4,87.6,113.8,169.6,251.6,357.4,473.4,553.8,629.6,335,35.98888888888889,35.98888888888889,0.0,0.0,83.4,True,True,True,True
gru_negbin,dengue,3,PE,2025-02-09,34,2024-06-16,78.0,99.2,128.2,189.8,279.4,394.4,520.6,607.6,689.8,353,37.312222222222225,37.312222222222225,0.0,0.0,73.60000000000002,True,True,True,True
gru_negbin,dengue,3,PE,2025-02-16,35,2024-06-16,86.6,109.6,141.0,206.4,301.4,422.8,555.4,646.2,732.4,442,50.669999999999995,46.403333333333336,0.0,4.266666666666664,140.60000000000002,False,True,True,True
gru_negbin,dengue,3,PE,2025-02-23,36,2024-06-16,94.8,118.6,152.0,221.2,321.2,447.6,586.2,680.8,770.2,313,33.13666666666667,33.13666666666667,0.0,0.0,8.199999999999989,True,True,True,True
gru_negbin,dengue,3,PE,2025-03-02,37,2024-06-16,100.6,126.0,160.6,232.6,335.6,465.6,607.6,704.2,796.0,321,34.787777777777784,34.787777777777784,0.0,0.0,14.600000000000023,True,True,True,True
gru_negbin,dengue,3,PE,2025-03-09,38,2024-06-16,105.8,131.8,167.0,240.4,345.4,477.0,620.0,717.8,810.0,505,57.589999999999996,51.367777777777775,0.0,6.222222222222222,159.60000000000002,False,True,True,True
gru_negbin,dengue,3,PE,2025-03-16,39,2024-06-16,109.0,135.4,171.2,245.4,351.4,484.2,628.4,726.8,819.2,589,83.63222222222221,60.343333333333334,0.0,23.28888888888889,237.60000000000002,False,True,True,True
gru_negbin,dengue,3,PE,2025-03-23,40,2024-06-16,109.6,136.0,172.2,246.8,353.4,487.0,632.4,731.4,824.6,608,89.33666666666666,62.44777777777777,0.0,26.88888888888889,254.60000000000002,False,True,True,True
gru_negbin,dengue,3,PE,2025-03-30,41,2024-06-16,110.2,137.2,174.2,250.0,359.0,495.4,644.6,746.0,841.4,597,83.93555555555557,61.357777777777784,0.0,22.577777777777783,238.0,False,True,True,True
gru_negbin,dengue,3,PE,2025-04-06,42,2024-06-16,108.6,135.6,172.8,249.8,360.6,500.2,652.6,756.4,855.0,564,72.39555555555556,58.21777777777777,0.0,14.17777777777778,203.39999999999998,False,True,True,True
gru_negbin,dengue,3,PE,2025-04-13,43,2024-06-16,106.0,133.0,170.2,248.4,360.2,502.4,657.8,764.0,864.8,562,71.84,58.595555555555556,0.0,13.244444444444449,201.8,False,True,True,True
gru_negbin,dengue,3,PE,2025-04-20,44,2024-06-16,102.6,129.6,166.2,244.0,356.8,500.0,657.6,765.6,867.4,635,97.36888888888889,67.36888888888888,0.0,30.0,278.2,False,True,True,True
gru_negbin,dengue,3,PE,2025-04-27,45,2024-06-16,99.0,125.4,161.6,238.6,350.2,492.6,650.0,757.6,859.2,499,54.16777777777778,52.74555555555556,0.0,1.4222222222222172,148.8,False,True,True,True
gru_negbin,dengue,3,PE,2025-05-04,46,2024-06-16,97.8,123.8,159.8,236.2,347.8,490.2,647.4,755.2,857.4,542,69.27111111111111,57.760000000000005,0.0,11.511111111111113,194.2,False,True,True,True
gru_negbin,dengue,3,PE,2025-05-11,47,2024-06-16,96.8,123.0,158.8,234.4,344.8,486.4,642.6,749.8,851.4,431,45.48555555555556,45.48555555555556,0.0,0.0,86.19999999999999,True,True,True,True
gru_negbin,dengue,3,PE,2025-05-18,48,2024-06-16,96.8,122.6,158.0,233.4,343.2,484.0,639.0,745.6,846.8,450,47.56666666666668,47.56666666666668,0.0,0.0,106.80000000000001,True,True,True,True
gru_negbin,dengue,3,PE,2025-05-25,49,2024-06-16,96.0,121.2,155.6,228.6,334.6,470.4,620.0,722.2,819.2,442,46.38222222222222,46.38222222222222,0.0,0.0,107.39999999999998,True,True,True,True
gru_negbin,dengue,3,PE,2025-06-01,50,2024-06-16,95.0,119.6,152.8,222.8,324.4,454.0,595.8,693.4,785.4,474,53.96666666666667,49.522222222222226,0.0,4.444444444444445,149.60000000000002,False,True,True,True
gru_negbin,dengue,3,PE,2025-06-08,51,2024-06-16,94.0,117.6,149.4,216.4,312.8,434.6,568.0,659.2,745.4,465,54.727777777777774,47.97222222222222,0.0,6.75555555555555,152.2,False,True,True,True
gru_negbin,dengue,3,PE,2025-06-15,52,2024-06-16,92.2,114.6,145.0,208.2,298.4,412.2,536.2,621.2,700.8,385,38.65888888888889,38.65888888888889,0.0,0.0,86.60000000000002,True,True,True,True
gru_negbin,dengue,3,PE,2025-06-22,53,2024-06-16,90.0,111.4,140.2,199.8,284.8,391.6,507.8,586.8,661.0,401,42.27888888888888,40.19,0.0,2.0888888888888837,116.19999999999999,False,True,True,True
gru_negbin,dengue,3,PE,2025-06-29,54,2024-06-16,87.2,108.0,135.2,191.8,271.4,371.6,480.0,553.6,623.0,562,120.26777777777777,57.867777777777775,0.0,62.39999999999999,290.6,False,False,False,True
gru_negbin,dengue,3,PE,2025-07-06,55,2024-06-16,84.8,104.2,129.8,183.4,258.2,351.8,452.6,521.2,586.0,544,123.79111111111108,55.70222222222222,0.0,68.08888888888887,285.8,False,False,False,True
gru_negbin,dengue,3,PE,2025-07-13,56,2024-06-16,81.6,99.4,124.2,173.4,243.4,329.8,423.0,486.2,545.8,536,136.71666666666667,54.71666666666667,0.0,82.0,292.6,False,False,False,True
gru_negbin,dengue,3,PE,2025-07-20,57,2024-06-16,78.8,95.8,118.4,164.4,228.0,307.0,391.4,448.6,502.2,575,203.43888888888887,58.816666666666656,0.0,144.6222222222222,347.0,False,False,False,False
gru_negbin,dengue,3,PE,2025-07-27,58,2024-06-16,76.6,92.4,113.6,155.6,214.0,285.6,362.0,413.2,461.6,657,313.3566666666667,67.66777777777777,0.0,245.68888888888887,443.0,False,False,False,False
gru_negbin,dengue,3,PE,2025-08-03,59,2024-06-16,74.2,88.8,108.8,147.8,201.6,267.2,337.0,383.8,427.6,703,382.9677777777777,72.65666666666665,0.0,310.31111111111113,501.4,False,False,False,False
gru_negbin,dengue,3,PE,2025-08-10,60,2024-06-16,71.0,84.8,103.6,140.0,190.4,251.4,316.4,359.6,400.4,721,420.5788888888889,74.75666666666667,0.0,345.8222222222222,530.6,False,False,False,False
gru_negbin,dengue,3,PE,2025-08-17,61,2024-06-16,67.8,80.8,98.2,132.8,180.0,237.4,298.0,338.8,376.8,687,403.83444444444444,71.16777777777777,0.0,332.6666666666667,507.0,False,False,False,False
gru_negbin,dengue,3,PE,2025-08-24,62,2024-06-16,64.4,76.8,93.0,125.8,170.4,224.0,281.4,319.4,355.2,665,397.79777777777775,68.90888888888888,0.0,328.8888888888889,494.6,False,False,False,False
gru_negbin,dengue,3,PE,2025-08-31,63,2024-06-16,61.4,73.6,88.8,119.6,161.8,212.2,266.0,302.2,335.6,615,362.1677777777778,63.50111111111111,0.0,298.6666666666667,453.2,False,False,False,False
gru_negbin,dengue,3,PE,2025-09-07,64,2024-06-16,58.2,69.4,83.8,113.0,152.4,199.8,250.0,283.8,315.0,583,345.3688888888889,60.16888888888889,0.0,285.20000000000005,430.6,False,False,False,False
gru_negbin,dengue,3,PE,2025-09-14,65,2024-06-16,54.8,65.0,78.8,105.6,142.2,187.0,234.0,265.4,294.6,581,358.72999999999996,60.28555555555555,0.0,298.44444444444446,438.8,False,False,False,False
gru_negbin,dengue,3,PE,2025-09-21,66,2024-06-16,50.6,60.6,73.6,99.6,134.2,176.8,221.8,252.0,280.2,600,389.22888888888883,62.74000000000001,0.0,326.4888888888889,465.8,False,False,False,False
gru_negbin,dengue,3,PE,2025-09-28,67,2024-06-16,46.8,56.2,68.6,93.4,127.8,169.4,213.2,243.2,270.8,528,325.31333333333333,55.224444444444444,0.0,270.0888888888889,400.2,False,False,False,False
gru_negbin,dengue,3,PI,2024-10-06,16,2024-06-16,10.6,12.4,15.0,19.6,25.4,32.2,38.8,43.4,48.0,37,4.136666666666667,3.07,0.0,1.066666666666666,11.600000000000001,False,True,True,True
gru_negbin,dengue,3,PI,2024-10-13,17,2024-06-16,9.8,11.8,14.2,18.8,24.6,31.4,38.2,43.0,46.8,43,7.474444444444444,3.83,0.0,3.644444444444444,18.4,False,False,True,True
gru_negbin,dengue,3,PI,2024-10-20,18,2024-06-16,9.8,11.6,14.0,18.2,24.4,31.4,38.6,43.6,48.0,36,4.158888888888891,3.136666666666667,0.0,1.0222222222222226,11.600000000000001,False,True,True,True
gru_negbin,dengue,3,PI,2024-10-27,19,2024-06-16,9.0,11.0,13.6,18.2,24.6,32.0,40.0,45.2,49.8,26,2.1155555555555554,2.1155555555555554,0.0,0.0,1.3999999999999986,True,True,True,True
gru_negbin,dengue,3,PI,2024-11-03,20,2024-06-16,8.6,10.6,13.0,18.2,24.8,33.0,41.4,46.8,52.0,32,2.8966666666666665,2.8966666666666665,0.0,0.0,7.199999999999999,True,True,True,True
gru_negbin,dengue,3,PI,2024-11-10,21,2024-06-16,8.2,10.4,13.2,18.2,25.4,34.0,43.4,49.4,55.2,33,3.0877777777777777,3.0877777777777777,0.0,0.0,7.600000000000001,True,True,True,True
gru_negbin,dengue,3,PI,2024-11-17,22,2024-06-16,8.2,9.8,12.8,18.4,26.4,35.8,46.0,52.8,59.4,29,2.755555555555555,2.755555555555555,0.0,0.0,2.6000000000000014,True,True,True,True
gru_negbin,dengue,3,PI,2024-11-24,23,2024-06-16,7.6,10.0,13.0,18.8,27.2,37.6,48.6,56.2,63.2,46,6.613333333333333,4.746666666666666,0.0,1.8666666666666663,18.8,False,True,True,True
gru_negbin,dengue,3,PI,2024-12-01,24,2024-06-16,7.8,10.2,13.4,19.6,28.6,40.4,52.4,60.8,68.8,25,3.323333333333333,3.323333333333333,0.0,0.0,3.6000000000000014,True,True,True,True
gru_negbin,dengue,3,PI,2024-12-08,25,2024-06-16,8.2,10.8,13.8,21.0,31.2,43.8,57.6,67.2,76.2,38,4.0,4.0,0.0,0.0,6.800000000000001,True,True,True,True
gru_negbin,dengue,3,PI,2024-12-15,26,2024-06-16,8.6,11.4,15.2,23.2,34.4,49.0,64.6,75.6,85.8,26,4.606666666666666,4.606666666666666,0.0,0.0,8.399999999999999,True,True,True,True
gru_negbin,dengue,3,PI,2024-12-22,27,2024-06-16,9.8,12.8,17.2,26.0,38.6,54.8,73.0,85.4,97.2,24,6.198888888888889,5.754444444444444,0.4444444444444444,0.0,14.600000000000001,False,True,True,True
gru_negbin,dengue,3,PI,2024-12-29,28,2024-06-16,11.8,15.2,19.8,29.8,44.4,62.8,83.4,97.2,110.4,41,5.083333333333333,5.083333333333333,0.0,0.0,3.3999999999999986,True,True,True,True
gru_negbin,dengue,3,PI,2025-01-05,29,2024-06-16,14.2,18.0,23.4,34.8,51.2,72.0,95.0,110.4,125.2,68,7.167777777777778,7.167777777777778,0.0,0.0,16.799999999999997,True,True,True,True
gru_negbin,dengue,3,PI,2025-01-12,30,2024-06-16,17.2,22.0,28.4,41.2,60.4,84.0,109.6,127.4,144.0,99,13.68,10.346666666666666,0.0,3.3333333333333335,38.6,False,True,True,True
gru_negbin,dengue,3,PI,2025-01-19,31,2024-06-16,21.4,26.8,34.4,49.4,71.6,99.0,129.0,149.0,168.4,126,19.076666666666664,13.076666666666668,0.0,6.0,54.400000000000006,False,True,True,True
gru_negbin,dengue,3,PI,2025-01-26,32,2024-06-16,26.2,32.6,41.4,59.2,84.6,116.2,150.8,174.2,196.2,143,20.56,14.604444444444445,0.0,5.955555555555555,58.400000000000006,False,True,True,True
gru_negbin,dengue,3,PI,2025-02-02,33,2024-06-16,32.6,40.0,50.6,71.6,101.4,138.2,178.2,205.0,230.6,168,23.49111111111111,16.86888888888889,0.0,6.6222222222222245,66.6,False,True,True,True
gru_negbin,dengue,3,PI,2025-02-09,34,2024-06-16,40.6,49.6,62.2,87.2,122.4,165.8,212.6,244.2,274.0,228,40.145555555555546,22.901111111111113,0.0,17.244444444444444,105.6,False,False,True,True
gru_negbin,dengue,3,PI,2025-02-16,35,2024-06-16,49.2,60.2,74.8,104.4,145.6,196.8,251.6,288.8,323.8,229,29.549999999999997,22.394444444444446,0.0,7.155555555555553,83.4,False,True,True,True
gru_negbin,dengue,3,PI,2025-02-23,36,2024-06-16,57.4,70.0,87.2,121.4,169.0,227.8,290.8,333.6,373.6,226,21.454444444444448,21.454444444444448,0.0,0.0,57.0,True,True,True,True
gru_negbin,dengue,3,PI,2025-03-02,37,2024-06-16,64.6,78.6,97.8,136.0,189.4,255.6,326.4,374.4,419.0,241,22.713333333333328,22.713333333333328,0.0,0.0,51.599999999999994,True,True,True,True
gru_negbin,dengue,3,PI,2025-03-09,38,2024-06-16,70.8,86.2,107.0,149.0,207.6,279.8,357.4,409.8,459.0,258,24.183333333333334,24.183333333333334,0.0,0.0,50.400000000000006,True,True,True,True
gru_negbin,dengue,3,PI,2025-03-16,39,2024-06-16,76.4,93.2,115.6,161.8,226.2,305.6,391.0,449.2,503.2,366,49.39111111111111,35.96888888888889,0.0,13.422222222222217,139.8,False,True,True,True
gru_negbin,dengue,3,PI,2025-03-23,40,2024-06-16,82.6,101.0,125.6,175.2,244.8,330.8,423.8,486.4,545.0,341,35.07777777777777,32.8111111111111,0.0,2.266666666666664,96.19999999999999,False,True,True,True
gru_negbin,dengue,3,PI,2025-03-30,41,2024-06-16,90.6,110.0,136.0,188.6,261.8,352.0,449.0,514.4,575.6,426,57.91,41.46555555555555,0.0,16.444444444444443,164.2,False,True,True,True
gru_negbin,dengue,3,PI,2025-04-06,42,2024-06-16,97.2,117.4,144.6,199.4,275.2,368.4,467.6,535.0,597.6,444,59.54222222222222,42.742222222222225,0.0,16.800000000000004,168.8,False,True,True,True
gru_negbin,dengue,3,PI,2025-04-13,43,2024-06-16,100.4,121.4,148.8,204.2,281.2,375.2,475.2,542.6,605.8,363,33.330000000000005,33.330000000000005,0.0,0.0,81.80000000000001,True,True,True,True
gru_negbin,dengue,3,PI,2025-04-20,44,2024-06-16,100.6,121.6,149.0,204.8,281.2,374.6,474.4,541.8,604.4,435,54.64333333333333,41.22111111111111,0.0,13.422222222222217,153.8,False,True,True,True
gru_negbin,dengue,3,PI,2025-04-27,45,2024-06-16,98.4,119.0,145.8,200.4,275.4,367.0,465.2,531.0,592.6,403,45.854444444444454,37.854444444444454,0.0,8.0,127.60000000000002,False,True,True,True
gru_negbin,dengue,3,PI,2025-05-04,46,2024-06-16,92.8,112.4,138.2,190.2,262.0,350.2,443.8,507.0,566.4,458,71.58444444444446,44.47333333333333,0.0,27.11111111111111,196.0,False,False,True,True
gru_negbin,dengue,3,PI,2025-05-11,47,2024-06-16,85.6,104.0,128.0,176.8,244.4,327.4,416.0,475.4,531.4,385,49.79222222222222,36.99222222222222,0.0,12.800000000000004,140.6,False,True,True,True
gru_negbin,dengue,3,PI,2025-05-18,48,2024-06-16,76.4,93.0,114.8,159.8,221.4,297.6,379.0,433.6,485.4,361,49.18333333333333,35.09444444444445,0.0,14.088888888888883,139.6,False,True,True,True
gru_negbin,dengue,3,PI,2025-05-25,49,2024-06-16,65.4,79.8,99.2,138.6,193.4,261.2,333.6,382.8,428.6,291,34.87111111111111,28.248888888888885,0.0,6.6222222222222245,97.6,False,True,True,True
gru_negbin,dengue,3,PI,2025-06-01,50,2024-06-16,55.8,68.2,85.6,119.8,168.2,227.6,291.8,335.2,375.8,267,35.04888888888889,26.293333333333333,0.0,8.755555555555556,98.80000000000001,False,True,True,True
gru_negbin,dengue,3,PI,2025-06-08,51,2024-06-16,48.2,59.2,73.8,103.6,145.2,196.6,252.0,289.8,324.4,241,33.73444444444445,23.86777777777778,0.0,9.866666666666667,95.80000000000001,False,True,True,True
gru_negbin,dengue,3,PI,2025-06-15,52,2024-06-16,42.4,51.6,63.8,89.0,123.6,166.6,212.2,243.4,272.2,213,31.438888888888894,20.95,0.0,10.488888888888892,89.4,False,False,True,True
gru_negbin,dengue,3,PI,2025-06-22,53,2024-06-16,37.0,45.0,55.4,76.6,105.6,141.0,179.0,204.4,227.8,196,35.2,19.200000000000003,0.0,16.0,90.4,False,False,True,True
gru_negbin,dengue,3,PI,2025-06-29,54,2024-06-16,33.2,39.8,49.0,66.8,91.6,121.2,153.0,173.8,193.6,205,59.95777777777778,20.31333333333334,0.0,39.644444444444446,113.4,False,False,False,False
gru_negbin,dengue,3,PI,2025-07-06,55,2024-06-16,29.8,35.6,43.4,59.0,80.0,105.2,132.2,149.6,166.4,166,40.78777777777778,16.121111111111112,0.0,24.66666666666667,86.0,False,False,False,True
gru_negbin,dengue,3,PI,2025-07-13,56,2024-06-16,27.2,32.4,39.4,52.4,70.8,92.4,115.0,130.2,144.2,157,47.705555555555556,15.216666666666665,0.0,32.488888888888894,86.2,False,False,False,False
gru_negbin,dengue,3,PI,2025-07-20,57,2024-06-16,25.0,29.2,35.4,47.0,62.8,81.2,100.6,113.4,125.4,134,38.397777777777776,12.753333333333336,0.0,25.644444444444442,71.2,False,False,False,False
gru_negbin,dengue,3,PI,2025-07-27,58,2024-06-16,22.6,26.4,31.6,41.6,55.2,71.2,87.8,98.6,109.0,137,53.57555555555555,13.264444444444443,0.0,40.31111111111111,81.8,False,False,False,False
gru_negbin,dengue,3,PI,2025-08-03,59,2024-06-16,20.0,23.6,28.0,36.8,48.4,62.0,76.4,85.4,94.2,130,57.53,12.64111111111111,0.0,44.888888888888886,81.6,False,False,False,False
gru_negbin,dengue,3,PI,2025-08-10,60,2024-06-16,18.0,20.8,25.2,32.6,43.0,54.8,67.2,75.6,83.0,117,53.00333333333333,11.35888888888889,0.0,41.644444444444446,74.0,False,False,False,False
gru_negbin,dengue,3,PI,2025-08-17,61,2024-06-16,16.2,18.8,22.4,29.2,37.8,48.6,59.2,66.2,72.6,117,60.73555555555556,11.535555555555556,0.0,49.2,79.2,False,False,False,False
gru_negbin,dengue,3,PI,2025-08-24,62,2024-06-16,14.2,16.6,19.8,25.8,33.8,43.0,52.2,58.4,64.2,107,57.26222222222222,10.55111111111111,0.0,46.71111111111111,73.2,False,False,False,False
gru_negbin,dengue,3,PI,2025-08-31,63,2024-06-16,12.6,14.8,17.8,23.2,30.0,38.0,46.6,52.2,57.2,100,55.68111111111111,9.903333333333334,0.0,45.77777777777778,70.0,False,False,False,False
gru_negbin,dengue,3,PI,2025-09-07,64,2024-06-16,11.2,13.0,16.0,20.6,27.0,34.2,42.0,47.0,51.4,92,52.13444444444443,9.156666666666668,0.0,42.97777777777778,65.0,False,False,False,False
gru_negbin,dengue,3,PI,2025-09-14,65,2024-06-16,10.0,12.0,14.2,18.6,24.4,31.2,38.0,42.6,46.6,77,40.861111111111114,7.616666666666666,0.0,33.24444444444444,52.6,False,False,False,False
gru_negbin,dengue,3,PI,2025-09-21,66,2024-06-16,8.8,10.8,13.0,17.0,22.4,28.4,34.8,39.0,42.8,59,25.90888888888889,5.6866666666666665,0.0,20.222222222222225,36.6,False,False,False,False
gru_negbin,dengue,3,PI,2025-09-28,67,2024-06-16,8.0,9.8,11.6,15.4,20.4,26.4,32.2,36.2,39.6,73,42.404444444444444,7.382222222222222,0.0,35.02222222222222,52.6,False,False,False,False
gru_negbin,dengue,3,PR,2024-10-06,16,2024-06-16,329.8,373.4,428.4,533.2,668.4,825.6,986.2,1091.6,1188.8,489,71.14777777777778,61.32555555555555,9.822222222222232,0.0,179.39999999999998,False,True,True,True
gru_negbin,dengue,3,PR,2024-10-13,17,2024-06-16,333.6,379.6,438.2,550.2,696.2,866.6,1041.4,1156.8,1262.6,540,64.40111111111112,62.13444444444445,2.266666666666677,0.0,156.20000000000005,False,True,True,True
gru_negbin,dengue,3,PR,2024-10-20,18,2024-06-16,337.6,388.0,452.8,577.2,741.4,934.8,1135.0,1267.0,1389.8,600,66.34999999999998,66.34999999999998,0.0,0.0,141.39999999999998,True,True,True,True
gru_negbin,dengue,3,PR,2024-10-27,19,2024-06-16,343.2,400.0,473.4,616.6,808.2,1036.8,1275.6,1434.4,1582.2,668,75.12555555555555,75.12555555555555,0.0,0.0,140.20000000000005,True,True,True,True
gru_negbin,dengue,3,PR,2024-11-03,20,2024-06-16,345.0,409.0,493.2,660.2,888.0,1164.2,1456.8,1652.6,1835.6,623,109.22333333333334,100.95666666666666,8.266666666666676,0.0,265.0,False,True,True,True
gru_negbin,dengue,3,PR,2024-11-10,21,2024-06-16,345.4,418.0,515.6,713.2,989.4,1330.0,1696.8,1944.4,2176.8,667,133.7388888888889,123.47222222222223,10.266666666666676,0.0,322.4,False,True,True,True
gru_negbin,dengue,3,PR,2024-11-17,22,2024-06-16,342.4,425.2,538.4,774.0,1112.2,1539.2,2005.8,2324.6,2625.4,766,149.1522222222222,147.37444444444444,1.7777777777777777,0.0,346.20000000000005,False,True,True,True
gru_negbin,dengue,3,PR,2024-11-24,23,2024-06-16,334.6,428.2,558.6,839.0,1254.4,1791.4,2389.0,2801.0,3192.6,756,209.65111111111113,191.20666666666668,18.444444444444443,0.0,498.4000000000001,False,True,True,True
gru_negbin,dengue,3,PR,2024-12-01,24,2024-06-16,326.0,430.4,581.4,917.4,1432.8,2118.6,2895.8,3438.6,3957.4,776,276.1633333333333,244.7411111111111,31.422222222222217,0.0,656.8,False,True,True,True
gru_negbin,dengue,3,PR,2024-12-08,25,2024-06-16,320.6,436.6,608.4,1004.6,1634.4,2495.4,3489.4,4190.4,4865.2,832,341.3122222222222,302.9566666666667,38.35555555555556,0.0,802.4000000000001,False,True,True,True
gru_negbin,dengue,3,PR,2024-12-15,26,2024-06-16,320.2,447.2,640.0,1101.2,1861.4,2931.2,4190.2,5087.4,5956.4,821,441.29666666666674,379.03000000000003,62.26666666666668,0.0,1040.4,False,True,True,True
gru_negbin,dengue,3,PR,2024-12-22,27,2024-06-16,334.6,475.4,695.0,1234.4,2154.4,3481.0,5069.0,6210.8,7322.8,849,555.25,469.60555555555555,85.64444444444446,0.0,1305.4,False,True,True,True
gru_negbin,dengue,3,PR,2024-12-29,28,2024-06-16,375.6,539.4,797.4,1442.0,2557.2,4183.2,6144.2,7560.2,8941.6,1126,625.9488888888889,555.7266666666667,70.22222222222223,0.0,1431.1999999999998,False,True,True,True
gru_negbin,dengue,3,PR,2025-01-05,29,2024-06-16,463.6,665.2,983.2,1777.4,3154.0,5165.0,7592.2,9346.0,11057.6,1389,772.7977777777778,686.4866666666668,86.31111111111113,0.0,1765.0,False,True,True,True
gru_negbin,dengue,3,PR,2025-01-12,30,2024-06-16,588.0,838.6,1231.4,2207.0,3887.6,6333.4,9277.8,11402.6,13474.6,1675,961.0899999999999,842.8677777777777,118.22222222222223,0.0,2212.6,False,True,True,True
gru_negbin,dengue,3,PR,2025-01-19,31,2024-06-16,763.4,1074.4,1556.6,2740.8,4759.6,7675.4,11169.8,13684.6,16134.0,2072,1160.5211111111112,1011.8988888888889,148.62222222222226,0.0,2687.6000000000004,False,True,True,True
gru_negbin,dengue,3,PR,2025-01-26,32,2024-06-16,1010.8,1400.0,1996.2,3437.8,5857.6,9315.0,13430.6,16381.2,19249.0,2278,1503.8566666666668,1246.1233333333334,257.73333333333335,0.0,3579.6000000000004,False,True,True,True
gru_negbin,dengue,3,PR,2025-02-02,33,2024-06-16,1338.0,1819.0,2542.0,4250.8,7054.4,10993.8,15631.6,18937.6,22139.2,2479,1887.371111111111,1479.6377777777777,407.73333333333335,0.0,4575.4,False,False,True,True
gru_negbin,dengue,3,PR,2025-02-09,34,2024-06-16,1756.6,2344.8,3213.0,5215.8,8422.8,12845.6,17988.4,21628.4,25140.2,3570,2001.3244444444442,1635.591111111111,365.73333333333335,0.0,4852.799999999999,False,True,True,True
gru_negbin,dengue,3,PR,2025-02-16,35,2024-06-16,2262.6,2969.0,3994.0,6304.0,9915.2,14803.0,20414.0,24357.2,28145.8,4659,2168.0755555555556,1802.5200000000002,365.55555555555554,0.0,5256.200000000001,False,True,True,True
gru_negbin,dengue,3,PR,2025-02-23,36,2024-06-16,2827.0,3647.6,4817.8,7399.4,11343.2,16586.4,22531.2,26679.0,30648.0,5159,2499.485555555556,2001.6188888888892,497.86666666666656,0.0,6184.200000000001,False,True,True,True
gru_negbin,dengue,3,PR,2025-03-02,37,2024-06-16,3387.0,4307.4,5602.0,8411.8,12631.2,18165.8,24382.2,28696.0,32810.8,6260,2579.7655555555557,2101.587777777778,478.17777777777764,0.0,6371.200000000001,False,True,True,True
gru_negbin,dengue,3,PR,2025-03-09,38,2024-06-16,4003.6,5015.6,6419.6,9412.4,13822.4,19519.8,25851.0,30217.0,34365.8,7234,2658.158888888889,2174.0699999999997,484.0888888888888,0.0,6588.4,False,True,True,True
gru_negbin,dengue,3,PR,2025-03-16,39,2024-06-16,4538.4,5610.6,7080.2,10161.6,14624.4,20309.8,26563.2,30849.4,34908.2,7784,2734.2966666666666,2205.9411111111112,528.3555555555556,0.0,6840.4,False,True,True,True
gru_negbin,dengue,3,PR,2025-03-23,40,2024-06-16,4982.8,6089.4,7589.0,10690.2,15113.2,20677.8,26742.6,30876.6,34778.2,8173,2751.9566666666665,2192.5788888888887,559.377777777778,0.0,6940.200000000001,False,True,True,True
gru_negbin,dengue,3,PR,2025-03-30,41,2024-06-16,5258.8,6373.0,7870.6,10938.2,15266.0,20663.4,26508.2,30476.2,34212.8,8608,2640.726666666667,2122.9044444444444,517.8222222222224,0.0,6658.0,False,True,True,True
gru_negbin,dengue,3,PR,2025-04-06,42,2024-06-16,5303.4,6386.4,7834.2,10776.2,14894.4,19994.6,25489.6,29208.4,32703.8,7429,2973.633333333333,2139.7666666666664,833.8666666666668,0.0,7465.4,False,False,True,True
gru_negbin,dengue,3,PR,2025-04-13,43,2024-06-16,5152.8,6178.8,7544.2,10303.4,14141.0,18868.6,23941.2,27365.8,30579.2,5882,3552.424444444444,2134.5577777777776,1417.8666666666666,0.0,8259.0,False,False,False,True
gru_negbin,dengue,3,PR,2025-04-20,44,2024-06-16,4785.8,5726.8,6976.2,9492.4,12978.2,17258.0,21838.6,24926.0,27820.4,6365,2668.5922222222216,1837.7922222222223,830.7999999999998,0.0,6613.200000000001,False,False,True,True
gru_negbin,dengue,3,PR,2025-04-27,45,2024-06-16,4248.2,5075.8,6172.4,8374.4,11416.0,15140.8,19119.8,21798.0,24307.2,5191,2578.05,1652.538888888889,925.511111111111,0.0,6225.0,False,False,True,True
gru_negbin,dengue,3,PR,2025-05-04,46,2024-06-16,3660.4,4371.4,5312.4,7199.2,9800.4,12981.8,16375.8,18659.2,20797.0,5007,1908.6877777777777,1353.665555555555,555.0222222222221,0.0,4793.4,False,False,True,True
gru_negbin,dengue,3,PR,2025-05-11,47,2024-06-16,3055.4,3653.2,4444.6,6032.4,8222.2,10901.2,13760.0,15683.6,17484.4,4410,1483.13,1114.907777777778,368.22222222222223,0.0,3812.2000000000007,False,False,True,True
gru_negbin,dengue,3,PR,2025-05-18,48,2024-06-16,2450.0,2937.8,3584.6,4885.4,6684.6,8889.6,11246.4,12833.6,14320.6,3878,1104.33,880.4633333333335,223.8666666666666,0.0,2806.6000000000004,False,True,True,True
gru_negbin,dengue,3,PR,2025-05-25,49,2024-06-16,1884.0,2267.0,2776.2,3804.6,5231.8,6987.2,8867.4,10135.6,11324.8,2699,996.3155555555555,733.4711111111111,262.8444444444444,0.0,2532.8,False,False,True,True
gru_negbin,dengue,3,PR,2025-06-01,50,2024-06-16,1449.4,1746.6,2142.8,2944.0,4059.0,5432.4,6905.6,7900.2,8833.0,1488,1165.677777777778,639.1444444444444,526.5333333333333,0.0,2571.0,False,False,False,True
gru_negbin,dengue,3,PR,2025-06-08,51,2024-06-16,1100.0,1326.8,1630.6,2245.8,3104.6,4164.4,5302.8,6072.2,6794.6,995,1023.2233333333331,506.95666666666665,516.2666666666667,0.0,2109.6,False,False,False,False
gru_negbin,dengue,3,PR,2025-06-15,52,2024-06-16,841.2,1016.8,1251.8,1729.0,2397.2,3223.4,4112.8,4714.2,5279.0,580,973.9811111111111,414.24777777777774,559.7333333333333,0.0,1817.1999999999998,False,False,False,False
gru_negbin,dengue,3,PR,2025-06-22,53,2024-06-16,655.2,790.4,970.8,1337.0,1848.2,2479.6,3158.0,3616.8,4047.6,469,732.7777777777778,315.5777777777778,417.2,0.0,1379.2,False,False,False,False
gru_negbin,dengue,3,PR,2025-06-29,54,2024-06-16,519.6,624.8,764.8,1048.0,1442.8,1928.4,2449.2,2800.6,3130.4,335,607.4888888888888,248.11111111111111,359.37777777777774,0.0,1107.8,False,False,False,False
gru_negbin,dengue,3,PR,2025-07-06,55,2024-06-16,425.0,507.8,617.8,838.0,1141.8,1514.2,1911.2,2178.0,2428.4,300,453.66333333333324,189.53,264.1333333333333,0.0,841.8,False,False,False,False
gru_negbin,dengue,3,PR,2025-07-13,56,2024-06-16,356.6,423.6,511.4,686.6,926.0,1217.0,1526.2,1733.4,1926.6,222,395.78222222222223,153.51555555555558,242.26666666666668,0.0,704.0,False,False,False,False
gru_negbin,dengue,3,PR,2025-07-20,57,2024-06-16,309.6,365.0,437.4,580.8,775.2,1010.0,1257.6,1423.2,1577.2,201,322.1822222222222,124.67111111111113,197.5111111111111,0.0,574.2,False,False,False,False
gru_negbin,dengue,3,PR,2025-07-27,58,2024-06-16,276.0,323.6,386.2,507.4,671.6,867.4,1073.8,1211.2,1339.0,176,281.49222222222227,106.11444444444446,175.37777777777777,0.0,495.6,False,False,False,False
gru_negbin,dengue,3,PR,2025-08-03,59,2024-06-16,255.0,297.4,352.4,459.8,603.0,774.0,952.0,1070.6,1180.8,153,261.75888888888886,94.51444444444445,167.2444444444444,0.0,450.0,False,False,False,False
gru_negbin,dengue,3,PR,2025-08-10,60,2024-06-16,241.2,279.6,329.4,426.2,554.6,707.4,865.6,970.8,1068.4,149,236.07999999999998,84.88000000000001,151.20000000000002,0.0,405.6,False,False,False,False
gru_negbin,dengue,3,PR,2025-08-17,61,2024-06-16,230.6,266.6,312.6,401.4,518.8,657.6,801.6,896.8,984.8,198,165.0922222222222,71.93666666666667,93.15555555555557,0.0,320.79999999999995,False,False,False,False
gru_negbin,dengue,3,PR,2025-08-24,62,2024-06-16,224.2,258.4,302.2,386.2,497.6,628.6,764.6,854.2,937.2,195,154.83444444444442,67.94555555555559,86.88888888888887,0.0,302.6,False,False,False,False
gru_negbin,dengue,3,PR,2025-08-31,63,2024-06-16,218.2,251.2,293.6,374.6,481.8,608.2,739.0,825.6,906.0,227,114.3677777777778,61.39,52.97777777777779,0.0,254.8,False,False,False,True
gru_negbin,dengue,3,PR,2025-09-07,64,2024-06-16,211.0,242.8,283.4,361.4,464.8,586.4,712.8,796.0,873.6,237,96.42555555555553,57.18111111111111,39.24444444444444,0.0,227.8,False,False,False,True
gru_negbin,dengue,3,PR,2025-09-14,65,2024-06-16,209.6,241.0,281.4,360.0,463.6,586.0,713.0,796.8,874.6,311,59.861111111111114,48.97222222222222,10.88888888888889,0.0,152.60000000000002,False,True,True,True
gru_negbin,dengue,3,PR,2025-09-21,66,2024-06-16,215.8,248.8,291.0,372.6,480.6,608.2,740.8,828.4,909.4,297,70.57777777777778,53.77777777777778,16.800000000000004,0.0,183.60000000000002,False,True,True,True
gru_negbin,dengue,3,PR,2025-09-28,67,2024-06-16,226.6,262.0,306.8,394.0,509.8,646.0,788.2,882.4,969.4,308,77.25111111111111,58.14,19.11111111111111,0.0,201.8,False,True,True,True
gru_negbin,dengue,3,RJ,2024-10-06,16,2024-06-16,97.6,107.2,119.4,141.4,168.6,199.0,229.0,248.6,266.0,364,143.94222222222223,29.853333333333335,0.0,114.08888888888889,195.4,False,False,False,False
gru_negbin,dengue,3,RJ,2024-10-13,17,2024-06-16,98.8,109.2,122.4,145.6,175.0,208.0,240.8,262.2,281.4,333,101.83444444444444,26.36777777777778,0.0,75.46666666666667,158.0,False,False,False,False
gru_negbin,dengue,3,RJ,2024-10-20,18,2024-06-16,101.0,112.6,126.4,152.2,185.0,221.8,258.8,282.6,304.4,412,164.0277777777778,35.050000000000004,0.0,128.97777777777776,227.0,False,False,False,False
gru_negbin,dengue,3,RJ,2024-10-27,19,2024-06-16,103.0,115.6,131.2,160.2,197.2,239.2,282.0,309.2,334.6,387,117.3777777777778,32.26666666666667,0.0,85.11111111111111,189.8,False,False,False,False
gru_negbin,dengue,3,RJ,2024-11-03,20,2024-06-16,104.6,118.6,136.4,169.0,211.6,260.6,310.2,342.8,372.6,421,124.59777777777776,36.19777777777779,0.0,88.39999999999999,209.4,False,False,False,False
gru_negbin,dengue,3,RJ,2024-11-10,21,2024-06-16,106.0,121.4,141.2,179.2,228.0,285.4,344.0,382.6,418.2,333,37.287777777777784,26.71,0.0,10.577777777777783,105.0,False,True,True,True
gru_negbin,dengue,3,RJ,2024-11-17,22,2024-06-16,106.4,123.4,145.6,187.8,244.4,310.8,379.4,424.8,467.4,312,25.161111111111108,24.894444444444442,0.0,0.26666666666666416,67.6,False,True,True,True
gru_negbin,dengue,3,RJ,2024-11-24,23,2024-06-16,107.2,126.0,150.6,199.2,264.0,341.6,423.0,477.0,527.6,377,40.62222222222222,32.75555555555556,0.0,7.866666666666662,113.0,False,True,True,True
gru_negbin,dengue,3,RJ,2024-12-01,24,2024-06-16,107.8,128.6,156.4,210.6,285.2,374.8,469.8,533.4,592.6,392,38.96666666666667,35.144444444444446,0.0,3.8222222222222197,106.80000000000001,False,True,True,True
gru_negbin,dengue,3,RJ,2024-12-08,25,2024-06-16,112.2,134.8,165.2,225.0,308.0,408.6,515.8,588.0,655.2,425,42.68777777777777,39.04333333333333,0.0,3.6444444444444395,117.0,False,True,True,True
gru_negbin,dengue,3,RJ,2024-12-15,26,2024-06-16,119.0,143.8,176.6,242.0,332.4,443.4,561.2,640.8,715.0,329,28.946666666666665,28.946666666666665,0.0,0.0,3.3999999999999773,True,True,True,True
gru_negbin,dengue,3,RJ,2024-12-22,27,2024-06-16,127.8,154.8,190.0,260.6,358.8,478.8,607.0,693.8,774.8,330,34.172222222222224,34.172222222222224,0.0,0.0,28.80000000000001,True,True,True,True
gru_negbin,dengue,3,RJ,2024-12-29,28,2024-06-16,142.4,171.2,209.8,287.2,394.2,525.0,664.8,758.6,847.0,572,63.96333333333334,53.518888888888895,0.0,10.444444444444445,177.8,False,True,True,True
gru_negbin,dengue,3,RJ,2025-01-05,29,2024-06-16,161.8,193.2,235.4,319.8,436.0,577.8,728.2,829.6,924.4,709,96.08111111111111,66.92555555555556,0.0,29.155555555555566,273.0,False,True,True,True
gru_negbin,dengue,3,RJ,2025-01-12,30,2024-06-16,182.2,217.2,262.2,352.8,476.6,626.6,786.0,892.0,991.8,765,101.64666666666666,70.89111111111112,0.0,30.75555555555555,288.4,False,True,True,True
gru_negbin,dengue,3,RJ,2025-01-19,31,2024-06-16,203.6,240.8,289.2,385.2,515.2,671.8,837.6,948.4,1052.0,959,183.15111111111113,89.99555555555554,0.0,93.15555555555557,443.79999999999995,False,False,False,True
gru_negbin,dengue,3,RJ,2025-01-26,32,2024-06-16,223.8,263.0,313.8,413.4,548.2,710.0,879.6,992.8,1098.0,1238,401.2388888888888,118.6611111111111,0.0,282.5777777777778,689.8,False,False,False,False
gru_negbin,dengue,3,RJ,2025-02-02,33,2024-06-16,243.0,283.8,336.6,440.0,578.2,743.2,916.0,1030.8,1137.2,1842,970.2544444444443,183.41,0.0,786.8444444444444,1263.8,False,False,False,False
gru_negbin,dengue,3,RJ,2025-02-09,34,2024-06-16,256.6,298.0,351.8,456.4,595.8,761.4,934.2,1049.0,1155.2,2128,1238.4011111111113,213.46777777777777,0.0,1024.9333333333334,1532.2,False,False,False,False
gru_negbin,dengue,3,RJ,2025-02-16,35,2024-06-16,263.6,305.2,359.0,463.8,602.8,767.0,938.4,1051.6,1156.8,1784,890.2644444444445,174.21999999999997,0.0,716.0444444444444,1181.2,False,False,False,False
gru_negbin,dengue,3,RJ,2025-02-23,36,2024-06-16,265.6,307.6,361.2,464.8,602.4,765.0,934.2,1045.8,1149.8,1240,350.0811111111111,113.37,0.0,236.7111111111111,637.6,False,False,False,False
gru_negbin,dengue,3,RJ,2025-03-02,37,2024-06-16,265.8,307.6,360.8,463.8,599.8,760.6,927.6,1037.8,1140.2,1372,488.2555555555556,127.85555555555555,0.0,360.4,772.2,False,False,False,False
gru_negbin,dengue,3,RJ,2025-03-09,38,2024-06-16,263.6,304.6,357.2,459.0,593.6,751.6,916.0,1024.6,1125.0,1387,514.2366666666667,129.61444444444444,0.0,384.62222222222226,793.4,False,False,False,False
gru_negbin,dengue,3,RJ,2025-03-16,39,2024-06-16,257.6,297.6,349.6,450.0,581.8,737.8,899.8,1006.4,1105.6,1329,471.91333333333336,123.82444444444445,0.0,348.0888888888889,747.2,False,False,False,False
gru_negbin,dengue,3,RJ,2025-03-23,40,2024-06-16,250.8,290.8,341.8,441.0,572.2,727.0,888.2,994.8,1093.4,1181,334.9788888888889,108.17888888888888,0.0,226.79999999999998,608.8,False,False,False,False
gru_negbin,dengue,3,RJ,2025-03-30,41,2024-06-16,241.2,280.4,330.8,428.8,558.8,713.4,873.6,980.2,1078.8,1395,562.9911111111111,133.21333333333334,0.0,429.77777777777777,836.2,False,False,False,False
gru_negbin,dengue,3,RJ,2025-04-06,42,2024-06-16,232.0,270.0,319.0,414.2,540.8,691.2,848.4,952.2,1048.8,1417,609.3822222222221,136.62666666666667,0.0,472.7555555555556,876.2,False,False,False,False
gru_negbin,dengue,3,RJ,2025-04-13,43,2024-06-16,221.0,257.8,305.2,397.0,520.2,666.8,819.8,921.2,1015.6,1183,402.6544444444444,111.85444444444444,0.0,290.79999999999995,662.8,False,False,False,False
gru_negbin,dengue,3,RJ,2025-04-20,44,2024-06-16,209.2,244.4,289.6,378.0,496.8,638.2,786.4,884.4,976.0,1254,505.6666666666667,121.0,0.0,384.6666666666667,757.2,False,False,False,False
gru_negbin,dengue,3,RJ,2025-04-27,45,2024-06-16,195.4,228.6,271.8,355.8,468.6,603.0,744.2,838.2,925.4,1117,408.70444444444445,107.10444444444445,0.0,301.59999999999997,648.4,False,False,False,False
gru_negbin,dengue,3,RJ,2025-05-04,46,2024-06-16,180.4,211.4,251.4,329.6,434.6,559.8,691.0,778.2,859.6,1100,442.4288888888889,106.56222222222222,0.0,335.8666666666667,665.4,False,False,False,False
gru_negbin,dengue,3,RJ,2025-05-11,47,2024-06-16,164.6,192.6,228.8,300.0,395.0,508.2,627.4,706.0,779.4,940,343.2111111111111,90.1,0.0,253.11111111111111,545.0,False,False,False,False
gru_negbin,dengue,3,RJ,2025-05-18,48,2024-06-16,147.6,172.8,205.4,269.2,354.0,455.6,562.0,632.4,698.0,798,263.3333333333333,75.77777777777777,0.0,187.55555555555554,444.0,False,False,False,False
gru_negbin,dengue,3,RJ,2025-05-25,49,2024-06-16,130.4,152.4,181.2,237.0,311.4,400.8,494.0,556.0,613.6,667,196.86444444444444,62.731111111111105,0.0,134.13333333333333,355.6,False,False,False,False
gru_negbin,dengue,3,RJ,2025-06-01,50,2024-06-16,115.6,134.6,159.6,208.2,273.2,350.2,430.8,484.4,533.6,522,114.5688888888889,47.76888888888889,0.0,66.80000000000001,248.8,False,False,False,True
gru_negbin,dengue,3,RJ,2025-06-08,51,2024-06-16,100.4,116.8,138.2,179.2,233.8,298.6,366.2,410.8,452.2,338,37.25444444444444,28.49888888888889,0.0,8.755555555555551,104.19999999999999,False,True,True,True
gru_negbin,dengue,3,RJ,2025-06-15,52,2024-06-16,89.0,102.8,120.6,155.4,201.2,254.8,310.6,347.4,381.8,281,28.77777777777777,22.955555555555556,0.0,5.822222222222219,79.80000000000001,False,True,True,True
gru_negbin,dengue,3,RJ,2025-06-22,53,2024-06-16,79.8,91.6,107.0,136.0,174.4,219.0,264.6,294.6,322.6,255,28.673333333333332,20.673333333333336,0.0,8.0,80.6,False,True,True,True
gru_negbin,dengue,3,RJ,2025-06-29,54,2024-06-16,72.8,83.2,96.0,121.2,153.2,190.6,229.2,254.4,277.4,201,17.47666666666667,15.165555555555553,0.0,2.3111111111111122,47.80000000000001,False,True,True,True
gru_negbin,dengue,3,RJ,2025-07-06,55,2024-06-16,67.2,76.4,87.8,109.2,136.6,168.4,200.8,221.8,241.2,207,26.159999999999997,16.204444444444444,0.0,9.955555555555552,70.4,False,False,True,True
gru_negbin,dengue,3,RJ,2025-07-13,56,2024-06-16,63.0,71.0,81.0,99.8,124.0,151.6,179.2,197.4,214.0,167,15.503333333333334,12.081111111111111,0.0,3.4222222222222234,43.0,False,True,True,True
gru_negbin,dengue,3,RJ,2025-07-20,57,2024-06-16,60.0,67.2,76.2,93.2,114.4,138.6,162.8,178.6,193.0,165,18.401111111111106,12.045555555555554,0.0,6.355555555555554,50.599999999999994,False,False,True,True
gru_negbin,dengue,3,RJ,2025-07-27,58,2024-06-16,58.0,64.8,73.0,88.6,108.0,129.6,151.8,165.6,178.6,141,12.018888888888888,9.485555555555555,0.0,2.5333333333333345,33.0,False,True,True,True
gru_negbin,dengue,3,RJ,2025-08-03,59,2024-06-16,55.6,61.6,69.6,83.6,101.2,121.0,140.8,153.6,165.0,151,19.756666666666664,10.823333333333332,0.0,8.93333333333333,49.8,False,False,True,True
gru_negbin,dengue,3,RJ,2025-08-10,60,2024-06-16,53.2,59.2,66.2,79.4,95.8,113.8,132.2,143.6,154.4,161,34.34444444444445,12.122222222222222,0.0,22.222222222222225,65.2,False,False,False,False
gru_negbin,dengue,3,RJ,2025-08-17,61,2024-06-16,51.4,56.8,63.4,75.8,91.2,108.6,125.4,136.4,146.4,165,44.63444444444443,12.812222222222221,0.0,31.82222222222222,73.8,False,False,False,False
gru_negbin,dengue,3,RJ,2025-08-24,62,2024-06-16,49.8,55.2,61.6,73.4,88.4,104.8,121.0,131.4,140.8,140,24.105555555555554,10.149999999999999,0.0,13.955555555555556,51.599999999999994,False,False,False,True
gru_negbin,dengue,3,RJ,2025-08-31,63,2024-06-16,48.6,53.8,60.4,71.8,85.8,101.8,117.8,127.8,136.8,150,37.12111111111111,11.38777777777778,0.0,25.733333333333334,64.2,False,False,False,False
gru_negbin,dengue,3,RJ,2025-09-07,64,2024-06-16,47.2,52.2,58.6,69.6,83.6,99.2,114.6,124.4,133.6,155,45.037777777777784,12.104444444444447,0.0,32.93333333333333,71.4,False,False,False,False
gru_negbin,dengue,3,RJ,2025-09-14,65,2024-06-16,45.6,50.4,56.4,67.6,81.6,96.6,111.8,121.4,130.6,160,52.72555555555556,12.814444444444444,0.0,39.91111111111111,78.4,False,False,False,False
gru_negbin,dengue,3,RJ,2025-09-21,66,2024-06-16,45.0,49.6,56.0,66.8,80.4,95.8,111.0,120.8,129.8,129,22.695555555555558,9.495555555555557,0.0,13.200000000000001,48.599999999999994,False,False,False,True
gru_negbin,dengue,3,RJ,2025-09-28,67,2024-06-16,44.4,49.2,55.6,66.6,80.8,96.2,111.8,122.2,131.0,143,35.718888888888884,11.096666666666666,0.0,24.62222222222222,62.2,False,False,False,False
gru_negbin,dengue,3,RN,2024-10-06,16,2024-06-16,20.8,25.2,31.4,43.2,59.2,79.0,99.8,113.8,126.8,125,30.70444444444444,12.393333333333333,0.0,18.311111111111114,65.8,False,False,False,True
gru_negbin,dengue,3,RN,2024-10-13,17,2024-06-16,19.6,23.8,29.8,41.4,57.2,76.8,97.4,111.2,124.4,116,25.46666666666667,11.555555555555555,0.0,13.91111111111111,58.8,False,False,False,True
gru_negbin,dengue,3,RN,2024-10-20,18,2024-06-16,18.4,22.4,28.2,39.6,55.4,74.8,96.0,109.8,123.2,102,17.57111111111111,10.193333333333335,0.0,7.377777777777778,46.6,False,False,True,True
gru_negbin,dengue,3,RN,2024-10-27,19,2024-06-16,17.2,21.0,26.6,38.0,53.8,73.4,94.8,109.2,122.4,140,50.22444444444444,14.624444444444444,0.0,35.599999999999994,86.2,False,False,False,False
gru_negbin,dengue,3,RN,2024-11-03,20,2024-06-16,15.2,19.0,24.6,35.8,52.2,72.4,94.4,109.4,123.4,117,29.012222222222217,12.39,0.0,16.62222222222222,64.8,False,False,False,True
gru_negbin,dengue,3,RN,2024-11-10,21,2024-06-16,13.4,17.6,22.8,34.4,51.2,72.8,96.2,112.4,128.0,97,16.09888888888889,10.543333333333333,0.0,5.555555555555555,45.8,False,False,True,True
gru_negbin,dengue,3,RN,2024-11-17,22,2024-06-16,12.0,15.8,21.0,32.6,49.6,71.8,96.2,113.2,129.4,94,15.450000000000001,10.516666666666666,0.0,4.933333333333334,44.4,False,True,True,True
gru_negbin,dengue,3,RN,2024-11-24,23,2024-06-16,10.6,14.4,19.6,31.0,48.8,71.8,97.6,115.8,132.8,115,26.62777777777778,13.16111111111111,0.0,13.466666666666669,66.2,False,False,True,True
gru_negbin,dengue,3,RN,2024-12-01,24,2024-06-16,9.6,13.0,18.4,30.0,48.0,72.2,99.8,118.6,137.0,111,24.145555555555557,13.034444444444444,0.0,11.11111111111111,63.0,False,False,True,True
gru_negbin,dengue,3,RN,2024-12-08,25,2024-06-16,8.8,12.4,17.8,29.6,48.8,74.8,104.2,125.0,145.2,120,27.906666666666663,14.351111111111111,0.0,13.555555555555555,71.2,False,False,True,True
gru_negbin,dengue,3,RN,2024-12-15,26,2024-06-16,8.0,11.8,17.4,30.0,50.4,78.4,111.2,134.0,156.2,133,33.10999999999999,16.13222222222222,0.0,16.977777777777774,82.6,False,False,True,True
gru_negbin,dengue,3,RN,2024-12-22,27,2024-06-16,8.2,11.8,17.8,31.6,53.6,84.4,120.4,145.8,170.2,101,16.557777777777776,12.868888888888888,0.0,3.6888888888888878,47.4,False,True,True,True
gru_negbin,dengue,3,RN,2024-12-29,28,2024-06-16,8.6,13.0,18.8,34.2,59.0,94.2,135.0,164.2,191.8,64,9.168888888888889,9.168888888888889,0.0,0.0,5.0,True,True,True,True
gru_negbin,dengue,3,RN,2025-01-05,29,2024-06-16,9.8,14.2,21.6,39.0,68.0,108.6,156.0,189.8,222.4,87,12.096666666666668,12.096666666666668,0.0,0.0,19.0,True,True,True,True
gru_negbin,dengue,3,RN,2025-01-12,30,2024-06-16,11.2,16.8,25.4,46.0,80.2,128.8,185.6,226.2,265.8,90,12.990000000000002,12.990000000000002,0.0,0.0,9.799999999999997,True,True,True,True
gru_negbin,dengue,3,RN,2025-01-19,31,2024-06-16,13.6,20.4,30.2,55.4,96.8,155.2,224.8,274.0,321.4,124,17.418888888888887,17.418888888888887,0.0,0.0,27.200000000000003,True,True,True,True
gru_negbin,dengue,3,RN,2025-01-26,32,2024-06-16,16.8,24.4,36.8,66.4,115.8,185.0,267.2,326.2,382.8,120,17.56222222222222,17.56222222222222,0.0,0.0,4.200000000000003,True,True,True,True
gru_negbin,dengue,3,RN,2025-02-02,33,2024-06-16,20.2,29.6,44.0,79.2,137.8,220.6,318.2,387.6,455.0,114,22.986666666666665,22.986666666666665,0.0,0.0,23.80000000000001,True,True,True,True
gru_negbin,dengue,3,RN,2025-02-09,34,2024-06-16,24.0,35.0,52.2,93.6,162.8,260.6,376.0,458.4,538.2,144,26.123333333333335,26.123333333333335,0.0,0.0,18.80000000000001,True,True,True,True
gru_negbin,dengue,3,RN,2025-02-16,35,2024-06-16,27.8,40.6,60.2,107.4,185.8,296.4,426.8,519.4,609.6,154,30.732222222222227,30.732222222222227,0.0,0.0,31.80000000000001,True,True,True,True
gru_negbin,dengue,3,RN,2025-02-23,36,2024-06-16,30.8,44.6,65.6,116.4,200.2,318.2,456.8,556.0,651.6,167,32.724444444444444,32.724444444444444,0.0,0.0,33.19999999999999,True,True,True,True
gru_negbin,dengue,3,RN,2025-03-02,37,2024-06-16,34.2,49.2,72.2,126.4,215.6,339.6,484.8,587.8,687.8,180,34.584444444444436,34.584444444444436,0.0,0.0,35.599999999999994,True,True,True,True
gru_negbin,dengue,3,RN,2025-03-09,38,2024-06-16,39.4,55.8,80.6,139.0,233.2,363.4,514.6,621.6,724.8,237,32.62777777777778,32.62777777777778,0.0,0.0,3.8000000000000114,True,True,True,True
gru_negbin,dengue,3,RN,2025-03-16,39,2024-06-16,45.4,63.0,89.6,151.6,250.4,385.6,541.6,652.0,757.8,222,36.702222222222225,36.702222222222225,0.0,0.0,28.400000000000006,True,True,True,True
gru_negbin,dengue,3,RN,2025-03-23,40,2024-06-16,51.2,70.8,99.2,164.8,268.0,407.8,568.4,681.2,789.6,236,38.36666666666667,38.36666666666667,0.0,0.0,32.0,True,True,True,True
gru_negbin,dengue,3,RN,2025-03-30,41,2024-06-16,59.0,79.8,110.0,178.6,284.2,426.2,587.4,700.4,808.6,251,39.11333333333333,39.11333333333333,0.0,0.0,33.19999999999999,True,True,True,True
gru_negbin,dengue,3,RN,2025-04-06,42,2024-06-16,64.8,86.6,118.4,188.2,295.2,437.6,598.8,711.2,818.6,262,39.34777777777778,39.34777777777778,0.0,0.0,33.19999999999999,True,True,True,True
gru_negbin,dengue,3,RN,2025-04-13,43,2024-06-16,69.0,91.4,123.6,194.6,302.2,444.6,604.8,716.4,823.0,252,41.29333333333333,41.29333333333333,0.0,0.0,50.19999999999999,True,True,True,True
gru_negbin,dengue,3,RN,2025-04-20,44,2024-06-16,72.0,94.8,127.4,198.6,305.8,446.8,605.0,715.0,819.8,348,40.13666666666667,40.13666666666667,0.0,0.0,42.19999999999999,True,True,True,True
gru_negbin,dengue,3,RN,2025-04-27,45,2024-06-16,73.2,96.2,128.6,199.6,306.0,445.4,601.8,710.2,813.4,335,38.327777777777776,38.327777777777776,0.0,0.0,29.0,True,True,True,True
gru_negbin,dengue,3,RN,2025-05-04,46,2024-06-16,71.8,93.6,125.6,194.8,298.4,434.6,586.8,692.4,793.0,283,35.94222222222223,35.94222222222223,0.0,0.0,15.399999999999977,True,True,True,True
gru_negbin,dengue,3,RN,2025-05-11,47,2024-06-16,68.0,89.2,119.0,184.2,282.6,411.4,555.4,655.2,750.4,231,38.13333333333333,38.13333333333333,0.0,0.0,51.60000000000002,True,True,True,True
gru_negbin,dengue,3,RN,2025-05-18,48,2024-06-16,62.4,82.0,109.6,170.2,261.2,380.4,514.2,606.8,694.8,241,32.25777777777777,32.25777777777777,0.0,0.0,20.19999999999999,True,True,True,True
gru_negbin,dengue,3,RN,2025-05-25,49,2024-06-16,57.0,75.0,100.8,156.6,241.4,352.6,477.2,563.4,646.0,167,36.21888888888889,36.21888888888889,0.0,0.0,74.4,True,True,True,True
gru_negbin,dengue,3,RN,2025-06-01,50,2024-06-16,51.8,68.4,92.0,144.0,222.8,326.2,442.8,524.2,601.2,172,31.678888888888892,31.678888888888892,0.0,0.0,50.80000000000001,True,True,True,True
gru_negbin,dengue,3,RN,2025-06-08,51,2024-06-16,46.6,62.0,83.6,131.6,204.2,300.2,408.6,483.8,555.8,178,27.01555555555555,27.01555555555555,0.0,0.0,26.19999999999999,True,True,True,True
gru_negbin,dengue,3,RN,2025-06-15,52,2024-06-16,42.4,56.4,76.8,121.0,188.4,277.2,377.8,447.6,514.0,153,26.266666666666666,26.266666666666666,0.0,0.0,35.400000000000006,True,True,True,True
gru_negbin,dengue,3,RN,2025-06-22,53,2024-06-16,38.6,51.6,70.0,110.6,173.0,255.2,348.2,412.8,474.4,229,26.872222222222224,26.872222222222224,0.0,0.0,56.0,True,True,True,True
gru_negbin,dengue,3,RN,2025-06-29,54,2024-06-16,35.6,47.6,64.8,102.2,159.6,236.0,321.8,381.4,438.6,281,42.58111111111111,32.58111111111111,0.0,10.0,121.4,False,True,True,True
gru_negbin,dengue,3,RN,2025-07-06,55,2024-06-16,33.6,45.0,61.0,96.0,149.6,220.4,299.6,355.4,408.2,212,24.676666666666666,24.676666666666666,0.0,0.0,62.400000000000006,True,True,True,True
gru_negbin,dengue,3,RN,2025-07-13,56,2024-06-16,32.6,43.0,58.2,91.4,141.6,207.6,281.6,333.2,382.2,256,40.053333333333335,29.297777777777778,0.0,10.755555555555556,114.4,False,True,True,True
gru_negbin,dengue,3,RN,2025-07-20,57,2024-06-16,31.4,41.6,55.8,86.8,133.2,194.4,262.2,309.8,354.8,315,75.23000000000002,35.541111111111114,0.0,39.68888888888889,181.8,False,False,False,True
gru_negbin,dengue,3,RN,2025-07-27,58,2024-06-16,30.2,39.4,52.8,81.6,124.4,180.0,242.2,286.0,326.8,304,79.30777777777777,34.01888888888889,0.0,45.28888888888889,179.6,False,False,False,True
gru_negbin,dengue,3,RN,2025-08-03,59,2024-06-16,28.2,37.0,49.4,75.6,114.8,165.8,223.0,262.4,299.6,308,96.83666666666667,34.34777777777777,0.0,62.48888888888889,193.2,False,False,False,False
gru_negbin,dengue,3,RN,2025-08-10,60,2024-06-16,26.0,34.2,45.4,69.4,105.2,151.4,203.0,238.8,273.0,322,129.52555555555554,35.79222222222222,0.0,93.73333333333333,216.8,False,False,False,False
gru_negbin,dengue,3,RN,2025-08-17,61,2024-06-16,24.8,32.2,42.2,64.0,96.2,137.6,183.8,215.4,245.6,326,151.94222222222223,36.031111111111116,0.0,115.91111111111111,229.8,False,False,False,False
gru_negbin,dengue,3,RN,2025-08-24,62,2024-06-16,23.6,30.2,39.2,58.6,86.4,122.2,161.4,188.2,213.6,205,54.06,22.237777777777776,0.0,31.82222222222222,118.6,False,False,False,True
gru_negbin,dengue,3,RN,2025-08-31,63,2024-06-16,22.8,29.0,36.8,54.0,78.6,109.6,143.4,166.4,188.2,189,53.147777777777776,20.17,0.0,32.97777777777778,110.4,False,False,False,False
gru_negbin,dengue,3,RN,2025-09-07,64,2024-06-16,21.8,27.4,34.6,50.0,71.6,99.0,129.0,149.0,168.2,239,116.87333333333332,25.584444444444443,0.0,91.28888888888889,167.4,False,False,False,False
gru_negbin,dengue,3,RN,2025-09-14,65,2024-06-16,20.6,25.6,32.8,46.8,66.8,92.0,118.8,137.0,154.0,231,118.46777777777778,24.645555555555553,0.0,93.82222222222222,164.2,False,False,False,False
gru_negbin,dengue,3,RN,2025-09-21,66,2024-06-16,19.6,24.6,31.0,44.4,63.0,86.2,111.2,128.2,144.0,198,92.59111111111112,20.946666666666665,0.0,71.64444444444445,135.0,False,False,False,False
gru_negbin,dengue,3,RN,2025-09-28,67,2024-06-16,18.8,23.6,29.8,42.4,59.8,82.2,106.2,122.2,137.2,182,81.50666666666666,19.24,0.0,62.266666666666666,122.2,False,False,False,False
gru_negbin,dengue,3,RO,2024-10-06,16,2024-06-16,6.4,7.6,9.6,13.2,18.2,24.2,30.2,34.4,38.2,6,5.743333333333332,2.898888888888889,2.844444444444444,0.0,12.2,False,False,False,False
gru_negbin,dengue,3,RO,2024-10-13,17,2024-06-16,6.6,8.4,10.6,14.6,20.2,26.8,33.8,38.6,43.2,13,2.8877777777777776,2.532222222222222,0.35555555555555546,0.0,7.199999999999999,False,True,True,True
gru_negbin,dengue,3,RO,2024-10-20,18,2024-06-16,7.2,8.8,11.2,15.8,22.4,30.0,38.4,43.8,48.8,7,7.057777777777778,3.724444444444444,3.3333333333333335,0.0,15.399999999999999,False,False,False,False
gru_negbin,dengue,3,RO,2024-10-27,19,2024-06-16,7.4,9.4,12.0,17.2,24.6,34.0,43.4,49.8,56.2,12,4.906666666666667,3.751111111111111,1.1555555555555554,0.0,12.600000000000001,False,True,True,True
gru_negbin,dengue,3,RO,2024-11-03,20,2024-06-16,7.8,10.0,12.8,19.0,27.6,38.4,50.0,57.8,65.0,10,7.331111111111111,4.70888888888889,2.6222222222222222,0.0,17.6,False,False,True,True
gru_negbin,dengue,3,RO,2024-11-10,21,2024-06-16,8.0,10.0,13.8,20.8,30.8,43.6,57.8,67.0,76.0,20,4.633333333333334,4.455555555555556,0.17777777777777792,0.0,10.8,False,True,True,True
gru_negbin,dengue,3,RO,2024-11-17,22,2024-06-16,7.8,10.6,14.2,22.2,34.0,49.0,65.6,77.4,88.4,14,7.91,6.043333333333333,1.8666666666666663,0.0,20.0,False,False,True,True
gru_negbin,dengue,3,RO,2024-11-24,23,2024-06-16,8.0,11.0,14.8,23.6,37.0,54.4,73.8,87.2,100.0,14,9.246666666666668,6.935555555555555,2.311111111111112,0.0,23.0,False,False,True,True
gru_negbin,dengue,3,RO,2024-12-01,24,2024-06-16,8.6,11.4,16.2,26.0,41.0,60.6,83.0,98.8,113.2,23,7.625555555555555,6.958888888888889,0.6666666666666666,0.0,18.0,False,True,True,True
gru_negbin,dengue,3,RO,2024-12-08,25,2024-06-16,9.2,12.6,17.6,28.4,45.4,67.6,92.8,110.6,127.2,18,10.948888888888886,8.637777777777778,2.311111111111111,0.0,27.4,False,True,True,True
gru_negbin,dengue,3,RO,2024-12-15,26,2024-06-16,10.2,14.2,19.4,31.6,50.6,75.0,103.4,123.2,142.0,19,12.62111111111111,9.732222222222221,2.888888888888889,0.0,31.6,False,False,True,True
gru_negbin,dengue,3,RO,2024-12-22,27,2024-06-16,11.8,16.0,22.0,35.4,56.6,83.6,114.8,136.2,156.8,7,25.103333333333335,12.392222222222221,12.711111111111112,0.0,49.6,False,False,False,False
gru_negbin,dengue,3,RO,2024-12-29,28,2024-06-16,14.0,18.6,25.4,40.4,62.6,92.2,125.2,148.4,170.2,30,13.33888888888889,11.027777777777779,2.311111111111111,0.0,32.6,False,True,True,True
gru_negbin,dengue,3,RO,2025-01-05,29,2024-06-16,16.6,21.8,29.6,45.8,69.8,101.4,136.4,160.6,183.6,26,17.998888888888885,12.79888888888889,5.199999999999999,0.0,43.8,False,False,True,True
gru_negbin,dengue,3,RO,2025-01-12,30,2024-06-16,20.4,26.4,34.6,52.0,78.2,111.0,147.6,172.4,196.2,30,19.654444444444444,13.743333333333332,5.911111111111111,0.0,48.2,False,False,True,True
gru_negbin,dengue,3,RO,2025-01-19,31,2024-06-16,24.6,31.2,40.8,59.6,87.0,121.6,159.6,185.6,210.0,34,21.918888888888887,14.71888888888889,7.199999999999999,0.0,53.0,False,False,True,True
gru_negbin,dengue,3,RO,2025-01-26,32,2024-06-16,29.4,36.6,46.4,66.8,96.0,132.2,171.2,197.8,223.2,36,25.229999999999997,15.941111111111107,9.288888888888888,0.0,60.0,False,False,False,True
gru_negbin,dengue,3,RO,2025-02-02,33,2024-06-16,33.6,41.4,52.2,73.2,103.0,139.4,178.8,205.4,230.6,51,20.38555555555556,15.185555555555554,5.200000000000001,0.0,52.0,False,False,True,True
gru_negbin,dengue,3,RO,2025-02-09,34,2024-06-16,37.6,45.8,56.2,77.8,107.2,143.2,181.4,207.0,231.2,60,18.482222222222223,14.526666666666667,3.955555555555555,0.0,47.2,False,True,True,True
gru_negbin,dengue,3,RO,2025-02-16,35,2024-06-16,40.4,48.4,59.4,80.0,108.8,143.6,180.4,205.0,227.8,38,33.80333333333333,16.869999999999997,16.93333333333333,0.0,70.8,False,False,False,False
gru_negbin,dengue,3,RO,2025-02-23,36,2024-06-16,41.8,49.8,60.0,80.4,108.0,140.6,175.0,198.4,219.6,59,18.961111111111112,13.983333333333333,4.977777777777779,0.0,49.0,False,False,True,True
gru_negbin,dengue,3,RO,2025-03-02,37,2024-06-16,41.6,49.2,58.8,78.0,103.0,133.4,165.2,186.4,206.0,82,10.213333333333333,10.213333333333333,0.0,0.0,21.0,True,True,True,True
gru_negbin,dengue,3,RO,2025-03-09,38,2024-06-16,40.2,47.0,56.0,73.4,96.6,124.0,152.4,171.4,189.0,110,8.651111111111113,8.651111111111113,0.0,0.0,13.400000000000006,True,True,True,True
gru_negbin,dengue,3,RO,2025-03-16,39,2024-06-16,37.4,43.6,52.0,67.2,88.2,112.4,137.8,154.6,170.0,101,7.8100000000000005,7.8100000000000005,0.0,0.0,12.799999999999997,True,True,True,True
gru_negbin,dengue,3,RO,2025-03-23,40,2024-06-16,34.6,40.2,47.6,61.6,80.2,101.8,124.4,139.2,153.0,88,6.564444444444444,6.564444444444444,0.0,0.0,7.799999999999997,True,True,True,True
gru_negbin,dengue,3,RO,2025-03-30,41,2024-06-16,32.0,37.2,43.8,56.6,73.2,92.6,112.8,125.8,138.0,118,16.884444444444444,10.084444444444443,0.0,6.800000000000002,44.8,False,False,True,True
gru_negbin,dengue,3,RO,2025-04-06,42,2024-06-16,29.2,34.0,40.0,51.4,66.4,84.0,101.6,113.8,124.8,85,6.886666666666665,6.664444444444443,0.0,0.2222222222222222,18.599999999999994,False,True,True,True
gru_negbin,dengue,3,RO,2025-04-13,43,2024-06-16,26.2,30.4,35.6,46.0,59.2,74.8,91.0,101.4,111.0,111,24.468888888888888,9.846666666666666,0.0,14.622222222222222,51.8,False,False,False,True
gru_negbin,dengue,3,RO,2025-04-20,44,2024-06-16,23.0,26.8,31.4,40.6,52.6,66.4,80.6,90.0,98.6,142,65.22666666666666,13.582222222222223,0.0,51.644444444444446,89.4,False,False,False,False
gru_negbin,dengue,3,RO,2025-04-27,45,2024-06-16,20.0,23.4,27.8,35.8,46.2,58.6,71.0,79.4,87.0,116,48.309999999999995,10.976666666666667,0.0,37.333333333333336,69.8,False,False,False,False
gru_negbin,dengue,3,RO,2025-05-04,46,2024-06-16,17.2,20.4,23.8,31.2,40.4,51.0,62.6,69.8,76.4,119,59.617777777777775,11.573333333333332,0.0,48.04444444444445,78.6,False,False,False,False
gru_negbin,dengue,3,RO,2025-05-11,47,2024-06-16,14.8,17.6,20.8,27.2,36.0,45.4,55.2,61.8,68.0,117,64.36222222222221,11.562222222222221,0.0,52.79999999999999,81.0,False,False,False,False
gru_negbin,dengue,3,RO,2025-05-18,48,2024-06-16,12.8,15.0,18.2,23.6,31.2,40.0,49.0,54.6,60.4,96,49.49999999999999,9.499999999999998,0.0,40.0,64.8,False,False,False,False
gru_negbin,dengue,3,RO,2025-05-25,49,2024-06-16,10.6,13.0,15.6,20.6,27.2,35.0,42.8,48.4,53.0,88,47.1888888888889,8.788888888888888,0.0,38.400000000000006,60.8,False,False,False,False
gru_negbin,dengue,3,RO,2025-06-01,50,2024-06-16,9.4,11.2,13.6,18.4,24.2,31.2,38.2,43.0,47.2,92,55.66555555555556,9.354444444444445,0.0,46.3111111111111,67.8,False,False,False,False
gru_negbin,dengue,3,RO,2025-06-08,51,2024-06-16,8.2,9.6,12.0,16.2,21.6,28.0,34.6,39.2,42.8,52,19.145555555555553,5.056666666666667,0.0,14.088888888888889,30.4,False,False,False,False
gru_negbin,dengue,3,RO,2025-06-15,52,2024-06-16,7.4,9.2,10.8,14.8,20.0,25.6,31.8,36.0,39.6,70,39.76555555555556,7.098888888888888,0.0,32.666666666666664,50.0,False,False,False,False
gru_negbin,dengue,3,RO,2025-06-22,53,2024-06-16,6.6,8.4,10.0,13.6,18.4,23.8,29.4,33.4,36.6,56,28.02,5.62,0.0,22.400000000000002,37.6,False,False,False,False
gru_negbin,dengue,3,RO,2025-06-29,54,2024-06-16,6.0,7.4,9.2,12.6,16.8,22.2,27.6,31.0,34.0,53,26.982222222222223,5.382222222222222,0.0,21.6,36.2,False,False,False,False
gru_negbin,dengue,3,RO,2025-07-06,55,2024-06-16,5.6,7.0,8.6,12.0,16.0,21.2,26.2,29.4,32.6,51,26.212222222222223,5.190000000000001,0.0,21.022222222222222,35.0,False,False,False,False
gru_negbin,dengue,3,RO,2025-07-13,56,2024-06-16,5.4,6.6,8.2,11.4,15.2,19.8,24.8,27.8,31.0,25,3.502222222222222,2.3022222222222224,0.0,1.1999999999999997,9.8,False,False,True,True
gru_negbin,dengue,3,RO,2025-07-20,57,2024-06-16,5.0,6.2,7.8,10.6,14.6,19.4,23.6,26.8,29.6,34,11.494444444444444,3.3611111111111107,0.0,8.133333333333333,19.4,False,False,False,False
gru_negbin,dengue,3,RO,2025-07-27,58,2024-06-16,4.8,5.8,7.2,10.2,13.8,18.2,22.6,25.4,28.2,23,3.312222222222222,2.1566666666666667,0.0,1.1555555555555554,9.2,False,False,True,True
gru_negbin,dengue,3,RO,2025-08-03,59,2024-06-16,4.4,5.4,6.8,9.8,13.2,17.2,21.6,24.4,27.0,27,6.565555555555556,2.6100000000000003,0.0,3.9555555555555557,13.8,False,False,False,True
gru_negbin,dengue,3,RO,2025-08-10,60,2024-06-16,4.0,5.2,6.4,9.2,12.6,16.4,20.6,23.2,26.0,21,3.0822222222222226,1.9711111111111113,0.0,1.1111111111111112,8.4,False,False,True,True
gru_negbin,dengue,3,RO,2025-08-17,61,2024-06-16,3.8,4.8,6.4,8.6,11.6,15.6,19.6,22.4,24.6,21,3.5488888888888885,2.0377777777777775,0.0,1.5111111111111108,9.4,False,False,True,True
gru_negbin,dengue,3,RO,2025-08-24,62,2024-06-16,3.4,4.4,5.8,8.4,11.6,15.4,18.8,21.6,23.8,22,4.404444444444445,2.1377777777777776,0.0,2.266666666666666,10.4,False,False,False,True
gru_negbin,dengue,3,RO,2025-08-31,63,2024-06-16,3.2,4.4,5.6,8.0,11.2,15.0,18.8,21.2,23.4,19,2.781111111111111,1.847777777777778,0.0,0.9333333333333331,7.800000000000001,False,False,True,True
gru_negbin,dengue,3,RO,2025-09-07,64,2024-06-16,3.2,4.4,5.6,7.8,11.2,14.8,18.6,21.4,23.6,24,6.3133333333333335,2.402222222222222,0.0,3.9111111111111105,12.8,False,False,False,False
gru_negbin,dengue,3,RO,2025-09-14,65,2024-06-16,3.2,4.4,5.6,8.0,11.2,15.2,19.0,21.4,23.8,20,3.267777777777778,1.9788888888888891,0.0,1.288888888888889,8.8,False,False,True,True
gru_negbin,dengue,3,RO,2025-09-21,66,2024-06-16,3.2,4.4,5.6,8.2,11.6,15.4,19.6,22.2,24.6,25,6.561111111111111,2.5166666666666666,0.0,4.044444444444443,13.4,False,False,False,False
gru_negbin,dengue,3,RO,2025-09-28,67,2024-06-16,3.2,4.6,5.8,8.2,12.0,16.0,20.2,23.4,26.0,23,4.488888888888889,2.3111111111111113,0.0,2.177777777777778,11.0,False,False,True,True
gru_negbin,dengue,3,RR,2024-10-06,16,2024-06-16,0.2,1.2,2.4,7.2,16.0,30.8,50.4,65.0,79.2,13,3.8588888888888895,3.8588888888888895,0.0,0.0,3.0,True,True,True,True
gru_negbin,dengue,3,RR,2024-10-13,17,2024-06-16,0.2,1.0,2.4,6.4,15.2,29.4,47.8,61.8,75.6,5,4.825555555555556,4.514444444444445,0.31111111111111117,0.0,10.2,False,True,True,True
gru_negbin,dengue,3,RR,2024-10-20,18,2024-06-16,0.2,1.0,2.4,6.0,14.2,27.8,45.2,58.0,71.4,5,4.435555555555556,4.213333333333334,0.2222222222222222,0.0,9.2,False,True,True,True
gru_negbin,dengue,3,RR,2024-10-27,19,2024-06-16,0.2,1.0,2.4,5.8,13.2,25.8,42.2,54.4,66.6,6,3.7577777777777777,3.7577777777777777,0.0,0.0,7.199999999999999,True,True,True,True
gru_negbin,dengue,3,RR,2024-11-03,20,2024-06-16,0.2,1.0,1.8,5.6,12.6,24.4,39.4,50.8,62.4,5,3.756666666666666,3.623333333333333,0.13333333333333325,0.0,7.6,False,True,True,True
gru_negbin,dengue,3,RR,2024-11-10,21,2024-06-16,0.2,0.8,1.8,5.2,11.6,22.6,36.8,47.0,57.4,4,3.6866666666666665,3.42,0.2666666666666667,0.0,7.6,False,True,True,True
gru_negbin,dengue,3,RR,2024-11-17,22,2024-06-16,0.2,0.6,1.8,4.6,11.0,21.0,33.8,43.4,53.0,2,3.968888888888889,3.3911111111111105,0.5777777777777777,0.0,9.0,False,True,True,True
gru_negbin,dengue,3,RR,2024-11-24,23,2024-06-16,0.0,0.6,1.6,4.4,10.4,19.6,31.6,40.4,49.2,3,3.3600000000000003,3.0488888888888885,0.31111111111111117,0.0,7.4,False,True,True,True
gru_negbin,dengue,3,RR,2024-12-01,24,2024-06-16,0.0,0.6,1.6,4.0,9.6,18.4,29.8,38.2,46.4,4,2.724444444444444,2.724444444444444,0.0,0.0,5.6,True,True,True,True
gru_negbin,dengue,3,RR,2024-12-08,25,2024-06-16,0.0,0.6,1.4,3.8,9.0,17.6,28.0,36.2,44.0,4,2.5533333333333332,2.5533333333333332,0.0,0.0,5.0,True,True,True,True
gru_negbin,dengue,3,RR,2024-12-15,26,2024-06-16,0.0,0.4,1.4,3.8,8.6,16.8,27.2,34.8,42.2,3,2.712222222222222,2.5344444444444445,0.17777777777777773,0.0,5.6,False,True,True,True
gru_negbin,dengue,3,RR,2024-12-22,27,2024-06-16,0.0,0.4,1.4,3.8,8.8,16.4,26.6,33.8,41.4,2,3.0166666666666666,2.6166666666666667,0.39999999999999997,0.0,6.800000000000001,False,True,True,True
gru_negbin,dengue,3,RR,2024-12-29,28,2024-06-16,0.0,0.4,1.2,4.0,8.6,16.4,26.0,33.4,40.4,3,2.675555555555556,2.4533333333333336,0.2222222222222222,0.0,5.6,False,True,True,True
gru_negbin,dengue,3,RR,2025-01-05,29,2024-06-16,0.0,0.4,1.2,3.8,8.8,16.8,26.6,34.2,41.4,3,2.714444444444444,2.5366666666666666,0.17777777777777773,0.0,5.800000000000001,False,True,True,True
gru_negbin,dengue,3,RR,2025-01-12,30,2024-06-16,0.0,0.6,1.2,3.8,8.6,16.4,25.8,33.2,40.4,4,2.344444444444444,2.344444444444444,0.0,0.0,4.6,True,True,True,True
gru_negbin,dengue,3,RR,2025-01-19,31,2024-06-16,0.0,0.4,1.2,3.8,8.6,16.2,26.0,33.2,40.0,6,2.1155555555555554,2.1155555555555554,0.0,0.0,2.5999999999999996,True,True,True,True
gru_negbin,dengue,3,RR,2025-01-26,32,2024-06-16,0.0,0.4,1.4,4.0,8.8,16.6,26.2,33.4,40.2,8,1.9300000000000002,1.9300000000000002,0.0,0.0,0.8000000000000007,True,True,True,True
gru_negbin,dengue,3,RR,2025-02-02,33,2024-06-16,0.0,0.4,1.4,4.2,8.8,16.6,26.4,33.4,40.2,5,2.256666666666667,2.256666666666667,0.0,0.0,3.8000000000000007,True,True,True,True
gru_negbin,dengue,3,RR,2025-02-09,34,2024-06-16,0.0,0.4,1.6,3.8,8.4,16.2,25.8,33.0,40.0,9,1.8777777777777775,1.8777777777777775,0.0,0.0,0.5999999999999996,True,True,True,True
gru_negbin,dengue,3,RR,2025-02-16,35,2024-06-16,0.0,0.4,1.6,3.6,8.8,16.4,25.8,33.0,40.2,4,2.3677777777777775,2.3677777777777775,0.0,0.0,4.800000000000001,True,True,True,True
gru_negbin,dengue,3,RR,2025-02-23,36,2024-06-16,0.0,0.4,1.6,3.6,8.4,16.4,26.0,33.4,40.4,10,2.0222222222222226,2.0222222222222226,0.0,0.0,1.5999999999999996,True,True,True,True
gru_negbin,dengue,3,RR,2025-03-02,37,2024-06-16,0.0,0.4,1.2,3.6,8.2,16.0,25.8,33.0,40.2,13,2.3544444444444443,2.3544444444444443,0.0,0.0,4.800000000000001,True,True,True,True
gru_negbin,dengue,3,RR,2025-03-09,38,2024-06-16,0.0,0.4,1.0,3.4,7.8,15.4,25.4,32.8,40.4,12,2.26,2.26,0.0,0.0,4.2,True,True,True,True
gru_negbin,dengue,3,RR,2025-03-16,39,2024-06-16,0.0,0.2,1.0,2.8,7.8,15.0,24.8,32.4,39.6,10,2.0288888888888885,2.0288888888888885,0.0,0.0,2.2,True,True,True,True
gru_negbin,dengue,3,RR,2025-03-23,40,2024-06-16,0.0,0.0,1.0,2.8,6.8,14.4,24.2,31.4,38.6,4,2.0344444444444445,2.0344444444444445,0.0,0.0,2.8,True,True,True,True
gru_negbin,dengue,3,RR,2025-03-30,41,2024-06-16,0.0,0.0,0.6,2.6,6.6,14.0,23.2,30.0,36.8,10,2.051111111111111,2.051111111111111,0.0,0.0,3.4000000000000004,True,True,True,True
gru_negbin,dengue,3,RR,2025-04-06,42,2024-06-16,0.0,0.0,0.6,2.2,6.2,12.8,21.8,28.4,35.0,12,2.214444444444444,2.214444444444444,0.0,0.0,5.8,True,True,True,True
gru_negbin,dengue,3,RR,2025-04-13,43,2024-06-16,0.0,0.0,0.4,2.0,6.0,12.4,20.6,27.0,33.2,20,4.755555555555556,3.0666666666666664,0.0,1.6888888888888889,14.0,False,True,True,True
gru_negbin,dengue,3,RR,2025-04-20,44,2024-06-16,0.0,0.0,0.4,2.0,5.4,11.4,19.6,25.6,31.4,17,3.941111111111111,2.6966666666666668,0.0,1.2444444444444445,11.6,False,True,True,True
gru_negbin,dengue,3,RR,2025-04-27,45,2024-06-16,0.0,0.0,0.4,1.8,5.2,10.8,18.4,23.8,29.4,11,2.016666666666667,1.9722222222222225,0.0,0.04444444444444429,5.8,False,True,True,True
gru_negbin,dengue,3,RR,2025-05-04,46,2024-06-16,0.0,0.0,0.2,1.8,5.0,10.6,17.8,23.2,28.8,18,4.431111111111112,2.7422222222222223,0.0,1.6888888888888889,13.0,False,False,True,True
gru_negbin,dengue,3,RR,2025-05-11,47,2024-06-16,0.0,0.0,0.4,1.8,5.0,10.4,17.4,22.8,28.0,10,1.8199999999999998,1.8199999999999998,0.0,0.0,5.0,True,True,True,True
gru_negbin,dengue,3,RR,2025-05-18,48,2024-06-16,0.0,0.0,0.4,1.8,5.0,10.4,17.4,22.8,28.0,11,2.0644444444444447,1.931111111111111,0.0,0.13333333333333325,6.0,False,True,True,True
gru_negbin,dengue,3,RR,2025-05-25,49,2024-06-16,0.0,0.0,0.4,1.8,5.0,10.4,17.4,22.4,28.0,15,3.393333333333333,2.371111111111111,0.0,1.0222222222222221,10.0,False,True,True,True
gru_negbin,dengue,3,RR,2025-06-01,50,2024-06-16,0.0,0.0,0.4,1.8,5.2,10.4,17.6,22.6,28.2,18,4.467777777777777,2.6900000000000004,0.0,1.7777777777777775,12.8,False,False,True,True
gru_negbin,dengue,3,RR,2025-06-08,51,2024-06-16,0.0,0.0,0.4,1.8,5.4,10.6,17.8,23.4,28.8,15,3.34,2.3622222222222224,0.0,0.9777777777777779,9.6,False,True,True,True
gru_negbin,dengue,3,RR,2025-06-15,52,2024-06-16,0.0,0.0,0.4,2.0,5.4,11.0,18.4,23.8,29.6,13,2.6177777777777775,2.1733333333333333,0.0,0.4444444444444444,7.6,False,True,True,True
gru_negbin,dengue,3,RR,2025-06-22,53,2024-06-16,0.0,0.0,0.6,2.2,5.8,11.6,19.0,24.8,30.6,10,1.8433333333333333,1.8433333333333333,0.0,0.0,4.2,True,True,True,True
gru_negbin,dengue,3,RR,2025-06-29,54,2024-06-16,0.0,0.0,0.6,2.4,5.8,12.0,19.6,25.6,31.8,7,1.55,1.55,0.0,0.0,1.2000000000000002,True,True,True,True
gru_negbin,dengue,3,RR,2025-07-06,55,2024-06-16,0.0,0.0,0.6,2.6,5.8,12.2,20.0,26.2,31.6,6,1.4533333333333334,1.4533333333333334,0.0,0.0,0.20000000000000018,True,True,True,True
gru_negbin,dengue,3,RR,2025-07-13,56,2024-06-16,0.0,0.0,0.6,2.4,5.8,12.0,20.0,26.2,32.2,8,1.6788888888888889,1.6788888888888889,0.0,0.0,2.2,True,True,True,True
gru_negbin,dengue,3,RR,2025-07-20,57,2024-06-16,0.0,0.0,0.6,2.4,5.8,12.2,20.4,26.2,32.4,6,1.4777777777777776,1.4777777777777776,0.0,0.0,0.20000000000000018,True,True,True,True
gru_negbin,dengue,3,RR,2025-07-27,58,2024-06-16,0.0,0.0,0.4,2.4,5.8,12.0,19.8,26.2,32.4,5,1.5244444444444443,1.5244444444444443,0.0,0.0,0.7999999999999998,True,True,True,True
gru_negbin,dengue,3,RR,2025-08-03,59,2024-06-16,0.0,0.0,0.4,2.0,5.4,11.4,19.6,26.2,32.6,5,1.4655555555555557,1.4655555555555557,0.0,0.0,0.40000000000000036,True,True,True,True
gru_negbin,dengue,3,RR,2025-08-10,60,2024-06-16,0.0,0.0,0.4,2.0,5.4,11.0,19.4,26.0,32.6,11,2.014444444444445,2.014444444444445,0.0,0.0,5.6,True,True,True,True
gru_negbin,dengue,3,RR,2025-08-17,61,2024-06-16,0.0,0.0,0.4,1.6,5.0,10.8,19.4,25.8,32.4,7,1.6222222222222222,1.6222222222222222,0.0,0.0,2.0,True,True,True,True
gru_negbin,dengue,3,RR,2025-08-24,62,2024-06-16,0.0,0.0,0.2,1.6,4.6,10.2,18.8,25.4,31.6,7,1.6155555555555556,1.6155555555555556,0.0,0.0,2.4000000000000004,True,True,True,True
gru_negbin,dengue,3,RR,2025-08-31,63,2024-06-16,0.0,0.0,0.2,1.4,4.2,10.2,18.0,24.0,30.4,15,3.586666666666667,2.52,0.0,1.0666666666666669,10.8,False,True,True,True
gru_negbin,dengue,3,RR,2025-09-07,64,2024-06-16,0.0,0.0,0.2,1.4,4.2,10.0,17.4,23.2,29.0,9,1.8122222222222224,1.8122222222222224,0.0,0.0,4.8,True,True,True,True
gru_negbin,dengue,3,RR,2025-09-14,65,2024-06-16,0.0,0.0,0.2,1.4,4.2,9.2,16.8,22.4,28.2,7,1.518888888888889,1.518888888888889,0.0,0.0,2.8,True,True,True,True
gru_negbin,dengue,3,RR,2025-09-21,66,2024-06-16,0.0,0.0,0.0,1.2,4.2,9.2,16.4,21.6,27.4,10,2.0233333333333334,1.8455555555555554,0.0,0.17777777777777792,5.8,False,True,True,True
gru_negbin,dengue,3,RR,2025-09-28,67,2024-06-16,0.0,0.0,0.0,1.2,4.2,9.2,16.2,21.4,27.0,12,2.6811111111111114,2.058888888888889,0.0,0.6222222222222223,7.8,False,True,True,True
gru_negbin,dengue,3,RS,2024-10-06,16,2024-06-16,31.4,38.0,47.0,65.2,90.8,121.6,154.6,177.2,198.0,99,8.907777777777778,8.907777777777778,0.0,0.0,8.200000000000003,True,True,True,True
gru_negbin,dengue,3,RS,2024-10-13,17,2024-06-16,30.8,37.4,47.0,65.6,91.8,124.2,158.4,181.6,203.6,122,11.648888888888889,11.648888888888889,0.0,0.0,30.200000000000003,True,True,True,True
gru_negbin,dengue,3,RS,2024-10-20,18,2024-06-16,30.4,37.6,47.0,66.6,94.4,128.4,165.2,190.4,213.6,123,11.953333333333333,11.953333333333333,0.0,0.0,28.599999999999994,True,True,True,True
gru_negbin,dengue,3,RS,2024-10-27,19,2024-06-16,29.4,37.0,47.0,67.8,97.6,135.2,176.2,203.8,230.2,134,13.628888888888888,13.628888888888888,0.0,0.0,36.400000000000006,True,True,True,True
gru_negbin,dengue,3,RS,2024-11-03,20,2024-06-16,28.6,36.4,47.2,70.4,104.0,147.2,194.4,226.8,257.6,144,15.369999999999997,15.369999999999997,0.0,0.0,40.0,True,True,True,True
gru_negbin,dengue,3,RS,2024-11-10,21,2024-06-16,27.6,36.0,48.0,74.0,113.0,163.6,219.8,259.0,296.0,126,14.20888888888889,14.20888888888889,0.0,0.0,13.0,True,True,True,True
gru_negbin,dengue,3,RS,2024-11-17,22,2024-06-16,26.8,35.6,49.2,79.0,125.0,186.0,255.0,303.2,349.2,99,18.17111111111111,18.17111111111111,0.0,0.0,26.0,True,True,True,True
gru_negbin,dengue,3,RS,2024-11-24,23,2024-06-16,25.0,35.2,50.2,84.8,140.2,215.2,302.2,363.4,422.4,155,20.34333333333333,20.34333333333333,0.0,0.0,14.800000000000011,True,True,True,True
gru_negbin,dengue,3,RS,2024-12-01,24,2024-06-16,23.0,34.0,50.8,91.0,158.2,252.6,364.0,443.0,520.0,130,26.376666666666665,26.376666666666665,0.0,0.0,28.19999999999999,True,True,True,True
gru_negbin,dengue,3,RS,2024-12-08,25,2024-06-16,21.2,32.8,51.2,97.6,178.4,296.0,437.4,539.2,638.2,99,37.48111111111112,37.48111111111112,0.0,0.0,79.4,True,True,True,True
gru_negbin,dengue,3,RS,2024-12-15,26,2024-06-16,20.8,33.2,54.0,109.2,208.6,358.0,540.2,672.8,802.8,95,51.855555555555554,48.7,3.1555555555555563,0.0,113.6,False,True,True,True
gru_negbin,dengue,3,RS,2024-12-22,27,2024-06-16,22.4,36.2,60.4,126.6,249.4,436.4,667.8,837.2,1003.8,82,73.57222222222224,63.661111111111104,9.91111111111111,0.0,167.4,False,True,True,True
gru_negbin,dengue,3,RS,2024-12-29,28,2024-06-16,27.0,44.0,74.2,156.6,311.0,547.0,840.2,1055.0,1266.2,145,77.85111111111111,75.27333333333334,2.5777777777777766,0.0,166.0,False,True,True,True
gru_negbin,dengue,3,RS,2025-01-05,29,2024-06-16,35.2,57.8,96.6,203.2,403.2,707.8,1085.8,1362.6,1634.8,193,99.0222222222222,96.75555555555555,2.266666666666664,0.0,210.2,False,True,True,True
gru_negbin,dengue,3,RS,2025-01-12,30,2024-06-16,49.6,80.8,134.0,278.4,545.4,950.4,1451.0,1816.6,2175.4,214,148.83,134.5188888888889,14.311111111111106,0.0,331.4,False,True,True,True
gru_negbin,dengue,3,RS,2025-01-19,31,2024-06-16,71.6,115.0,188.8,386.8,748.6,1295.0,1966.4,2455.8,2936.0,249,218.01333333333338,187.39111111111112,30.622222222222224,0.0,499.6,False,True,True,True
gru_negbin,dengue,3,RS,2025-01-26,32,2024-06-16,100.4,159.6,258.4,521.4,997.2,1709.0,2579.6,3213.0,3833.2,259,312.5577777777778,254.2466666666667,58.3111111111111,0.0,738.2,False,True,True,True
gru_negbin,dengue,3,RS,2025-02-02,33,2024-06-16,140.2,220.2,351.8,697.0,1313.2,2226.6,3337.4,4143.0,4930.4,304,431.6122222222222,333.65666666666664,97.95555555555556,0.0,1009.2,False,False,True,True
gru_negbin,dengue,3,RS,2025-02-09,34,2024-06-16,198.2,306.2,482.6,937.0,1736.4,2909.6,4328.0,5353.4,6354.2,464,535.9444444444445,426.7,109.24444444444445,0.0,1272.4,False,False,True,True
gru_negbin,dengue,3,RS,2025-02-16,35,2024-06-16,273.4,415.8,646.2,1229.6,2242.8,3716.8,5487.6,6764.0,8007.4,657,662.7111111111112,535.4666666666667,127.24444444444443,0.0,1585.8000000000002,False,True,True,True
gru_negbin,dengue,3,RS,2025-02-23,36,2024-06-16,367.2,550.2,842.2,1571.4,2821.2,4623.2,6776.2,8322.8,9827.4,885,807.9966666666666,655.4633333333334,152.53333333333336,0.0,1936.1999999999998,False,True,True,True
gru_negbin,dengue,3,RS,2025-03-02,37,2024-06-16,478.8,705.6,1061.6,1936.8,3413.2,5517.8,8014.2,9800.8,11534.8,1209,922.571111111111,760.8377777777777,161.73333333333332,0.0,2204.2,False,True,True,True
gru_negbin,dengue,3,RS,2025-03-09,38,2024-06-16,599.8,870.4,1289.8,2304.6,3991.8,6371.0,9174.6,11173.0,13109.0,2237,795.0977777777779,780.0755555555556,15.022222222222203,0.0,1754.8000000000002,False,True,True,True
gru_negbin,dengue,3,RS,2025-03-16,39,2024-06-16,718.0,1029.0,1504.4,2641.2,4507.0,7116.4,10173.0,12345.6,14446.2,2827,829.9322222222222,829.9322222222222,0.0,0.0,1680.0,True,True,True,True
gru_negbin,dengue,3,RS,2025-03-23,40,2024-06-16,820.6,1164.6,1687.8,2927.2,4945.4,7750.8,11024.4,13345.8,15587.8,4841,704.4444444444445,704.4444444444445,0.0,0.0,104.39999999999964,True,True,True,True
gru_negbin,dengue,3,RS,2025-03-30,41,2024-06-16,894.0,1260.4,1815.0,3120.0,5232.6,8156.8,11560.6,13970.2,16295.2,7171,938.551111111111,938.551111111111,0.0,0.0,1938.3999999999996,True,True,True,True
gru_negbin,dengue,3,RS,2025-04-06,42,2024-06-16,912.4,1278.4,1830.0,3121.2,5200.2,8066.4,11393.4,13745.6,16013.4,7195,931.3166666666667,931.3166666666667,0.0,0.0,1994.8000000000002,True,True,True,True
gru_negbin,dengue,3,RS,2025-04-13,43,2024-06-16,903.6,1258.4,1790.0,3026.4,5006.4,7725.8,10874.0,13096.4,15237.4,7403,940.3988888888889,940.3988888888889,0.0,0.0,2396.6000000000004,True,True,True,True
gru_negbin,dengue,3,RS,2025-04-20,44,2024-06-16,849.2,1176.0,1663.0,2790.2,4586.2,7043.2,9880.8,11881.0,13806.6,9210,1605.0922222222225,1123.5811111111113,0.0,481.5111111111112,4623.8,False,True,True,True
gru_negbin,dengue,3,RS,2025-04-27,45,2024-06-16,742.2,1024.6,1443.8,2411.6,3949.4,6049.0,8470.8,10177.2,11818.6,7914,1376.4199999999998,961.9755555555556,0.0,414.44444444444446,3964.6,False,True,True,True
gru_negbin,dengue,3,RS,2025-05-04,46,2024-06-16,608.0,837.8,1179.2,1965.0,3214.0,4918.6,6883.8,8268.4,9600.4,7713,1728.511111111111,923.2666666666667,0.0,805.2444444444443,4499.0,False,False,True,True
gru_negbin,dengue,3,RS,2025-05-11,47,2024-06-16,476.6,654.2,917.2,1523.6,2484.8,3795.8,5306.8,6370.8,7394.2,8217,3184.951111111111,962.6400000000002,0.0,2222.3111111111107,5732.2,False,False,False,False
gru_negbin,dengue,3,RS,2025-05-18,48,2024-06-16,367.4,499.4,694.4,1141.4,1847.8,2808.8,3914.6,4693.0,5441.2,7408,3695.532222222222,856.7766666666666,0.0,2838.755555555556,5560.2,False,False,False,False
gru_negbin,dengue,3,RS,2025-05-25,49,2024-06-16,275.2,371.0,512.0,835.2,1344.6,2036.6,2832.8,3392.8,3931.2,3934,1247.1599999999999,459.91555555555556,0.0,787.2444444444444,2589.4,False,False,False,False
gru_negbin,dengue,3,RS,2025-06-01,50,2024-06-16,203.4,272.8,374.6,606.6,972.8,1469.4,2041.6,2443.8,2830.2,2631,738.6488888888889,307.9377777777778,0.0,430.71111111111105,1658.2,False,False,False,True
gru_negbin,dengue,3,RS,2025-06-08,51,2024-06-16,146.8,195.0,265.8,426.6,679.8,1023.4,1418.2,1696.0,1963.0,1523,313.53222222222223,179.2211111111111,0.0,134.3111111111111,843.2,False,False,True,True
gru_negbin,dengue,3,RS,2025-06-15,52,2024-06-16,105.4,139.4,189.4,303.2,481.4,723.2,1000.8,1195.8,1383.2,726,88.00111111111111,87.3788888888889,0.0,0.6222222222222121,244.60000000000002,False,True,True,True
gru_negbin,dengue,3,RS,2025-06-22,53,2024-06-16,77.8,103.2,140.0,222.8,352.6,527.8,728.8,870.0,1005.2,406,49.63444444444444,49.63444444444444,0.0,0.0,53.39999999999998,True,True,True,True
gru_negbin,dengue,3,RS,2025-06-29,54,2024-06-16,59.8,79.0,106.8,170.0,267.6,399.4,550.4,656.2,757.4,239,36.06888888888889,36.06888888888889,0.0,0.0,28.600000000000023,True,True,True,True
gru_negbin,dengue,3,RS,2025-07-06,55,2024-06-16,46.2,60.6,82.0,130.0,203.6,302.0,414.2,492.4,567.6,212,25.56555555555555,25.56555555555555,0.0,0.0,8.400000000000006,True,True,True,True
gru_negbin,dengue,3,RS,2025-07-13,56,2024-06-16,36.4,48.2,64.6,101.4,157.2,231.6,315.8,374.6,430.4,197,23.05333333333333,23.05333333333333,0.0,0.0,39.80000000000001,True,True,True,True
gru_negbin,dengue,3,RS,2025-07-20,57,2024-06-16,29.8,39.4,52.6,82.0,126.2,184.4,250.0,295.6,339.0,157,18.06222222222222,18.06222222222222,0.0,0.0,30.799999999999997,True,True,True,True
gru_negbin,dengue,3,RS,2025-07-27,58,2024-06-16,25.8,33.8,45.0,69.4,105.8,153.4,206.6,243.2,278.4,125,14.121111111111112,14.121111111111112,0.0,0.0,19.200000000000003,True,True,True,True
gru_negbin,dengue,3,RS,2025-08-03,59,2024-06-16,23.2,29.8,39.2,59.8,90.4,130.0,173.6,204.0,232.6,112,12.385555555555554,12.385555555555554,0.0,0.0,21.599999999999994,True,True,True,True
gru_negbin,dengue,3,RS,2025-08-10,60,2024-06-16,21.0,26.8,35.2,53.4,79.6,113.2,150.4,176.0,200.0,131,18.20111111111111,14.245555555555557,0.0,3.955555555555555,51.400000000000006,False,True,True,True
gru_negbin,dengue,3,RS,2025-08-17,61,2024-06-16,19.6,24.8,32.6,48.4,71.6,101.6,134.2,156.8,178.0,137,23.31555555555556,14.826666666666666,0.0,8.488888888888892,65.4,False,False,True,True
gru_negbin,dengue,3,RS,2025-08-24,62,2024-06-16,18.4,23.6,30.6,45.2,66.6,93.6,123.2,143.4,162.6,132,24.63444444444444,14.145555555555555,0.0,10.488888888888889,65.4,False,False,True,True
gru_negbin,dengue,3,RS,2025-08-31,63,2024-06-16,17.8,22.4,29.4,43.2,63.2,88.4,116.2,135.2,153.0,150,40.57777777777777,16.08888888888889,0.0,24.48888888888889,86.8,False,False,False,True
gru_negbin,dengue,3,RS,2025-09-07,64,2024-06-16,17.6,22.4,28.8,41.8,60.8,84.6,110.6,128.2,145.0,135,32.45666666666668,14.323333333333332,0.0,18.13333333333334,74.2,False,False,False,True
gru_negbin,dengue,3,RS,2025-09-14,65,2024-06-16,17.4,22.4,28.6,41.2,59.8,82.8,107.8,125.0,140.6,162,59.873333333333335,17.25111111111111,0.0,42.62222222222223,102.2,False,False,False,False
gru_negbin,dengue,3,RS,2025-09-21,66,2024-06-16,17.8,22.6,29.0,41.8,60.2,82.8,107.6,124.2,140.4,167,65.03444444444445,17.701111111111107,0.0,47.33333333333334,106.8,False,False,False,False
gru_negbin,dengue,3,RS,2025-09-28,67,2024-06-16,18.4,23.0,29.6,42.4,61.4,85.2,110.6,127.6,143.8,209,104.39222222222222,22.436666666666667,0.0,81.95555555555556,147.6,False,False,False,False
gru_negbin,dengue,3,SC,2024-10-06,16,2024-06-16,52.2,63.0,77.4,106.8,147.4,198.2,253.2,290.2,325.0,139,13.957777777777778,13.957777777777778,0.0,0.0,8.400000000000006,True,True,True,True
gru_negbin,dengue,3,SC,2024-10-13,17,2024-06-16,53.0,64.2,79.0,110.0,153.0,207.0,265.0,304.4,341.8,141,15.128888888888888,15.128888888888888,0.0,0.0,12.0,True,True,True,True
gru_negbin,dengue,3,SC,2024-10-20,18,2024-06-16,54.6,66.2,82.6,115.6,163.4,222.8,287.6,332.0,373.6,143,17.503333333333337,17.503333333333337,0.0,0.0,20.400000000000006,True,True,True,True
gru_negbin,dengue,3,SC,2024-10-27,19,2024-06-16,55.6,67.8,85.4,122.0,174.8,241.8,315.4,365.8,413.4,176,17.198888888888888,17.198888888888888,0.0,0.0,1.1999999999999886,True,True,True,True
gru_negbin,dengue,3,SC,2024-11-03,20,2024-06-16,55.4,69.2,88.2,128.4,187.6,264.2,348.8,407.4,463.2,179,20.314444444444444,20.314444444444444,0.0,0.0,8.599999999999994,True,True,True,True
gru_negbin,dengue,3,SC,2024-11-10,21,2024-06-16,54.6,69.2,90.0,135.2,203.6,293.6,394.8,465.2,532.6,185,24.695555555555554,24.695555555555554,0.0,0.0,18.599999999999994,True,True,True,True
gru_negbin,dengue,3,SC,2024-11-17,22,2024-06-16,52.6,68.2,90.6,141.8,221.2,328.2,451.0,537.2,619.6,187,30.525555555555556,30.525555555555556,0.0,0.0,34.19999999999999,True,True,True,True
gru_negbin,dengue,3,SC,2024-11-24,23,2024-06-16,50.0,66.4,90.8,147.4,237.8,362.8,508.2,611.4,710.4,164,39.166666666666664,39.166666666666664,0.0,0.0,73.80000000000001,True,True,True,True
gru_negbin,dengue,3,SC,2024-12-01,24,2024-06-16,48.0,65.6,91.8,155.0,258.4,403.6,574.4,696.2,814.0,282,38.42,38.42,0.0,0.0,23.600000000000023,True,True,True,True
gru_negbin,dengue,3,SC,2024-12-08,25,2024-06-16,46.2,64.8,94.2,165.2,285.8,458.2,663.4,810.8,954.0,393,54.169999999999995,54.169999999999995,0.0,0.0,107.19999999999999,True,True,True,True
gru_negbin,dengue,3,SC,2024-12-15,26,2024-06-16,46.0,66.4,99.4,182.0,325.4,534.4,786.2,968.0,1145.4,310,52.676666666666655,52.676666666666655,0.0,0.0,15.399999999999977,True,True,True,True
gru_negbin,dengue,3,SC,2024-12-22,27,2024-06-16,48.0,71.0,108.2,204.4,374.2,625.6,931.0,1152.4,1369.2,379,61.573333333333345,61.573333333333345,0.0,0.0,4.800000000000011,True,True,True,True
gru_negbin,dengue,3,SC,2024-12-29,28,2024-06-16,52.2,78.2,120.8,231.8,431.4,730.6,1096.0,1362.8,1623.8,426,72.98666666666665,72.98666666666665,0.0,0.0,5.399999999999977,True,True,True,True
gru_negbin,dengue,3,SC,2025-01-05,29,2024-06-16,61.2,91.8,142.2,276.2,520.6,890.0,1346.0,1678.6,2005.4,368,106.2388888888889,106.2388888888889,0.0,0.0,152.60000000000002,True,True,True,True
gru_negbin,dengue,3,SC,2025-01-12,30,2024-06-16,73.2,109.6,170.2,332.4,631.8,1087.6,1652.2,2065.6,2472.2,394,136.37222222222218,136.37222222222218,0.0,0.0,237.79999999999995,True,True,True,True
gru_negbin,dengue,3,SC,2025-01-19,31,2024-06-16,89.2,133.4,207.8,407.2,776.8,1341.8,2042.8,2557.0,3062.8,408,177.12666666666667,177.12666666666667,0.0,0.0,368.79999999999995,True,True,True,True
gru_negbin,dengue,3,SC,2025-01-26,32,2024-06-16,113.4,168.8,261.0,507.4,962.2,1655.8,2515.4,3145.2,3764.2,397,254.58444444444442,230.0511111111111,24.533333333333328,0.0,565.2,False,True,True,True
gru_negbin,dengue,3,SC,2025-02-02,33,2024-06-16,145.6,214.8,329.2,633.8,1192.6,2042.0,3092.4,3861.0,4617.0,371,354.6811111111111,296.2811111111111,58.39999999999999,0.0,821.5999999999999,False,True,True,True
gru_negbin,dengue,3,SC,2025-02-09,34,2024-06-16,188.6,276.0,418.8,795.0,1479.4,2514.2,3790.4,4722.6,5638.2,401,461.4511111111112,369.93999999999994,91.51111111111112,0.0,1078.4,False,False,True,True
gru_negbin,dengue,3,SC,2025-02-16,35,2024-06-16,247.0,356.4,534.2,994.8,1823.2,3065.8,4591.6,5703.6,6793.8,504,563.3600000000001,447.5822222222222,115.77777777777777,0.0,1319.2,False,False,True,True
gru_negbin,dengue,3,SC,2025-02-23,36,2024-06-16,321.0,455.4,670.2,1215.6,2178.4,3603.4,5337.8,6597.0,7828.6,515,721.3288888888889,531.151111111111,190.17777777777778,0.0,1663.4,False,False,True,True
gru_negbin,dengue,3,SC,2025-03-02,37,2024-06-16,403.2,562.0,810.4,1428.8,2496.8,4054.4,5933.4,7290.4,8614.0,700,766.22,579.7311111111111,186.48888888888888,0.0,1796.8000000000002,False,False,True,True
gru_negbin,dengue,3,SC,2025-03-09,38,2024-06-16,480.6,658.0,930.8,1597.0,2725.0,4347.6,6286.2,7679.4,9035.0,1012,717.6933333333333,587.6933333333333,130.0,0.0,1713.0,False,True,True,True
gru_negbin,dengue,3,SC,2025-03-16,39,2024-06-16,543.8,732.6,1018.6,1703.0,2838.8,4447.6,6351.4,7712.0,9032.2,1177,697.2244444444444,580.3355555555555,116.88888888888889,0.0,1661.8000000000002,False,True,True,True
gru_negbin,dengue,3,SC,2025-03-23,40,2024-06-16,583.8,774.6,1060.0,1730.6,2823.6,4349.8,6139.4,7411.8,8642.8,1342,627.8833333333334,541.5277777777778,86.35555555555554,0.0,1481.6,False,True,True,True
gru_negbin,dengue,3,SC,2025-03-30,41,2024-06-16,606.8,795.4,1073.4,1716.6,2747.2,4168.6,5821.2,6991.0,8119.6,1889,447.66222222222217,447.66222222222217,0.0,0.0,858.1999999999998,True,True,True,True
gru_negbin,dengue,3,SC,2025-04-06,42,2024-06-16,607.2,788.2,1053.2,1657.0,2611.8,3915.0,5419.6,6480.2,7501.2,2016,390.22,390.22,0.0,0.0,595.8000000000002,True,True,True,True
gru_negbin,dengue,3,SC,2025-04-13,43,2024-06-16,584.6,754.6,1001.2,1557.2,2425.8,3600.0,4947.6,5894.0,6803.4,1850,356.8177777777778,356.8177777777778,0.0,0.0,575.8000000000002,True,True,True,True
gru_negbin,dengue,3,SC,2025-04-20,44,2024-06-16,536.8,691.6,914.4,1413.0,2186.4,3225.6,4413.0,5244.8,6043.0,2222,263.5833333333333,263.5833333333333,0.0,0.0,35.59999999999991,True,True,True,True
gru_negbin,dengue,3,SC,2025-04-27,45,2024-06-16,473.6,610.2,806.6,1244.8,1921.8,2828.8,3863.4,4587.4,5281.8,1925,227.1877777777778,227.1877777777778,0.0,0.0,3.2000000000000455,True,True,True,True
gru_negbin,dengue,3,SC,2025-05-04,46,2024-06-16,398.2,515.4,684.4,1061.8,1645.0,2427.8,3320.6,3945.4,4545.2,1755,207.84333333333336,207.84333333333336,0.0,0.0,110.0,True,True,True,True
gru_negbin,dengue,3,SC,2025-05-11,47,2024-06-16,317.4,413.0,552.4,864.4,1349.4,2002.4,2749.0,3272.4,3774.6,1708,202.85777777777776,202.85777777777776,0.0,0.0,358.5999999999999,True,True,True,True
gru_negbin,dengue,3,SC,2025-05-18,48,2024-06-16,244.2,320.8,431.8,683.0,1075.0,1604.8,2211.8,2637.8,3047.2,1644,204.0166666666667,195.30555555555557,0.0,8.711111111111121,569.0,False,True,True,True
gru_negbin,dengue,3,SC,2025-05-25,49,2024-06-16,184.6,244.8,332.8,532.0,846.0,1272.0,1761.8,2106.4,2437.2,1089,133.06555555555556,133.06555555555556,0.0,0.0,243.0,True,True,True,True
gru_negbin,dengue,3,SC,2025-06-01,50,2024-06-16,139.2,185.4,253.6,409.0,655.6,991.4,1379.0,1652.0,1915.0,823,102.12555555555555,102.12555555555555,0.0,0.0,167.39999999999998,True,True,True,True
gru_negbin,dengue,3,SC,2025-06-08,51,2024-06-16,105.8,141.4,193.4,312.6,500.8,757.4,1053.0,1261.0,1461.2,572,71.69444444444444,71.69444444444444,0.0,0.0,71.19999999999999,True,True,True,True
gru_negbin,dengue,3,SC,2025-06-15,52,2024-06-16,80.8,108.0,147.8,238.2,380.8,574.0,796.6,952.8,1103.2,395,49.717777777777776,49.717777777777776,0.0,0.0,14.199999999999989,True,True,True,True
gru_negbin,dengue,3,SC,2025-06-22,53,2024-06-16,61.6,82.6,113.0,182.6,291.2,438.4,606.8,725.0,838.6,298,37.39444444444444,37.39444444444444,0.0,0.0,6.800000000000011,True,True,True,True
gru_negbin,dengue,3,SC,2025-06-29,54,2024-06-16,47.2,63.4,86.6,139.8,221.6,332.6,459.6,548.6,634.0,217,28.16222222222222,28.16222222222222,0.0,0.0,4.599999999999994,True,True,True,True
gru_negbin,dengue,3,SC,2025-07-06,55,2024-06-16,37.6,50.2,68.4,109.0,171.8,256.4,352.8,419.8,484.0,202,24.451111111111107,24.451111111111107,0.0,0.0,30.19999999999999,True,True,True,True
gru_negbin,dengue,3,SC,2025-07-13,56,2024-06-16,30.8,40.8,55.4,87.2,136.8,202.4,277.2,328.8,379.0,181,21.374444444444443,21.374444444444443,0.0,0.0,44.19999999999999,True,True,True,True
gru_negbin,dengue,3,SC,2025-07-20,57,2024-06-16,26.0,33.8,45.8,71.8,111.6,164.2,223.8,265.4,304.8,159,18.477777777777778,18.477777777777778,0.0,0.0,47.400000000000006,True,True,True,True
gru_negbin,dengue,3,SC,2025-07-27,58,2024-06-16,22.2,29.4,39.2,61.0,94.2,138.0,186.8,220.6,253.0,124,14.275555555555554,14.275555555555554,0.0,0.0,29.799999999999997,True,True,True,True
gru_negbin,dengue,3,SC,2025-08-03,59,2024-06-16,20.0,26.2,34.6,53.6,81.6,118.8,160.2,189.0,216.2,103,11.69,11.69,0.0,0.0,21.400000000000006,True,True,True,True
gru_negbin,dengue,3,SC,2025-08-10,60,2024-06-16,18.4,24.0,31.4,48.0,72.4,103.6,138.8,163.0,186.0,74,8.128888888888888,8.128888888888888,0.0,0.0,1.5999999999999943,True,True,True,True
gru_negbin,dengue,3,SC,2025-08-17,61,2024-06-16,17.6,22.6,29.4,44.0,65.4,93.0,123.6,144.8,164.6,69,7.389999999999999,7.389999999999999,0.0,0.0,3.5999999999999943,True,True,True,True
gru_negbin,dengue,3,SC,2025-08-24,62,2024-06-16,17.0,21.6,28.0,41.2,60.4,85.2,112.6,131.2,148.6,78,8.22888888888889,8.22888888888889,0.0,0.0,17.6,True,True,True,True
gru_negbin,dengue,3,SC,2025-08-31,63,2024-06-16,16.8,21.0,26.8,39.2,57.2,79.8,104.8,121.8,138.0,105,16.737777777777776,11.093333333333332,0.0,5.644444444444446,47.8,False,False,True,True
gru_negbin,dengue,3,SC,2025-09-07,64,2024-06-16,16.2,20.6,26.0,37.8,55.0,76.0,99.8,115.8,131.2,97,14.792222222222222,10.125555555555556,0.0,4.666666666666667,42.0,False,True,True,True
gru_negbin,dengue,3,SC,2025-09-14,65,2024-06-16,16.2,20.4,25.8,37.6,54.0,74.8,97.8,113.0,127.6,159,66.49222222222221,16.981111111111108,0.0,49.51111111111111,105.0,False,False,False,False
gru_negbin,dengue,3,SC,2025-09-21,66,2024-06-16,16.6,20.6,26.2,37.8,54.2,75.0,97.8,113.0,127.8,147,54.3688888888889,15.613333333333335,0.0,38.75555555555555,92.8,False,False,False,False
gru_negbin,dengue,3,SC,2025-09-28,67,2024-06-16,16.8,21.2,26.8,38.4,55.4,76.4,99.0,115.0,129.8,132,37.85222222222222,13.896666666666667,0.0,23.955555555555552,76.6,False,False,False,False
gru_negbin,dengue,3,SE,2024-10-06,16,2024-06-16,8.2,11.6,16.4,27.6,44.6,67.6,94.0,112.2,129.8,13,13.251111111111113,9.25111111111111,4.0,0.0,31.6,False,False,True,True
gru_negbin,dengue,3,SE,2024-10-13,17,2024-06-16,7.2,10.2,14.8,25.2,41.2,63.0,87.8,105.4,122.4,18,9.597777777777777,7.997777777777778,1.5999999999999999,0.0,23.200000000000003,False,True,True,True
gru_negbin,dengue,3,SE,2024-10-20,18,2024-06-16,6.2,8.8,13.2,22.6,37.8,58.8,83.2,100.0,116.8,10,11.794444444444443,8.283333333333331,3.511111111111111,0.0,27.799999999999997,False,False,True,True
gru_negbin,dengue,3,SE,2024-10-27,19,2024-06-16,5.2,7.8,11.4,20.6,35.4,55.8,80.0,97.0,113.6,11,10.006666666666668,7.7844444444444445,2.2222222222222228,0.0,24.4,False,False,True,True
gru_negbin,dengue,3,SE,2024-11-03,20,2024-06-16,4.2,6.2,9.8,18.2,32.2,52.0,75.8,92.4,108.6,17,6.837777777777777,6.571111111111112,0.2666666666666665,0.0,15.200000000000003,False,True,True,True
gru_negbin,dengue,3,SE,2024-11-10,21,2024-06-16,3.4,5.0,8.0,15.6,28.8,48.0,70.6,87.4,103.4,7,9.217777777777776,7.084444444444444,2.1333333333333333,0.0,21.8,False,False,True,True
gru_negbin,dengue,3,SE,2024-11-17,22,2024-06-16,2.4,4.2,6.6,13.6,25.6,43.8,65.8,81.6,97.2,9,7.246666666666666,6.224444444444443,1.0222222222222221,0.0,16.6,False,True,True,True
gru_negbin,dengue,3,SE,2024-11-24,23,2024-06-16,2.0,3.4,5.8,11.8,23.2,40.0,61.0,76.4,91.6,11,5.635555555555555,5.457777777777777,0.17777777777777792,0.0,12.2,False,True,True,True
gru_negbin,dengue,3,SE,2024-12-01,24,2024-06-16,1.4,2.8,4.8,10.6,20.6,36.6,56.2,70.6,85.0,10,5.115555555555556,4.982222222222223,0.13333333333333325,0.0,10.600000000000001,False,True,True,True
gru_negbin,dengue,3,SE,2024-12-08,25,2024-06-16,1.4,2.4,4.2,9.2,18.8,33.6,52.2,65.6,79.2,7,5.3566666666666665,4.8677777777777775,0.4888888888888887,0.0,11.8,False,True,True,True
gru_negbin,dengue,3,SE,2024-12-15,26,2024-06-16,1.0,2.2,3.8,8.6,17.6,31.2,48.8,61.6,74.4,4,5.8566666666666665,4.834444444444444,1.0222222222222221,0.0,13.600000000000001,False,True,True,True
gru_negbin,dengue,3,SE,2024-12-22,27,2024-06-16,1.0,1.8,3.6,7.8,16.6,29.6,46.2,58.4,70.2,7,4.415555555555555,4.237777777777777,0.17777777777777773,0.0,9.600000000000001,False,True,True,True
gru_negbin,dengue,3,SE,2024-12-29,28,2024-06-16,1.0,1.8,3.2,7.6,16.0,28.8,44.8,56.6,68.6,12,3.531111111111111,3.531111111111111,0.0,0.0,4.0,True,True,True,True
gru_negbin,dengue,3,SE,2025-01-05,29,2024-06-16,0.6,2.0,3.4,8.0,16.0,28.8,44.2,55.6,67.0,9,3.804444444444444,3.804444444444444,0.0,0.0,7.0,True,True,True,True
gru_negbin,dengue,3,SE,2025-01-12,30,2024-06-16,0.8,1.8,3.6,8.0,16.2,29.0,44.4,55.6,67.0,6,4.616666666666666,4.172222222222222,0.4444444444444444,0.0,10.2,False,True,True,True
gru_negbin,dengue,3,SE,2025-01-19,31,2024-06-16,1.2,2.2,4.0,8.6,17.6,30.6,46.2,57.8,69.0,8,4.354444444444444,4.22111111111111,0.13333333333333325,0.0,9.600000000000001,False,True,True,True
gru_negbin,dengue,3,SE,2025-01-26,32,2024-06-16,1.6,2.6,5.0,10.0,19.2,32.8,48.8,60.6,72.2,13,3.9655555555555555,3.9655555555555555,0.0,0.0,6.199999999999999,True,True,True,True
gru_negbin,dengue,3,SE,2025-02-02,33,2024-06-16,2.0,3.4,5.4,11.4,21.0,34.8,51.8,64.0,75.6,11,4.613333333333333,4.524444444444444,0.08888888888888896,0.0,10.0,False,True,True,True
gru_negbin,dengue,3,SE,2025-02-09,34,2024-06-16,2.0,3.6,6.2,12.2,22.6,37.2,54.6,67.2,79.6,17,4.224444444444445,4.224444444444445,0.0,0.0,5.600000000000001,True,True,True,True
gru_negbin,dengue,3,SE,2025-02-16,35,2024-06-16,2.6,3.8,6.6,12.8,23.6,39.0,57.2,70.6,83.2,10,5.903333333333333,5.2811111111111115,0.6222222222222223,0.0,13.600000000000001,False,True,True,True
gru_negbin,dengue,3,SE,2025-02-23,36,2024-06-16,2.6,4.0,6.8,13.2,24.4,40.2,59.0,72.6,85.4,14,5.037777777777778,5.037777777777778,0.0,0.0,10.399999999999999,True,True,True,True
gru_negbin,dengue,3,SE,2025-03-02,37,2024-06-16,2.6,4.2,7.0,14.0,25.4,41.2,61.0,74.4,88.0,11,6.232222222222222,5.565555555555555,0.6666666666666666,0.0,14.399999999999999,False,True,True,True
gru_negbin,dengue,3,SE,2025-03-09,38,2024-06-16,2.8,4.2,7.4,14.0,26.2,43.0,63.4,77.8,92.0,13,5.857777777777778,5.635555555555555,0.2222222222222222,0.0,13.2,False,True,True,True
gru_negbin,dengue,3,SE,2025-03-16,39,2024-06-16,2.6,4.6,7.4,14.6,27.2,44.8,65.6,80.8,95.6,17,5.467777777777778,5.467777777777778,0.0,0.0,10.2,True,True,True,True
gru_negbin,dengue,3,SE,2025-03-23,40,2024-06-16,2.8,4.8,7.8,15.4,28.0,46.4,68.4,84.2,99.6,7,8.866666666666667,6.822222222222222,2.0444444444444443,0.0,21.0,False,False,True,True
gru_negbin,dengue,3,SE,2025-03-30,41,2024-06-16,2.8,4.8,8.4,16.0,29.4,48.6,71.4,88.0,103.8,13,7.185555555555556,6.518888888888889,0.6666666666666666,0.0,16.4,False,True,True,True
gru_negbin,dengue,3,SE,2025-04-06,42,2024-06-16,3.2,5.4,8.6,16.6,30.6,50.4,74.2,91.6,108.2,19,6.165555555555556,6.165555555555556,0.0,0.0,11.600000000000001,True,True,True,True
gru_negbin,dengue,3,SE,2025-04-13,43,2024-06-16,3.6,5.6,9.0,17.6,32.2,53.0,78.0,96.2,113.4,13,8.272222222222224,7.250000000000002,1.0222222222222226,0.0,19.200000000000003,False,True,True,True
gru_negbin,dengue,3,SE,2025-04-20,44,2024-06-16,3.6,6.0,9.6,19.0,34.2,56.4,83.2,102.2,120.6,29,6.010000000000001,6.010000000000001,0.0,0.0,5.200000000000003,True,True,True,True
gru_negbin,dengue,3,SE,2025-04-27,45,2024-06-16,4.0,6.8,10.6,20.4,37.0,60.8,89.2,110.0,129.8,23,7.392222222222222,7.392222222222222,0.0,0.0,14.0,True,True,True,True
gru_negbin,dengue,3,SE,2025-05-04,46,2024-06-16,4.4,7.2,11.2,21.8,39.8,65.6,96.2,118.2,139.6,24,8.062222222222221,8.062222222222221,0.0,0.0,15.799999999999997,True,True,True,True
gru_negbin,dengue,3,SE,2025-05-11,47,2024-06-16,5.0,7.6,12.4,23.4,42.8,70.4,103.4,127.2,150.4,20,10.058888888888887,9.303333333333335,0.7555555555555552,0.0,22.799999999999997,False,True,True,True
gru_negbin,dengue,3,SE,2025-05-18,48,2024-06-16,5.0,8.0,12.8,24.8,45.6,75.4,111.0,136.8,161.6,27,9.361111111111112,9.361111111111112,0.0,0.0,18.6,True,True,True,True
gru_negbin,dengue,3,SE,2025-05-25,49,2024-06-16,5.2,8.4,13.4,26.2,48.2,80.4,118.6,146.0,173.0,24,10.987777777777776,10.49888888888889,0.4888888888888887,0.0,24.200000000000003,False,True,True,True
gru_negbin,dengue,3,SE,2025-06-01,50,2024-06-16,5.4,8.4,13.6,27.2,50.4,83.6,123.8,152.4,180.8,34,9.978888888888887,9.978888888888887,0.0,0.0,16.4,True,True,True,True
gru_negbin,dengue,3,SE,2025-06-08,51,2024-06-16,5.4,8.6,14.0,28.0,52.0,87.2,129.4,160.0,189.6,23,12.892222222222223,11.78111111111111,1.1111111111111112,0.0,29.0,False,True,True,True
gru_negbin,dengue,3,SE,2025-06-15,52,2024-06-16,5.2,8.6,14.2,28.6,53.4,90.4,135.0,167.0,198.2,30,11.549999999999999,11.549999999999999,0.0,0.0,23.4,True,True,True,True
gru_negbin,dengue,3,SE,2025-06-22,53,2024-06-16,5.6,9.2,14.8,29.6,55.2,93.2,139.2,172.4,204.8,31,11.906666666666666,11.906666666666666,0.0,0.0,24.200000000000003,True,True,True,True
gru_negbin,dengue,3,SE,2025-06-29,54,2024-06-16,6.0,9.6,15.4,30.4,56.6,95.4,141.8,175.4,208.2,28,13.09666666666667,12.563333333333334,0.533333333333333,0.0,28.6,False,True,True,True
gru_negbin,dengue,3,SE,2025-07-06,55,2024-06-16,6.2,9.8,15.8,30.6,56.6,93.8,139.2,171.8,203.4,29,12.57111111111111,12.215555555555556,0.35555555555555585,0.0,27.6,False,True,True,True
gru_negbin,dengue,3,SE,2025-07-13,56,2024-06-16,6.4,10.0,15.8,30.4,55.4,91.6,135.0,166.4,196.6,15,16.932222222222222,13.332222222222223,3.5999999999999996,0.0,40.4,False,False,True,True
gru_negbin,dengue,3,SE,2025-07-20,57,2024-06-16,6.2,9.6,15.6,29.2,53.4,88.2,129.8,160.0,189.0,27,11.924444444444445,11.435555555555556,0.4888888888888887,0.0,26.4,False,True,True,True
gru_negbin,dengue,3,SE,2025-07-27,58,2024-06-16,5.8,9.4,14.4,28.0,51.0,84.6,124.0,152.8,180.4,23,12.365555555555556,11.254444444444445,1.1111111111111112,0.0,28.0,False,True,True,True
gru_negbin,dengue,3,SE,2025-08-03,59,2024-06-16,6.0,9.0,14.4,27.2,48.8,80.0,116.8,143.2,169.0,27,10.072222222222221,10.027777777777779,0.04444444444444429,0.0,21.799999999999997,False,True,True,True
gru_negbin,dengue,3,SE,2025-08-10,60,2024-06-16,6.0,9.0,13.8,26.2,46.6,75.2,109.8,133.8,157.2,29,9.037777777777778,9.037777777777778,0.0,0.0,17.6,True,True,True,True
gru_negbin,dengue,3,SE,2025-08-17,61,2024-06-16,6.0,8.6,13.6,25.2,44.2,71.4,103.2,125.4,147.6,39,7.220000000000001,7.220000000000001,0.0,0.0,5.200000000000003,True,True,True,True
gru_negbin,dengue,3,SE,2025-08-24,62,2024-06-16,5.8,8.4,13.2,24.2,42.2,67.6,97.4,118.4,139.2,22,8.978888888888887,8.49,0.4888888888888887,0.0,20.200000000000003,False,True,True,True
gru_negbin,dengue,3,SE,2025-08-31,63,2024-06-16,5.6,8.2,12.8,23.2,40.2,64.4,92.2,112.8,131.8,15,10.538888888888888,8.716666666666667,1.822222222222222,0.0,25.200000000000003,False,True,True,True
gru_negbin,dengue,3,SE,2025-09-07,64,2024-06-16,5.0,7.8,12.2,22.0,38.6,61.6,88.8,108.0,126.8,20,8.203333333333333,7.7588888888888885,0.4444444444444444,0.0,18.6,False,True,True,True
gru_negbin,dengue,3,SE,2025-09-14,65,2024-06-16,5.0,7.6,12.0,21.4,37.4,59.6,85.8,104.2,122.2,16,9.064444444444442,7.864444444444445,1.1999999999999997,0.0,21.4,False,True,True,True
gru_negbin,dengue,3,SE,2025-09-21,66,2024-06-16,4.8,7.2,11.2,20.6,35.8,57.0,82.2,100.0,117.2,18,7.811111111111111,7.2333333333333325,0.5777777777777781,0.0,17.799999999999997,False,True,True,True
gru_negbin,dengue,3,SE,2025-09-28,67,2024-06-16,4.6,6.8,10.6,19.8,34.6,55.6,80.2,97.6,114.6,30,5.666666666666668,5.666666666666668,0.0,0.0,4.600000000000001,True,True,True,True
gru_negbin,dengue,3,SP,2024-10-06,16,2024-06-16,688.0,780.2,897.0,1118.4,1405.4,1738.2,2078.6,2301.8,2507.2,2801,815.7044444444444,242.7711111111111,0.0,572.9333333333333,1395.6,False,False,False,False
gru_negbin,dengue,3,SP,2024-10-13,17,2024-06-16,687.2,782.8,904.0,1135.6,1436.6,1787.2,2147.4,2384.2,2602.2,3149,1099.1966666666667,282.53,0.0,816.6666666666666,1712.4,False,False,False,False
gru_negbin,dengue,3,SP,2024-10-20,18,2024-06-16,688.0,789.0,918.0,1165.6,1490.8,1871.8,2265.6,2525.0,2764.6,3067,906.4722222222222,275.1388888888889,0.0,631.3333333333335,1576.2,False,False,False,False
gru_negbin,dengue,3,SP,2024-10-27,19,2024-06-16,689.4,798.2,938.0,1208.6,1567.6,1992.4,2434.2,2726.8,2998.0,3388,1069.0033333333333,313.31444444444446,0.0,755.6888888888889,1820.4,False,False,False,False
gru_negbin,dengue,3,SP,2024-11-03,20,2024-06-16,693.6,812.4,967.4,1269.8,1677.0,2164.0,2674.8,3015.2,3331.4,3411,865.7722222222222,319.4166666666667,0.0,546.3555555555555,1734.0,False,False,False,False
gru_negbin,dengue,3,SP,2024-11-10,21,2024-06-16,700.2,832.4,1006.6,1353.2,1826.4,2400.2,3008.2,3416.0,3796.8,3854,994.9122222222223,373.8455555555555,0.0,621.0666666666667,2027.6,False,False,False,False
gru_negbin,dengue,3,SP,2024-11-17,22,2024-06-16,708.4,857.2,1055.6,1457.2,2016.4,2705.0,3443.2,3941.8,4409.4,4798,1529.081111111111,486.2811111111111,0.0,1042.8000000000002,2781.6,False,False,False,False
gru_negbin,dengue,3,SP,2024-11-24,23,2024-06-16,715.2,884.4,1114.0,1589.2,2265.2,3112.8,4034.0,4660.8,5251.8,5497,1671.0299999999997,575.7855555555557,0.0,1095.2444444444443,3231.8,False,False,False,False
gru_negbin,dengue,3,SP,2024-12-01,24,2024-06-16,719.4,913.2,1182.6,1753.6,2587.4,3656.0,4835.6,5645.6,6413.2,7018,2434.8366666666666,763.37,0.0,1671.4666666666665,4430.6,False,False,False,False
gru_negbin,dengue,3,SP,2024-12-08,25,2024-06-16,735.6,960.4,1278.4,1972.8,3015.8,4381.4,5911.6,6971.8,7982.4,8911,3309.246666666667,998.8466666666668,0.0,2310.4,5895.2,False,False,False,False
gru_negbin,dengue,3,SP,2024-12-15,26,2024-06-16,780.6,1043.2,1423.4,2272.6,3580.2,5324.4,7304.2,8686.2,10009.2,9129,2402.332222222222,1052.9544444444443,0.0,1349.3777777777777,5548.8,False,False,False,True
gru_negbin,dengue,3,SP,2024-12-22,27,2024-06-16,851.4,1162.6,1621.8,2671.0,4322.0,6560.0,9128.8,10933.4,12667.2,10918,2656.0188888888893,1289.9744444444445,0.0,1366.0444444444447,6596.0,False,False,True,True
gru_negbin,dengue,3,SP,2024-12-29,28,2024-06-16,949.4,1320.4,1875.8,3167.8,5235.4,8075.0,11361.6,13682.0,15917.0,19523,8748.41111111111,2291.4333333333334,0.0,6456.977777777778,14287.6,False,False,False,False
gru_negbin,dengue,3,SP,2025-01-05,29,2024-06-16,1134.0,1582.2,2254.4,3821.2,6333.4,9787.6,13788.2,16613.0,19335.4,24652,11576.59,2891.3011111111105,0.0,8685.288888888888,18318.6,False,False,False,False
gru_negbin,dengue,3,SP,2025-01-12,30,2024-06-16,1436.6,1993.2,2823.6,4747.6,7815.4,12014.4,16864.4,20284.2,23575.8,28627,12636.402222222221,3354.3577777777778,0.0,9282.044444444444,20811.6,False,False,False,False
gru_negbin,dengue,3,SP,2025-01-19,31,2024-06-16,1845.0,2538.6,3567.6,5931.8,9673.8,14767.8,20630.6,24756.0,28722.2,34180,14621.02222222222,3989.1555555555556,0.0,10631.866666666669,24506.2,False,False,False,False
gru_negbin,dengue,3,SP,2025-01-26,32,2024-06-16,2382.6,3245.6,4515.8,7407.8,11945.0,18081.4,25113.4,30049.2,34788.4,38272,14466.129999999997,4453.774444444444,0.0,10012.355555555556,26327.0,False,False,False,False
gru_negbin,dengue,3,SP,2025-02-02,33,2024-06-16,3047.6,4109.2,5658.0,9150.0,14573.8,21856.6,30161.0,35973.0,41545.0,37042,9456.016666666666,4314.816666666667,0.0,5141.200000000001,22468.2,False,False,False,True
gru_negbin,dengue,3,SP,2025-02-09,34,2024-06-16,3873.2,5170.6,7046.2,11230.4,17660.8,26224.6,35936.0,42711.4,49194.0,42617,10044.242222222223,4916.82,0.0,5127.422222222222,24956.2,False,False,True,True
gru_negbin,dengue,3,SP,2025-02-16,35,2024-06-16,4804.8,6353.6,8572.8,13471.8,20922.4,30765.8,41865.4,49584.6,56956.4,48231,10800.711111111112,5504.977777777777,0.0,5295.733333333334,27308.6,False,False,True,True
gru_negbin,dengue,3,SP,2025-02-23,36,2024-06-16,5830.4,7629.6,10184.4,15760.2,24145.4,35126.6,47435.6,55965.6,64095.0,50780,9945.607777777775,5723.874444444444,0.0,4221.733333333334,26634.6,False,False,True,True
gru_negbin,dengue,3,SP,2025-03-02,37,2024-06-16,6814.8,8820.6,11644.4,17744.4,26825.2,38625.6,51780.6,60867.8,69512.2,57105,11632.758888888888,6343.025555555555,0.0,5289.733333333334,30279.8,False,False,True,True
gru_negbin,dengue,3,SP,2025-03-09,38,2024-06-16,7735.8,9900.4,12921.6,19383.0,28905.2,41183.2,54796.2,64169.4,73069.6,61184,12558.29,6694.156666666666,0.0,5864.133333333335,32278.8,False,False,True,True
gru_negbin,dengue,3,SP,2025-03-16,39,2024-06-16,8527.0,10773.2,13874.4,20419.4,29934.6,42073.6,55429.8,64585.0,73254.4,62483,12803.258888888888,6700.458888888889,0.0,6102.799999999999,32548.4,False,False,True,True
gru_negbin,dengue,3,SP,2025-03-23,40,2024-06-16,9076.2,11348.6,14458.6,20954.4,30296.4,42113.2,55035.8,63860.4,72198.8,56692,9551.972222222223,5944.194444444445,0.0,3607.777777777778,26395.6,False,False,True,True
gru_negbin,dengue,3,SP,2025-03-30,41,2024-06-16,9237.0,11458.4,14479.4,20740.0,29671.2,40894.8,53111.2,61429.8,69277.0,53714,8521.077777777777,5538.411111111111,0.0,2982.6666666666665,24042.8,False,False,True,True
gru_negbin,dengue,3,SP,2025-04-06,42,2024-06-16,9066.4,11190.4,14066.8,19998.6,28417.2,38952.6,50385.4,58156.0,65478.2,47788,6811.0522222222235,4847.63,0.0,1963.4222222222224,19370.8,False,True,True,True
gru_negbin,dengue,3,SP,2025-04-13,43,2024-06-16,8643.8,10644.2,13347.8,18910.8,26786.8,36623.6,47282.4,54521.0,61338.0,39096,4435.5233333333335,3886.1011111111106,0.0,549.4222222222226,12309.2,False,True,True,True
gru_negbin,dengue,3,SP,2025-04-20,44,2024-06-16,7901.2,9717.8,12170.0,17207.8,24329.2,33212.4,42828.2,49354.6,55498.6,40251,5608.498888888889,4044.3655555555556,0.0,1564.133333333333,15921.8,False,True,True,True
gru_negbin,dengue,3,SP,2025-04-27,45,2024-06-16,6960.0,8559.8,10719.8,15156.2,21426.4,29247.2,37711.6,43456.4,48864.2,33473,4280.77,3341.7033333333334,0.0,939.0666666666665,12046.599999999999,False,True,True,True
gru_negbin,dengue,3,SP,2025-05-04,46,2024-06-16,5906.4,7278.6,9133.4,12950.6,18357.2,25111.6,32431.0,37402.4,42084.2,30590,4305.654444444444,3088.232222222223,0.0,1217.4222222222224,12232.8,False,True,True,True
gru_negbin,dengue,3,SP,2025-05-11,47,2024-06-16,4958.2,6097.4,7635.8,10795.2,15259.6,20827.2,26853.0,30942.4,34792.0,25050,3452.4033333333336,2514.0033333333336,0.0,938.3999999999999,9790.4,False,True,True,True
gru_negbin,dengue,3,SP,2025-05-18,48,2024-06-16,4029.2,4950.0,6192.0,8740.8,12339.2,16823.4,21674.2,24965.2,28062.4,20695,2937.7688888888883,2077.4133333333334,0.0,860.3555555555553,8355.8,False,True,True,True
gru_negbin,dengue,3,SP,2025-05-25,49,2024-06-16,3169.8,3881.8,4840.4,6803.6,9568.8,13009.4,16726.8,19247.0,21617.8,15224,2002.611111111111,1510.4777777777779,0.0,492.13333333333344,5655.200000000001,False,True,True,True
gru_negbin,dengue,3,SP,2025-06-01,50,2024-06-16,2466.6,3016.2,3756.4,5271.6,7407.8,10066.8,12941.2,14890.4,16724.4,10455,1106.496666666667,1020.23,0.0,86.26666666666682,3047.2,False,True,True,True
gru_negbin,dengue,3,SP,2025-06-08,51,2024-06-16,1892.6,2309.8,2871.4,4021.2,5641.8,7659.6,9841.8,11321.2,12713.6,7114,680.8522222222223,680.8522222222223,0.0,0.0,1472.1999999999998,True,True,True,True
gru_negbin,dengue,3,SP,2025-06-15,52,2024-06-16,1467.8,1783.6,2208.8,3075.6,4293.8,5807.2,7440.2,8546.8,9587.2,4857,450.8411111111111,450.8411111111111,0.0,0.0,563.1999999999998,True,True,True,True
gru_negbin,dengue,3,SP,2025-06-22,53,2024-06-16,1164.4,1407.2,1732.4,2391.6,3313.0,4452.2,5677.0,6505.4,7283.0,4138,384.44111111111107,384.44111111111107,0.0,0.0,825.0,True,True,True,True
gru_negbin,dengue,3,SP,2025-06-29,54,2024-06-16,947.4,1137.8,1390.8,1901.0,2608.4,3478.0,4408.2,5035.8,5624.2,3141,283.1355555555555,283.1355555555555,0.0,0.0,532.5999999999999,True,True,True,True
gru_negbin,dengue,3,SP,2025-07-06,55,2024-06-16,789.4,941.4,1142.2,1544.4,2097.6,2773.2,3493.4,3977.2,4430.2,2433,211.73999999999998,211.73999999999998,0.0,0.0,335.4000000000001,True,True,True,True
gru_negbin,dengue,3,SP,2025-07-13,56,2024-06-16,683.0,808.0,972.2,1297.8,1742.2,2280.4,2850.6,3232.4,3589.0,2209,191.28000000000003,191.28000000000003,0.0,0.0,466.79999999999995,True,True,True,True
gru_negbin,dengue,3,SP,2025-07-20,57,2024-06-16,613.4,720.4,859.8,1134.4,1505.8,1952.2,2421.8,2735.6,3027.8,1831,152.0822222222222,152.0822222222222,0.0,0.0,325.20000000000005,True,True,True,True
gru_negbin,dengue,3,SP,2025-07-27,58,2024-06-16,565.2,659.4,781.4,1019.8,1339.0,1720.4,2119.4,2385.0,2632.0,1553,123.0888888888889,123.0888888888889,0.0,0.0,214.0,True,True,True,True
gru_negbin,dengue,3,SP,2025-08-03,59,2024-06-16,528.4,613.2,722.2,934.6,1217.2,1552.6,1902.2,2134.4,2349.8,1520,121.22111111111111,121.22111111111111,0.0,0.0,302.79999999999995,True,True,True,True
gru_negbin,dengue,3,SP,2025-08-10,60,2024-06-16,502.2,580.4,680.4,874.2,1131.0,1434.2,1749.4,1958.2,2151.2,1402,109.44777777777777,109.44777777777777,0.0,0.0,271.0,True,True,True,True
gru_negbin,dengue,3,SP,2025-08-17,61,2024-06-16,474.8,544.8,634.6,807.4,1034.6,1301.4,1577.4,1759.6,1928.0,1655,234.72222222222217,138.9,0.0,95.82222222222218,620.4000000000001,False,False,True,True
gru_negbin,dengue,3,SP,2025-08-24,62,2024-06-16,452.6,516.8,599.2,756.6,962.4,1202.6,1450.6,1613.6,1764.6,1615,264.17333333333335,135.68444444444447,0.0,128.48888888888894,652.6,False,False,False,True
gru_negbin,dengue,3,SP,2025-08-31,63,2024-06-16,433.4,493.6,570.2,716.4,907.0,1129.0,1357.6,1507.8,1646.2,1771,475.18222222222226,154.42666666666668,0.0,320.7555555555556,864.0,False,False,False,False
gru_negbin,dengue,3,SP,2025-09-07,64,2024-06-16,420.6,478.4,551.8,691.6,873.6,1085.4,1303.2,1446.2,1578.0,2007,762.8477777777778,181.69222222222226,0.0,581.1555555555556,1133.4,False,False,False,False
gru_negbin,dengue,3,SP,2025-09-14,65,2024-06-16,417.8,475.6,548.4,687.4,867.8,1078.4,1294.2,1435.8,1566.0,2032,796.61,184.69888888888892,0.0,611.911111111111,1164.2,False,False,False,False
gru_negbin,dengue,3,SP,2025-09-21,66,2024-06-16,417.4,475.6,549.4,690.4,874.0,1087.6,1307.2,1451.8,1584.6,1976,728.1933333333333,178.6822222222222,0.0,549.5111111111112,1102.0,False,False,False,False
gru_negbin,dengue,3,SP,2025-09-28,67,2024-06-16,417.6,477.4,553.8,700.0,891.4,1114.6,1344.6,1496.4,1636.2,2321,1038.0322222222221,217.54333333333335,0.0,820.4888888888888,1429.6,False,False,False,False
gru_negbin,dengue,3,TO,2024-10-06,16,2024-06-16,7.2,8.6,10.2,14.2,18.4,23.8,29.6,33.0,36.6,5,7.376666666666667,2.8877777777777776,4.488888888888889,0.0,13.399999999999999,False,False,False,False
gru_negbin,dengue,3,TO,2024-10-13,17,2024-06-16,7.6,9.0,11.2,15.2,20.4,26.4,32.6,36.6,40.4,7,6.408888888888889,3.0755555555555554,3.333333333333333,0.0,13.399999999999999,False,False,False,False
gru_negbin,dengue,3,TO,2024-10-20,18,2024-06-16,8.2,9.8,12.2,16.6,22.6,29.6,36.8,41.6,46.2,14,3.366666666666667,2.788888888888889,0.5777777777777781,0.0,8.600000000000001,False,True,True,True
gru_negbin,dengue,3,TO,2024-10-27,19,2024-06-16,8.6,10.4,13.2,18.4,25.2,33.8,42.6,48.4,53.8,10,6.5377777777777775,3.8711111111111114,2.666666666666666,0.0,15.2,False,False,False,True
gru_negbin,dengue,3,TO,2024-11-03,20,2024-06-16,9.0,11.2,14.2,20.2,28.6,38.8,49.8,57.0,63.6,14,5.681111111111111,4.2588888888888885,1.4222222222222218,0.0,14.600000000000001,False,False,True,True
gru_negbin,dengue,3,TO,2024-11-10,21,2024-06-16,9.0,11.4,14.8,22.0,32.2,44.8,58.6,67.4,76.4,13,7.7700000000000005,5.370000000000001,2.4000000000000004,0.0,19.200000000000003,False,False,True,True
gru_negbin,dengue,3,TO,2024-11-17,22,2024-06-16,8.6,11.4,15.2,23.4,35.6,51.4,68.6,80.2,91.4,29,4.699999999999999,4.699999999999999,0.0,0.0,6.600000000000001,True,True,True,True
gru_negbin,dengue,3,TO,2024-11-24,23,2024-06-16,8.4,11.6,15.8,25.4,39.8,59.0,80.4,95.4,109.4,18,8.86111111111111,7.216666666666665,1.6444444444444442,0.0,21.799999999999997,False,True,True,True
gru_negbin,dengue,3,TO,2024-12-01,24,2024-06-16,8.8,12.0,17.0,28.0,45.2,68.2,94.6,112.4,130.0,21,9.99111111111111,8.435555555555556,1.5555555555555556,0.0,24.200000000000003,False,True,True,True
gru_negbin,dengue,3,TO,2024-12-08,25,2024-06-16,9.0,13.0,18.4,31.0,50.6,77.4,107.8,129.4,150.0,30,9.152222222222223,8.93,0.2222222222222222,0.0,20.6,False,True,True,True
gru_negbin,dengue,3,TO,2024-12-15,26,2024-06-16,10.2,14.0,20.4,34.6,56.6,86.8,121.2,145.8,169.0,16,17.10888888888889,11.997777777777777,5.111111111111111,0.0,40.6,False,False,True,True
gru_negbin,dengue,3,TO,2024-12-22,27,2024-06-16,12.0,16.4,23.6,39.2,64.0,97.4,135.8,162.6,188.4,18,19.397777777777776,13.44222222222222,5.955555555555557,0.0,46.0,False,False,True,True
gru_negbin,dengue,3,TO,2024-12-29,28,2024-06-16,14.4,19.8,27.6,45.4,73.0,109.8,151.8,181.2,209.2,29,17.746666666666666,14.10222222222222,3.644444444444444,0.0,44.0,False,True,True,True
gru_negbin,dengue,3,TO,2025-01-05,29,2024-06-16,17.6,24.2,33.2,53.2,83.8,124.0,169.6,201.4,231.8,48,15.256666666666668,14.10111111111111,1.1555555555555561,0.0,35.8,False,True,True,True
gru_negbin,dengue,3,TO,2025-01-12,30,2024-06-16,22.6,30.0,40.8,63.4,97.0,141.6,191.0,225.4,257.8,50,19.36,16.38222222222222,2.9777777777777774,0.0,47.0,False,True,True,True
gru_negbin,dengue,3,TO,2025-01-19,31,2024-06-16,29.0,37.6,49.4,75.0,112.4,160.8,214.0,250.6,285.6,89,14.81666666666667,14.81666666666667,0.0,0.0,23.400000000000006,True,True,True,True
gru_negbin,dengue,3,TO,2025-01-26,32,2024-06-16,36.0,45.6,59.2,87.2,127.6,179.0,235.4,274.2,310.8,73,22.304444444444442,19.148888888888887,3.1555555555555563,0.0,54.599999999999994,False,True,True,True
gru_negbin,dengue,3,TO,2025-02-02,33,2024-06-16,42.0,52.6,67.2,97.2,140.2,194.6,253.4,293.4,331.2,81,24.008888888888883,20.40888888888888,3.6000000000000005,0.0,59.19999999999999,False,True,True,True
gru_negbin,dengue,3,TO,2025-02-09,34,2024-06-16,46.8,58.2,73.6,105.2,149.6,205.2,265.6,306.2,344.8,113,18.299999999999997,18.299999999999997,0.0,0.0,36.599999999999994,True,True,True,True
gru_negbin,dengue,3,TO,2025-02-16,35,2024-06-16,51.2,63.0,79.2,111.6,157.2,213.6,274.8,315.8,354.6,85,28.441111111111113,22.53,5.91111111111111,0.0,72.19999999999999,False,True,True,True
gru_negbin,dengue,3,TO,2025-02-23,36,2024-06-16,54.2,66.6,82.6,115.4,161.4,218.0,278.8,320.2,358.6,74,35.391111111111115,24.28,11.11111111111111,0.0,87.4,False,False,True,True
gru_negbin,dengue,3,TO,2025-03-02,37,2024-06-16,58.4,71.0,87.6,121.0,167.6,224.4,286.0,326.8,365.8,81,34.68111111111111,24.325555555555557,10.355555555555554,0.0,86.6,False,False,True,True
gru_negbin,dengue,3,TO,2025-03-09,38,2024-06-16,62.8,75.8,92.8,126.4,173.0,229.4,290.4,330.8,368.6,81,37.57888888888888,24.86777777777778,12.711111111111112,0.0,92.0,False,False,True,True
gru_negbin,dengue,3,TO,2025-03-16,39,2024-06-16,66.8,79.8,97.0,131.2,177.8,234.6,294.6,334.8,372.6,98,30.91222222222222,23.534444444444446,7.3777777777777755,0.0,79.80000000000001,False,True,True,True
gru_negbin,dengue,3,TO,2025-03-23,40,2024-06-16,70.2,83.6,100.8,135.4,182.4,238.8,298.4,338.6,376.0,64,57.60111111111111,27.823333333333338,29.77777777777778,0.0,118.4,False,False,False,False
gru_negbin,dengue,3,TO,2025-03-30,41,2024-06-16,71.8,85.4,102.8,137.4,184.0,240.6,300.2,340.2,377.4,92,37.36000000000001,24.87111111111111,12.488888888888889,0.0,92.0,False,False,True,True
gru_negbin,dengue,3,TO,2025-04-06,42,2024-06-16,70.8,84.0,101.2,135.2,181.2,237.0,295.6,334.8,371.6,78,45.099999999999994,25.9,19.2,0.0,103.19999999999999,False,False,False,True
gru_negbin,dengue,3,TO,2025-04-13,43,2024-06-16,67.6,79.8,96.4,129.0,173.4,227.2,283.4,321.4,356.8,101,28.168888888888887,21.946666666666665,6.222222222222222,0.0,72.4,False,True,True,True
gru_negbin,dengue,3,TO,2025-04-20,44,2024-06-16,63.2,75.2,91.0,122.4,165.0,216.6,271.4,307.8,342.0,111,21.90888888888889,19.375555555555554,2.5333333333333345,0.0,54.0,False,True,True,True
gru_negbin,dengue,3,TO,2025-04-27,45,2024-06-16,59.6,71.0,86.2,115.8,156.6,205.8,258.2,293.2,326.0,111,18.904444444444444,17.837777777777777,1.066666666666666,0.0,45.599999999999994,False,True,True,True
gru_negbin,dengue,3,TO,2025-05-04,46,2024-06-16,55.2,65.6,79.4,107.2,145.4,191.2,239.8,272.6,303.0,103,17.552222222222223,16.61888888888889,0.933333333333334,0.0,42.400000000000006,False,True,True,True
gru_negbin,dengue,3,TO,2025-05-11,47,2024-06-16,49.2,58.8,71.6,96.8,131.6,173.4,218.2,247.8,275.8,132,10.916666666666668,10.916666666666668,0.0,0.0,0.4000000000000057,True,True,True,True
gru_negbin,dengue,3,TO,2025-05-18,48,2024-06-16,43.2,52.0,63.2,85.8,116.8,154.6,194.6,221.4,246.8,83,14.133333333333331,13.51111111111111,0.6222222222222216,0.0,33.8,False,True,True,True
gru_negbin,dengue,3,TO,2025-05-25,49,2024-06-16,37.4,44.6,54.6,74.6,102.0,135.0,170.6,194.4,216.6,83,10.704444444444446,10.704444444444446,0.0,0.0,19.0,True,True,True,True
gru_negbin,dengue,3,TO,2025-06-01,50,2024-06-16,31.8,38.2,47.0,63.8,87.4,115.8,146.2,166.4,185.6,78,8.416666666666666,8.416666666666666,0.0,0.0,9.400000000000006,True,True,True,True
gru_negbin,dengue,3,TO,2025-06-08,51,2024-06-16,26.6,32.0,38.8,53.0,72.2,95.6,120.2,136.8,152.6,52,8.506666666666668,8.284444444444446,0.2222222222222222,0.0,20.200000000000003,False,True,True,True
gru_negbin,dengue,3,TO,2025-06-15,52,2024-06-16,22.0,26.4,32.6,44.2,60.0,79.2,99.0,112.8,125.4,68,5.843333333333334,5.843333333333334,0.0,0.0,8.0,True,True,True,True
gru_negbin,dengue,3,TO,2025-06-22,53,2024-06-16,19.0,22.8,28.0,37.8,51.0,67.0,83.6,95.0,105.4,53,4.362222222222223,4.362222222222223,0.0,0.0,2.0,True,True,True,True
gru_negbin,dengue,3,TO,2025-06-29,54,2024-06-16,16.6,20.0,24.4,32.4,43.8,57.2,71.2,80.6,88.8,44,3.514444444444445,3.514444444444445,0.0,0.0,0.20000000000000284,True,True,True,True
gru_negbin,dengue,3,TO,2025-07-06,55,2024-06-16,14.6,17.4,21.2,28.2,37.6,49.0,60.6,68.4,76.0,44,3.6499999999999995,3.6499999999999995,0.0,0.0,6.399999999999999,True,True,True,True
gru_negbin,dengue,3,TO,2025-07-13,56,2024-06-16,13.2,15.2,18.6,24.8,32.6,42.6,52.6,59.2,65.6,30,2.8133333333333335,2.8133333333333335,0.0,0.0,2.6000000000000014,True,True,True,True
gru_negbin,dengue,3,TO,2025-07-20,57,2024-06-16,11.4,13.6,16.4,22.0,29.4,37.4,46.2,52.0,57.6,26,2.578888888888889,2.578888888888889,0.0,0.0,3.3999999999999986,True,True,True,True
gru_negbin,dengue,3,TO,2025-07-27,58,2024-06-16,10.2,12.4,14.8,19.8,26.0,33.6,41.2,46.2,51.2,36,3.601111111111111,3.0677777777777777,0.0,0.533333333333333,10.0,False,True,True,True
gru_negbin,dengue,3,TO,2025-08-03,59,2024-06-16,9.2,11.2,13.6,17.6,23.4,30.0,36.8,41.0,45.2,30,2.468888888888889,2.468888888888889,0.0,0.0,6.600000000000001,True,True,True,True
gru_negbin,dengue,3,TO,2025-08-10,60,2024-06-16,8.4,10.0,11.8,16.0,21.2,26.8,33.0,37.0,41.0,48,16.574444444444442,4.53,0.0,12.044444444444444,26.8,False,False,False,False
gru_negbin,dengue,3,TO,2025-08-17,61,2024-06-16,7.6,9.0,11.0,14.6,19.2,24.6,30.4,34.2,37.6,34,5.966666666666665,3.0777777777777775,0.0,2.888888888888889,14.8,False,False,True,True
gru_negbin,dengue,3,TO,2025-08-24,62,2024-06-16,7.0,8.2,10.0,13.4,18.0,23.0,28.2,31.8,35.2,30,4.645555555555556,2.69,0.0,1.9555555555555557,12.0,False,False,True,True
gru_negbin,dengue,3,TO,2025-08-31,63,2024-06-16,6.4,7.8,9.6,12.8,17.0,22.0,27.0,30.2,33.2,25,2.851111111111111,2.184444444444444,0.0,0.6666666666666666,8.0,False,True,True,True
gru_negbin,dengue,3,TO,2025-09-07,64,2024-06-16,6.0,7.2,9.2,12.2,16.2,21.2,26.2,29.4,32.6,17,1.3611111111111112,1.3611111111111112,0.0,0.0,0.8000000000000007,True,True,True,True
gru_negbin,dengue,3,TO,2025-09-14,65,2024-06-16,5.8,7.0,9.2,12.0,16.4,21.4,26.2,29.6,32.6,16,1.344444444444444,1.344444444444444,0.0,0.0,0.3999999999999986,True,True,True,True
gru_negbin,dengue,3,TO,2025-09-21,66,2024-06-16,5.8,7.2,9.4,12.4,17.0,22.0,27.2,30.4,33.8,13,1.7866666666666668,1.7866666666666668,0.0,0.0,4.0,True,True,True,True
gru_negbin,dengue,3,TO,2025-09-28,67,2024-06-16,6.2,7.8,9.8,13.2,17.8,23.4,29.0,32.8,36.2,9,3.5266666666666664,2.4155555555555552,1.1111111111111112,0.0,8.8,False,False,True,True
gru_negbin,dengue,4,AC,2025-10-05,16,2025-06-15,12.4,16.2,21.8,33.0,50.0,71.4,95.2,111.6,126.8,36,7.015555555555556,7.015555555555556,0.0,0.0,14.0,True,True,True,True
gru_negbin,dengue,4,AC,2025-10-12,17,2025-06-15,13.0,17.2,23.4,36.8,56.6,82.8,112.0,132.0,151.0,45,7.855555555555554,7.855555555555554,0.0,0.0,11.600000000000001,True,True,True,True
gru_negbin,dengue,4,AC,2025-10-19,18,2025-06-15,13.4,18.2,25.4,41.2,65.0,97.0,133.4,158.6,183.0,49,9.78,9.78,0.0,0.0,16.0,True,True,True,True
gru_negbin,dengue,4,AC,2025-10-26,19,2025-06-15,13.6,19.2,27.2,45.4,74.2,113.8,158.6,190.8,221.2,50,12.468888888888891,12.468888888888891,0.0,0.0,24.200000000000003,True,True,True,True
gru_negbin,dengue,4,AC,2025-11-02,20,2025-06-15,13.8,19.8,29.2,50.8,86.2,135.4,192.8,233.8,273.0,40,19.686666666666667,17.28666666666667,2.3999999999999995,0.0,46.2,False,True,True,True
gru_negbin,dengue,4,AC,2025-11-09,21,2025-06-15,14.0,20.8,31.4,57.2,100.2,161.2,234.0,286.0,336.6,61,19.374444444444443,19.374444444444443,0.0,0.0,39.2,True,True,True,True
gru_negbin,dengue,4,AC,2025-11-16,22,2025-06-15,14.2,21.8,33.8,64.0,116.4,192.0,282.6,347.6,411.2,55,27.287777777777777,25.287777777777777,2.0,0.0,61.400000000000006,False,True,True,True
gru_negbin,dengue,4,AC,2025-11-23,23,2025-06-15,15.2,23.6,37.4,72.8,135.2,227.4,338.4,419.2,498.0,61,33.22222222222222,30.600000000000005,2.622222222222222,0.0,74.19999999999999,False,True,True,True
gru_negbin,dengue,4,AC,2025-11-30,24,2025-06-15,16.2,25.6,41.4,83.2,157.6,268.8,404.0,502.4,598.4,69,39.90111111111111,36.745555555555555,3.1555555555555563,0.0,88.6,False,True,True,True
gru_negbin,dengue,4,AC,2025-12-07,25,2025-06-15,17.6,28.4,46.6,94.4,182.0,313.0,473.2,590.0,704.2,70,49.54555555555556,44.123333333333335,5.422222222222223,0.0,112.0,False,True,True,True
gru_negbin,dengue,4,AC,2025-12-14,26,2025-06-15,19.6,32.0,52.8,108.4,210.4,363.6,552.4,689.6,824.4,86,55.857777777777784,50.879999999999995,4.977777777777779,0.0,124.4,False,True,True,True
gru_negbin,dengue,4,AC,2025-12-21,27,2025-06-15,22.6,36.6,60.6,125.0,242.6,420.4,638.6,797.6,953.6,42,87.75,65.17222222222222,22.577777777777776,0.0,200.6,False,False,True,True
gru_negbin,dengue,4,AC,2025-12-28,28,2025-06-15,26.6,42.8,70.6,143.8,277.2,477.2,722.2,901.0,1076.0,66,90.14555555555555,71.83444444444443,18.311111111111114,0.0,211.2,False,False,True,True
gru_negbin,dengue,4,AC,2026-01-04,29,2025-06-15,26.4,42.2,69.6,142.6,274.6,473.6,717.8,895.2,1069.4,88,80.93222222222222,68.7988888888889,12.133333333333333,0.0,186.60000000000002,False,True,True,True
gru_negbin,dengue,4,AC,2026-01-11,30,2025-06-15,31.6,50.6,81.8,164.0,311.6,531.2,799.2,993.8,1184.0,84,96.2911111111111,78.51333333333334,17.77777777777778,0.0,227.60000000000002,False,True,True,True
gru_negbin,dengue,4,AC,2026-01-18,31,2025-06-15,39.0,60.8,96.2,187.2,347.6,583.8,869.2,1075.6,1277.2,66,122.2988888888889,88.65444444444445,33.64444444444444,0.0,281.6,False,False,True,True
gru_negbin,dengue,4,AC,2026-01-25,32,2025-06-15,48.2,72.4,111.4,209.2,377.6,620.8,912.2,1122.0,1325.6,82,127.06555555555558,92.26555555555554,34.8,0.0,295.6,False,False,True,True
gru_negbin,dengue,4,AC,2026-02-01,33,2025-06-15,57.4,83.8,124.8,224.8,392.0,629.0,908.8,1108.6,1302.2,95,126.64666666666666,91.18,35.46666666666667,0.0,297.0,False,False,True,True
gru_negbin,dengue,4,AC,2026-02-08,34,2025-06-15,64.6,92.4,133.8,232.8,394.4,618.6,880.4,1066.2,1245.4,70,146.78222222222223,91.44888888888889,55.33333333333334,0.0,324.4,False,False,False,True
gru_negbin,dengue,4,AC,2026-02-15,35,2025-06-15,71.0,99.0,140.4,236.8,391.0,602.2,846.6,1018.8,1185.0,77,141.78000000000003,87.29111111111112,54.488888888888894,0.0,314.0,False,False,False,True
gru_negbin,dengue,4,AC,2026-02-22,36,2025-06-15,73.4,100.4,140.2,231.0,373.6,566.8,788.6,944.0,1093.4,66,144.72666666666666,82.28222222222222,62.44444444444444,0.0,307.6,False,False,False,False
gru_negbin,dengue,4,AC,2026-03-01,37,2025-06-15,72.4,97.6,134.4,216.8,344.2,515.4,710.2,846.6,977.2,66,130.79999999999998,73.64444444444445,57.155555555555566,0.0,278.2,False,False,False,False
gru_negbin,dengue,4,AC,2026-03-08,38,2025-06-15,69.2,91.8,124.2,196.4,306.0,451.6,615.6,730.2,839.4,50,127.49222222222222,64.91444444444444,62.57777777777778,0.0,256.0,False,False,False,False
gru_negbin,dengue,4,AC,2026-03-15,39,2025-06-15,64.6,84.4,113.0,174.4,267.0,388.0,523.8,617.8,707.2,55,102.13666666666667,54.04777777777778,48.08888888888889,0.0,212.0,False,False,False,False
gru_negbin,dengue,4,AC,2026-03-22,40,2025-06-15,59.6,77.0,101.6,154.2,231.8,332.0,444.2,521.0,594.2,52,86.35,45.37222222222223,40.977777777777774,0.0,179.8,False,False,False,False
gru_negbin,dengue,4,AC,2026-03-29,41,2025-06-15,56.0,71.6,93.0,138.4,204.4,289.6,383.4,447.8,508.6,50,74.03666666666668,38.70333333333333,35.333333333333336,0.0,154.4,False,False,False,False
gru_negbin,dengue,4,AC,2026-04-05,42,2025-06-15,52.4,66.4,85.4,125.4,183.6,257.4,338.2,393.8,446.2,67,48.79888888888889,31.73222222222222,17.06666666666667,0.0,116.6,False,False,True,True
gru_negbin,dengue,4,AC,2026-04-12,43,2025-06-15,48.8,60.8,77.8,113.2,164.0,228.0,298.0,345.8,391.2,53,49.29555555555555,28.673333333333332,20.62222222222222,0.0,111.0,False,False,False,True
gru_negbin,dengue,4,AC,2026-04-19,44,2025-06-15,45.4,56.6,72.0,103.6,148.6,205.4,267.0,309.0,348.8,63,35.01222222222222,23.990000000000002,11.02222222222222,0.0,85.6,False,False,True,True
gru_negbin,dengue,4,AC,2026-04-26,45,2025-06-15,41.8,52.2,65.6,93.8,133.4,183.0,237.2,274.0,308.6,84,20.38222222222222,18.204444444444444,2.177777777777777,0.0,49.400000000000006,False,True,True,True
gru_negbin,dengue,4,AC,2026-05-03,46,2025-06-15,37.8,47.0,59.0,83.8,118.6,161.8,208.8,240.6,270.4,65,21.238888888888887,17.06111111111111,4.177777777777777,0.0,53.599999999999994,False,True,True,True
gru_negbin,dengue,4,AC,2026-05-10,47,2025-06-15,34.0,42.0,52.6,74.6,104.8,142.8,183.4,211.0,236.8,70,14.588888888888887,13.566666666666668,1.022222222222221,0.0,34.8,False,True,True,True
gru_negbin,dengue,4,AC,2026-05-17,48,2025-06-15,30.2,37.4,46.6,65.4,92.0,124.4,159.6,183.0,205.2,84,9.267777777777777,9.267777777777777,0.0,0.0,8.0,True,True,True,True
gru_negbin,dengue,4,AC,2026-05-24,49,2025-06-15,26.6,32.4,40.4,56.4,78.4,106.0,135.2,154.6,173.0,68,8.18888888888889,8.18888888888889,0.0,0.0,10.400000000000006,True,True,True,True
gru_negbin,dengue,4,AC,2026-05-31,50,2025-06-15,23.0,28.2,35.0,48.6,67.4,90.0,114.4,130.8,146.0,66,6.043333333333334,6.043333333333334,0.0,0.0,1.4000000000000057,True,True,True,True
gru_negbin,dengue,4,AC,2026-06-07,51,2025-06-15,20.2,24.6,30.0,41.8,57.2,76.6,97.2,111.0,123.6,51,5.65,5.65,0.0,0.0,6.200000000000003,True,True,True,True
gru_negbin,dengue,4,AC,2026-06-14,52,2025-06-15,17.2,21.2,26.4,36.2,49.6,66.4,84.0,95.8,106.8,62,5.662222222222223,5.662222222222223,0.0,0.0,12.399999999999999,True,True,True,True
gru_negbin,dengue,4,AC,2026-06-21,53,2025-06-15,15.4,18.8,23.4,32.0,43.8,58.2,73.0,83.2,92.8,48,4.170000000000001,4.170000000000001,0.0,0.0,4.200000000000003,True,True,True,True
gru_negbin,dengue,4,AL,2025-10-05,16,2025-06-15,36.6,43.0,50.4,65.2,84.8,107.8,131.4,147.2,161.6,194,68.81888888888888,18.15222222222222,0.0,50.66666666666667,109.2,False,False,False,False
gru_negbin,dengue,4,AL,2025-10-12,17,2025-06-15,33.4,39.4,46.8,61.2,80.2,102.4,125.8,141.0,155.4,126,16.228888888888886,10.940000000000001,0.0,5.288888888888888,45.8,False,False,True,True
gru_negbin,dengue,4,AL,2025-10-19,18,2025-06-15,30.4,35.6,42.8,56.6,75.0,96.8,119.4,134.6,148.4,163,49.42444444444444,15.46888888888889,0.0,33.95555555555555,88.0,False,False,False,False
gru_negbin,dengue,4,AL,2025-10-26,19,2025-06-15,27.0,32.2,38.8,51.8,69.6,90.4,112.6,127.4,141.0,82,6.853333333333334,6.853333333333334,0.0,0.0,12.400000000000006,True,True,True,True
gru_negbin,dengue,4,AL,2025-11-02,20,2025-06-15,23.4,28.4,34.4,46.6,63.2,83.6,104.6,118.8,131.8,97,11.955555555555556,8.977777777777778,0.0,2.977777777777779,33.8,False,True,True,True
gru_negbin,dengue,4,AL,2025-11-09,21,2025-06-15,20.4,24.8,30.2,41.6,57.6,76.6,97.0,110.4,123.2,121,29.55111111111111,11.995555555555555,0.0,17.555555555555557,63.4,False,False,False,True
gru_negbin,dengue,4,AL,2025-11-16,22,2025-06-15,17.6,21.8,26.8,37.8,52.6,71.0,90.4,103.6,116.0,80,9.757777777777777,7.757777777777777,0.0,2.0,27.4,False,True,True,True
gru_negbin,dengue,4,AL,2025-11-23,23,2025-06-15,15.4,19.2,24.0,34.2,48.8,66.0,85.0,97.8,109.8,80,11.097777777777777,7.986666666666666,0.0,3.111111111111111,31.200000000000003,False,True,True,True
gru_negbin,dengue,4,AL,2025-11-30,24,2025-06-15,13.4,17.0,21.8,31.0,44.8,62.0,80.4,93.0,104.8,99,24.087777777777774,10.398888888888889,0.0,13.688888888888888,54.2,False,False,False,True
gru_negbin,dengue,4,AL,2025-12-07,25,2025-06-15,11.8,15.4,20.0,29.2,42.4,59.4,77.6,90.0,101.8,70,9.708888888888888,7.353333333333334,0.0,2.355555555555556,27.6,False,True,True,True
gru_negbin,dengue,4,AL,2025-12-14,26,2025-06-15,11.2,14.4,19.0,28.0,41.6,58.2,77.0,89.4,101.8,70,10.08111111111111,7.458888888888889,0.0,2.622222222222222,28.4,False,True,True,True
gru_negbin,dengue,4,AL,2025-12-21,27,2025-06-15,10.8,14.2,19.0,28.0,41.8,59.2,78.4,91.6,103.6,24,7.295555555555556,6.406666666666666,0.8888888888888888,0.0,17.799999999999997,False,True,True,True
gru_negbin,dengue,4,AL,2025-12-28,28,2025-06-15,11.6,15.0,19.6,29.8,44.4,63.2,83.4,97.4,110.8,62,6.695555555555556,6.695555555555556,0.0,0.0,17.6,True,True,True,True
gru_negbin,dengue,4,AL,2026-01-04,29,2025-06-15,11.6,15.0,19.8,30.0,45.0,64.2,84.8,99.0,112.6,62,6.727777777777778,6.727777777777778,0.0,0.0,17.0,True,True,True,True
gru_negbin,dengue,4,AL,2026-01-11,30,2025-06-15,13.2,16.8,22.2,33.4,49.4,70.4,93.2,108.8,123.4,75,9.134444444444446,8.112222222222222,0.0,1.022222222222221,25.6,False,True,True,True
gru_negbin,dengue,4,AL,2026-01-18,31,2025-06-15,15.0,19.0,25.2,37.6,55.6,79.0,104.2,121.8,138.2,59,6.26,6.26,0.0,0.0,3.3999999999999986,True,True,True,True
gru_negbin,dengue,4,AL,2026-01-25,32,2025-06-15,17.4,22.6,29.4,43.6,64.2,90.8,120.0,140.0,158.8,51,8.19222222222222,8.19222222222222,0.0,0.0,13.200000000000003,True,True,True,True
gru_negbin,dengue,4,AL,2026-02-01,33,2025-06-15,20.4,26.0,34.2,50.8,75.0,105.8,139.6,163.2,184.8,51,10.502222222222223,10.502222222222223,0.0,0.0,24.0,True,True,True,True
gru_negbin,dengue,4,AL,2026-02-08,34,2025-06-15,24.4,30.8,40.4,60.0,88.6,125.2,165.4,193.0,219.2,57,13.462222222222222,12.795555555555556,0.6666666666666666,0.0,31.599999999999994,False,True,True,True
gru_negbin,dengue,4,AL,2026-02-15,35,2025-06-15,28.8,37.2,48.4,72.0,106.4,150.2,198.6,232.0,263.4,55,20.63888888888889,16.86111111111111,3.7777777777777777,0.0,51.400000000000006,False,True,True,True
gru_negbin,dengue,4,AL,2026-02-22,36,2025-06-15,34.8,44.6,57.8,86.6,128.0,181.4,239.8,280.0,318.4,70,23.635555555555555,19.94666666666667,3.6888888888888878,0.0,58.0,False,True,True,True
gru_negbin,dengue,4,AL,2026-03-01,37,2025-06-15,41.8,53.8,70.0,104.4,155.2,219.8,291.6,341.0,387.4,87,27.89111111111111,24.02444444444444,3.866666666666668,0.0,68.19999999999999,False,True,True,True
gru_negbin,dengue,4,AL,2026-03-08,38,2025-06-15,50.6,64.6,84.2,126.4,187.6,266.8,353.8,414.2,470.8,55,59.23222222222223,34.74333333333334,24.48888888888889,0.0,132.6,False,False,False,True
gru_negbin,dengue,4,AL,2026-03-15,39,2025-06-15,61.0,78.2,102.0,152.6,227.0,322.4,428.0,500.6,569.4,65,72.81777777777778,42.19555555555556,30.622222222222224,0.0,162.0,False,False,False,True
gru_negbin,dengue,4,AL,2026-03-22,40,2025-06-15,72.6,92.8,121.2,181.2,269.8,383.2,508.8,595.0,676.6,69,93.70444444444443,51.08222222222222,42.62222222222222,0.0,200.8,False,False,False,False
gru_negbin,dengue,4,AL,2026-03-29,41,2025-06-15,84.8,108.6,141.4,211.8,314.4,446.4,592.4,692.8,787.6,113,84.09555555555555,55.82888888888888,28.26666666666667,0.0,201.39999999999998,False,False,True,True
gru_negbin,dengue,4,AL,2026-04-05,42,2025-06-15,99.8,127.2,165.2,246.2,364.6,516.6,684.4,799.8,909.0,126,100.72888888888889,65.04,35.68888888888888,0.0,238.60000000000002,False,False,False,True
gru_negbin,dengue,4,AL,2026-04-12,43,2025-06-15,115.2,146.2,189.2,280.4,413.4,583.6,771.8,900.4,1022.6,110,141.58999999999997,76.92333333333333,64.66666666666666,0.0,303.4,False,False,False,False
gru_negbin,dengue,4,AL,2026-04-19,44,2025-06-15,133.0,167.6,215.8,317.4,465.0,653.6,861.2,1003.8,1138.4,96,188.8522222222222,88.89666666666669,99.95555555555555,0.0,369.0,False,False,False,False
gru_negbin,dengue,4,AL,2026-04-26,45,2025-06-15,150.8,189.2,242.4,353.6,515.6,721.4,947.8,1103.2,1250.0,151,166.70444444444445,92.88222222222221,73.82222222222222,0.0,364.6,False,False,False,True
gru_negbin,dengue,4,AL,2026-05-03,46,2025-06-15,168.0,210.0,267.4,388.0,562.4,783.8,1027.2,1193.2,1350.8,207,150.1688888888889,95.85777777777778,54.3111111111111,0.0,355.4,False,False,False,True
gru_negbin,dengue,4,AL,2026-05-10,47,2025-06-15,185.0,230.4,291.8,420.4,605.2,839.6,1096.2,1271.2,1436.4,212,171.50333333333336,103.37,68.13333333333334,0.0,393.20000000000005,False,False,False,True
gru_negbin,dengue,4,AL,2026-05-17,48,2025-06-15,197.2,243.8,307.4,439.0,627.2,863.8,1122.0,1297.8,1464.0,298,130.45111111111112,97.02888888888889,33.42222222222222,0.0,329.20000000000005,False,False,True,True
gru_negbin,dengue,4,AL,2026-05-24,49,2025-06-15,204.6,252.0,316.2,449.8,639.6,877.6,1137.0,1313.4,1479.4,302,134.39333333333332,98.39333333333333,36.0,0.0,337.6,False,False,True,True
gru_negbin,dengue,4,AL,2026-05-31,50,2025-06-15,205.6,252.8,316.8,448.8,635.8,870.4,1124.6,1297.2,1460.4,301,133.50444444444443,97.14888888888888,36.35555555555556,0.0,334.79999999999995,False,False,True,True
gru_negbin,dengue,4,AL,2026-06-07,51,2025-06-15,203.8,250.2,313.0,442.6,625.8,854.8,1103.0,1272.0,1431.0,231,172.00444444444443,102.49333333333331,69.51111111111112,0.0,394.79999999999995,False,False,False,True
gru_negbin,dengue,4,AL,2026-06-14,52,2025-06-15,198.2,243.2,304.2,429.4,606.4,827.8,1068.2,1231.2,1384.8,271,136.52555555555557,93.94777777777776,42.57777777777777,0.0,335.4,False,False,True,True
gru_negbin,dengue,4,AL,2026-06-21,53,2025-06-15,189.6,232.6,290.4,408.6,576.2,785.6,1011.8,1165.6,1310.4,241,139.03555555555556,90.81333333333333,48.22222222222222,0.0,335.20000000000005,False,False,True,True
gru_negbin,dengue,4,AM,2025-10-05,16,2025-06-15,21.4,26.0,31.8,43.4,59.4,78.8,99.2,113.0,126.0,114,22.41222222222222,11.07888888888889,0.0,11.333333333333334,54.6,False,False,False,True
gru_negbin,dengue,4,AM,2025-10-12,17,2025-06-15,20.6,25.2,31.0,42.8,59.0,79.2,100.8,115.2,128.8,76,7.0633333333333335,7.0633333333333335,0.0,0.0,17.0,True,True,True,True
gru_negbin,dengue,4,AM,2025-10-19,18,2025-06-15,20.0,24.4,30.4,42.2,59.2,80.0,102.2,117.2,131.4,67,6.2122222222222225,6.2122222222222225,0.0,0.0,7.799999999999997,True,True,True,True
gru_negbin,dengue,4,AM,2025-10-26,19,2025-06-15,19.0,23.8,29.8,41.8,59.2,81.0,104.2,120.0,135.2,60,5.634444444444444,5.634444444444444,0.0,0.0,0.7999999999999972,True,True,True,True
gru_negbin,dengue,4,AM,2025-11-02,20,2025-06-15,18.8,23.2,29.6,42.2,60.2,83.2,108.4,125.2,141.0,49,7.085555555555556,7.085555555555556,0.0,0.0,11.200000000000003,True,True,True,True
gru_negbin,dengue,4,AM,2025-11-09,21,2025-06-15,18.4,23.0,29.4,42.6,61.6,85.4,111.6,129.2,146.4,58,6.495555555555556,6.495555555555556,0.0,0.0,3.6000000000000014,True,True,True,True
gru_negbin,dengue,4,AM,2025-11-16,22,2025-06-15,18.6,23.0,29.6,43.2,63.0,88.2,115.6,135.0,152.6,52,7.622222222222222,7.622222222222222,0.0,0.0,11.0,True,True,True,True
gru_negbin,dengue,4,AM,2025-11-23,23,2025-06-15,18.6,23.6,30.4,44.4,65.2,91.6,120.4,140.6,159.4,56,7.7266666666666675,7.7266666666666675,0.0,0.0,9.200000000000003,True,True,True,True
gru_negbin,dengue,4,AM,2025-11-30,24,2025-06-15,19.2,24.0,31.2,45.6,66.8,94.4,124.6,145.4,165.4,56,8.147777777777778,8.147777777777778,0.0,0.0,10.799999999999997,True,True,True,True
gru_negbin,dengue,4,AM,2025-12-07,25,2025-06-15,20.0,25.2,32.2,47.6,69.4,97.6,128.8,150.2,170.4,38,12.771111111111113,10.637777777777778,2.1333333333333337,0.0,31.400000000000006,False,True,True,True
gru_negbin,dengue,4,AM,2025-12-14,26,2025-06-15,21.2,26.6,34.2,49.8,72.8,101.8,133.8,156.2,176.8,44,11.895555555555555,10.606666666666667,1.2888888888888883,0.0,28.799999999999997,False,True,True,True
gru_negbin,dengue,4,AM,2025-12-21,27,2025-06-15,23.4,29.2,37.2,53.4,77.4,107.2,140.4,163.2,184.4,35,16.954444444444448,12.376666666666669,4.577777777777778,0.0,42.400000000000006,False,False,True,True
gru_negbin,dengue,4,AM,2025-12-28,28,2025-06-15,26.4,32.4,40.8,58.0,82.8,113.6,147.6,170.6,192.4,62,10.231111111111112,10.231111111111112,0.0,0.0,20.799999999999997,True,True,True,True
gru_negbin,dengue,4,AM,2026-01-04,29,2025-06-15,26.0,32.0,40.2,57.4,82.2,112.8,146.8,169.8,191.4,52,12.452222222222224,11.252222222222223,1.1999999999999997,0.0,30.200000000000003,False,True,True,True
gru_negbin,dengue,4,AM,2026-01-11,30,2025-06-15,29.8,36.2,45.0,63.2,88.6,119.8,153.8,176.8,198.2,56,13.282222222222224,11.682222222222222,1.6000000000000005,0.0,32.599999999999994,False,True,True,True
gru_negbin,dengue,4,AM,2026-01-18,31,2025-06-15,34.2,41.2,51.0,69.6,96.2,128.4,163.0,186.4,208.0,48,19.156666666666663,13.690000000000001,5.466666666666665,0.0,48.2,False,False,True,True
gru_negbin,dengue,4,AM,2026-01-25,32,2025-06-15,40.0,47.6,57.6,77.6,104.8,137.8,172.8,196.2,218.6,54,20.236666666666665,14.192222222222222,6.044444444444443,0.0,50.8,False,False,True,True
gru_negbin,dengue,4,AM,2026-02-01,33,2025-06-15,45.6,53.8,64.6,85.4,113.0,146.6,182.0,205.2,227.0,72,16.232222222222223,13.254444444444443,2.977777777777779,0.0,41.0,False,True,True,True
gru_negbin,dengue,4,AM,2026-02-08,34,2025-06-15,51.8,60.4,71.6,93.0,121.8,155.4,190.8,214.6,236.0,49,34.89666666666666,16.941111111111113,17.955555555555556,0.0,72.8,False,False,False,False
gru_negbin,dengue,4,AM,2026-02-15,35,2025-06-15,57.2,66.2,78.0,99.8,129.0,163.2,198.4,221.8,243.4,46,44.22777777777778,18.18333333333333,26.044444444444444,0.0,83.0,False,False,False,False
gru_negbin,dengue,4,AM,2026-02-22,36,2025-06-15,61.2,70.2,82.0,104.0,133.8,167.8,202.8,225.8,247.4,35,59.39222222222223,19.970000000000002,39.42222222222222,0.0,98.80000000000001,False,False,False,False
gru_negbin,dengue,4,AM,2026-03-01,37,2025-06-15,63.4,72.8,84.6,107.0,135.8,169.8,204.6,227.6,248.8,33,63.838888888888896,20.32777777777778,43.511111111111106,0.0,102.80000000000001,False,False,False,False
gru_negbin,dengue,4,AM,2026-03-08,38,2025-06-15,65.0,74.2,86.0,108.2,137.4,171.2,205.8,228.6,249.6,33,65.25888888888889,20.503333333333337,44.75555555555555,0.0,104.4,False,False,False,False
gru_negbin,dengue,4,AM,2026-03-15,39,2025-06-15,65.4,74.6,86.4,108.6,137.6,171.4,205.6,228.2,249.2,37,61.59888888888889,20.043333333333333,41.55555555555556,0.0,100.6,False,False,False,False
gru_negbin,dengue,4,AM,2026-03-22,40,2025-06-15,64.6,73.8,85.4,107.6,136.4,169.6,203.4,225.8,246.6,25,72.56666666666666,21.144444444444446,51.422222222222224,0.0,111.4,False,False,False,False
gru_negbin,dengue,4,AM,2026-03-29,41,2025-06-15,62.8,71.8,83.2,105.0,133.0,165.6,199.0,221.0,241.2,30,65.1,20.033333333333335,45.06666666666667,0.0,103.0,False,False,False,False
gru_negbin,dengue,4,AM,2026-04-05,42,2025-06-15,60.0,68.6,80.0,101.0,128.0,159.6,192.0,213.4,233.0,33,58.336666666666666,18.869999999999997,39.46666666666667,0.0,95.0,False,False,False,False
gru_negbin,dengue,4,AM,2026-04-12,43,2025-06-15,56.6,65.0,75.4,95.4,121.4,151.4,182.4,202.8,221.6,33,53.403333333333336,17.75888888888889,35.644444444444446,0.0,88.4,False,False,False,False
gru_negbin,dengue,4,AM,2026-04-19,44,2025-06-15,53.2,61.0,71.0,89.8,114.2,142.8,172.2,191.2,208.8,34,47.30444444444444,16.415555555555557,30.88888888888889,0.0,80.2,False,False,False,False
gru_negbin,dengue,4,AM,2026-04-26,45,2025-06-15,49.6,57.0,66.6,84.0,106.8,133.6,160.6,178.6,195.2,34,42.026666666666664,15.093333333333334,26.93333333333333,0.0,72.8,False,False,False,False
gru_negbin,dengue,4,AM,2026-05-03,46,2025-06-15,46.0,52.6,61.2,77.6,99.2,124.0,149.0,166.2,181.6,45,25.322222222222223,12.566666666666668,12.755555555555555,0.0,54.2,False,False,False,False
gru_negbin,dengue,4,AM,2026-05-10,47,2025-06-15,42.6,49.2,57.0,72.2,92.0,115.0,138.4,154.0,168.0,35,30.38111111111111,12.381111111111112,18.0,0.0,57.0,False,False,False,False
gru_negbin,dengue,4,AM,2026-05-17,48,2025-06-15,39.6,45.4,53.0,67.0,85.2,106.8,128.6,143.0,156.2,28,32.64555555555556,11.978888888888887,20.666666666666668,0.0,57.2,False,False,False,False
gru_negbin,dengue,4,AM,2026-05-24,49,2025-06-15,36.4,42.0,48.6,61.8,79.0,99.0,119.2,132.4,144.8,42,15.219999999999999,9.353333333333332,5.866666666666666,0.0,37.0,False,False,True,True
gru_negbin,dengue,4,AM,2026-05-31,50,2025-06-15,33.8,39.0,45.2,57.8,73.6,92.2,110.6,123.4,134.8,38,15.041111111111112,8.818888888888889,6.222222222222222,0.0,35.599999999999994,False,False,False,True
gru_negbin,dengue,4,AM,2026-06-07,51,2025-06-15,31.8,36.6,42.6,54.0,68.8,86.0,103.4,115.2,125.6,65,4.945555555555555,4.945555555555555,0.0,0.0,3.799999999999997,True,True,True,True
gru_negbin,dengue,4,AM,2026-06-14,52,2025-06-15,30.4,34.6,40.6,51.2,65.6,81.4,97.8,108.4,118.2,70,4.745555555555557,4.745555555555557,0.0,0.0,4.400000000000006,True,True,True,True
gru_negbin,dengue,4,AM,2026-06-21,53,2025-06-15,29.4,33.4,38.8,49.2,62.4,77.2,92.8,102.8,112.2,71,4.942222222222223,4.942222222222223,0.0,0.0,8.600000000000001,True,True,True,True
gru_negbin,dengue,4,AP,2025-10-05,16,2025-06-15,4.6,6.0,8.2,13.2,20.0,28.8,38.6,45.6,51.8,18,2.466666666666667,2.466666666666667,0.0,0.0,2.0,True,True,True,True
gru_negbin,dengue,4,AP,2025-10-12,17,2025-06-15,3.8,5.8,7.6,12.0,18.8,27.6,37.4,43.6,50.2,10,3.6288888888888895,3.184444444444445,0.4444444444444444,0.0,8.8,False,True,True,True
gru_negbin,dengue,4,AP,2025-10-19,18,2025-06-15,3.6,4.8,7.2,11.6,18.2,26.4,35.6,42.6,48.6,16,2.367777777777778,2.367777777777778,0.0,0.0,2.1999999999999993,True,True,True,True
gru_negbin,dengue,4,AP,2025-10-26,19,2025-06-15,3.2,4.6,6.6,10.6,17.4,25.4,34.6,40.8,47.0,5,5.067777777777778,3.467777777777777,1.5999999999999999,0.0,12.399999999999999,False,False,True,True
gru_negbin,dengue,4,AP,2025-11-02,20,2025-06-15,3.2,4.4,6.2,10.2,16.2,24.8,33.6,39.8,45.8,8,3.45,2.9611111111111112,0.4888888888888887,0.0,8.2,False,True,True,True
gru_negbin,dengue,4,AP,2025-11-09,21,2025-06-15,2.8,4.0,5.8,9.8,16.0,24.2,32.8,39.2,45.2,6,3.9822222222222226,3.1377777777777776,0.8444444444444446,0.0,10.0,False,True,True,True
gru_negbin,dengue,4,AP,2025-11-16,22,2025-06-15,2.4,3.8,5.4,9.6,15.6,23.6,32.6,39.0,45.2,3,5.588888888888889,3.411111111111111,2.177777777777778,0.0,12.6,False,False,False,True
gru_negbin,dengue,4,AP,2025-11-23,23,2025-06-15,2.4,3.6,5.6,9.6,15.6,23.8,33.4,39.6,46.0,2,6.493333333333333,3.56,2.933333333333333,0.0,13.6,False,False,False,False
gru_negbin,dengue,4,AP,2025-11-30,24,2025-06-15,2.4,3.8,5.6,9.6,16.0,24.8,34.4,41.4,48.0,6,4.066666666666666,3.2666666666666666,0.7999999999999999,0.0,10.0,False,True,True,True
gru_negbin,dengue,4,AP,2025-12-07,25,2025-06-15,2.6,3.8,5.8,10.2,16.8,26.0,36.0,43.4,49.8,4,5.451111111111111,3.673333333333334,1.7777777777777777,0.0,12.8,False,False,True,True
gru_negbin,dengue,4,AP,2025-12-14,26,2025-06-15,2.8,4.6,6.4,10.8,18.2,27.8,38.6,46.4,53.8,5,5.474444444444445,3.874444444444445,1.6000000000000003,0.0,13.2,False,False,True,True
gru_negbin,dengue,4,AP,2025-12-21,27,2025-06-15,3.8,5.2,7.2,12.4,20.4,31.0,43.0,51.4,59.2,4,7.316666666666666,4.472222222222222,2.8444444444444446,0.0,16.4,False,False,False,True
gru_negbin,dengue,4,AP,2025-12-28,28,2025-06-15,4.2,6.0,8.6,14.6,23.2,35.0,48.0,57.2,65.8,16,3.7200000000000006,3.7200000000000006,0.0,0.0,7.199999999999999,True,True,True,True
gru_negbin,dengue,4,AP,2026-01-04,29,2025-06-15,4.2,6.0,8.6,14.4,23.0,34.2,47.4,56.2,64.8,19,3.301111111111111,3.301111111111111,0.0,0.0,4.0,True,True,True,True
gru_negbin,dengue,4,AP,2026-01-11,30,2025-06-15,5.2,7.4,10.2,16.8,26.6,39.4,53.6,63.8,73.2,17,4.291111111111111,4.291111111111111,0.0,0.0,9.600000000000001,True,True,True,True
gru_negbin,dengue,4,AP,2026-01-18,31,2025-06-15,7.0,9.2,12.8,20.2,31.4,46.0,62.0,73.0,83.8,15,6.639999999999999,5.484444444444444,1.1555555555555554,0.0,16.4,False,True,True,True
gru_negbin,dengue,4,AP,2026-01-25,32,2025-06-15,9.0,11.8,15.8,24.6,37.2,53.4,71.6,84.0,95.8,8,13.857777777777779,7.368888888888888,6.48888888888889,0.0,29.200000000000003,False,False,False,False
gru_negbin,dengue,4,AP,2026-02-01,33,2025-06-15,10.8,14.2,18.8,28.6,42.8,60.8,80.8,94.4,107.4,12,13.705555555555556,8.016666666666666,5.688888888888889,0.0,30.799999999999997,False,False,False,True
gru_negbin,dengue,4,AP,2026-02-08,34,2025-06-15,12.8,16.6,21.8,32.6,48.2,68.0,89.6,104.4,118.4,15,14.502222222222223,8.724444444444446,5.777777777777779,0.0,33.2,False,False,False,True
gru_negbin,dengue,4,AP,2026-02-15,35,2025-06-15,14.6,18.8,24.0,35.8,52.4,73.2,95.8,111.4,125.8,29,9.431111111111111,7.92,1.5111111111111104,0.0,23.4,False,True,True,True
gru_negbin,dengue,4,AP,2026-02-22,36,2025-06-15,16.0,20.2,25.8,37.8,54.6,75.6,98.6,114.2,128.6,19,15.298888888888886,9.343333333333335,5.955555555555555,0.0,35.6,False,False,False,True
gru_negbin,dengue,4,AP,2026-03-01,37,2025-06-15,16.4,20.6,26.2,38.0,55.0,75.6,98.0,113.2,127.4,25,11.818888888888889,8.663333333333334,3.1555555555555554,0.0,30.0,False,False,True,True
gru_negbin,dengue,4,AP,2026-03-08,38,2025-06-15,16.6,20.6,26.6,37.8,54.6,74.6,96.4,111.2,125.0,15,18.848888888888887,9.604444444444445,9.244444444444445,0.0,39.6,False,False,False,False
gru_negbin,dengue,4,AP,2026-03-15,39,2025-06-15,16.0,20.2,25.6,36.4,52.2,71.4,91.6,105.8,119.0,17,15.778888888888892,8.845555555555556,6.933333333333334,0.0,35.2,False,False,False,True
gru_negbin,dengue,4,AP,2026-03-22,40,2025-06-15,15.4,19.2,24.2,34.8,49.0,66.6,85.8,99.0,111.2,12,18.79888888888889,8.665555555555557,10.133333333333333,0.0,37.0,False,False,False,False
gru_negbin,dengue,4,AP,2026-03-29,41,2025-06-15,14.4,18.0,22.6,32.2,45.6,62.2,80.2,92.2,103.4,10,18.709999999999997,8.22111111111111,10.488888888888889,0.0,35.6,False,False,False,False
gru_negbin,dengue,4,AP,2026-04-05,42,2025-06-15,13.2,16.4,20.8,29.8,42.2,57.4,73.8,84.6,95.0,12,14.434444444444445,7.278888888888888,7.155555555555556,0.0,30.200000000000003,False,False,False,False
gru_negbin,dengue,4,AP,2026-04-12,43,2025-06-15,12.2,15.0,19.0,27.0,38.6,52.4,67.6,77.6,87.2,16,9.225555555555555,6.114444444444445,3.111111111111111,0.0,22.6,False,False,True,True
gru_negbin,dengue,4,AP,2026-04-19,44,2025-06-15,11.0,14.0,17.8,25.0,35.6,48.6,62.6,71.8,80.2,15,8.466666666666669,5.622222222222223,2.8444444444444446,0.0,20.6,False,False,True,True
gru_negbin,dengue,4,AP,2026-04-26,45,2025-06-15,10.6,13.2,16.6,23.6,33.2,45.2,57.6,66.6,74.8,13,8.505555555555556,5.305555555555555,3.2000000000000006,0.0,20.200000000000003,False,False,False,True
gru_negbin,dengue,4,AP,2026-05-03,46,2025-06-15,9.4,11.6,15.0,21.8,30.8,41.8,53.6,61.4,69.2,9,10.121111111111112,5.276666666666666,4.844444444444444,0.0,21.8,False,False,False,False
gru_negbin,dengue,4,AP,2026-05-10,47,2025-06-15,8.8,11.0,14.0,20.2,28.6,38.6,49.8,57.0,63.4,13,6.187777777777779,4.365555555555556,1.822222222222222,0.0,15.600000000000001,False,False,True,True
gru_negbin,dengue,4,AP,2026-05-17,48,2025-06-15,8.0,9.8,12.8,18.4,26.0,35.2,45.6,52.8,59.2,22,2.868888888888889,2.868888888888889,0.0,0.0,4.0,True,True,True,True
gru_negbin,dengue,4,AP,2026-05-24,49,2025-06-15,6.8,9.0,11.4,16.6,23.6,32.8,42.2,48.2,54.2,14,3.927777777777779,3.3499999999999996,0.5777777777777781,0.0,9.600000000000001,False,True,True,True
gru_negbin,dengue,4,AP,2026-05-31,50,2025-06-15,6.4,8.2,10.2,15.2,21.6,29.8,38.6,44.4,49.8,30,3.0633333333333335,3.018888888888889,0.0,0.04444444444444429,8.399999999999999,False,True,True,True
gru_negbin,dengue,4,AP,2026-06-07,51,2025-06-15,5.6,7.4,9.4,14.0,20.0,27.8,35.6,41.0,46.0,22,2.168888888888889,2.168888888888889,0.0,0.0,2.0,True,True,True,True
gru_negbin,dengue,4,AP,2026-06-14,52,2025-06-15,5.2,6.8,8.8,12.8,18.6,25.6,33.4,38.4,43.2,28,3.3977777777777773,2.8644444444444446,0.0,0.533333333333333,9.399999999999999,False,True,True,True
gru_negbin,dengue,4,AP,2026-06-21,53,2025-06-15,4.8,6.0,8.0,11.8,17.6,24.4,31.6,36.6,41.2,12,2.3888888888888884,2.3888888888888884,0.0,0.0,5.600000000000001,True,True,True,True
gru_negbin,dengue,4,BA,2025-10-05,16,2025-06-15,85.2,94.8,106.8,128.8,156.8,188.6,220.2,240.8,259.6,289,77.96666666666665,23.12222222222222,0.0,54.84444444444444,132.2,False,False,False,False
gru_negbin,dengue,4,BA,2025-10-12,17,2025-06-15,81.6,91.6,104.0,126.4,155.4,188.2,221.6,243.2,263.0,351,138.91666666666663,30.472222222222214,0.0,108.44444444444446,195.6,False,False,False,False
gru_negbin,dengue,4,BA,2025-10-19,18,2025-06-15,78.4,88.2,100.8,124.4,154.8,189.8,225.0,248.2,269.2,258,45.364444444444445,20.697777777777777,0.0,24.666666666666668,103.19999999999999,False,False,False,True
gru_negbin,dengue,4,BA,2025-10-26,19,2025-06-15,74.8,85.0,98.0,122.4,154.2,191.2,228.8,253.6,276.6,314,95.43444444444442,27.478888888888886,0.0,67.95555555555555,159.8,False,False,False,False
gru_negbin,dengue,4,BA,2025-11-02,20,2025-06-15,71.6,82.2,95.6,121.4,155.4,194.8,236.0,262.8,287.6,318,93.09333333333332,28.471111111111114,0.0,64.6222222222222,162.6,False,False,False,False
gru_negbin,dengue,4,BA,2025-11-09,21,2025-06-15,68.8,79.6,93.6,121.0,157.0,199.6,243.8,273.2,300.6,331,98.65444444444444,30.47666666666667,0.0,68.17777777777776,174.0,False,False,False,False
gru_negbin,dengue,4,BA,2025-11-16,22,2025-06-15,65.0,76.2,91.0,119.0,157.4,203.2,251.2,283.2,313.2,296,60.73888888888889,27.316666666666663,0.0,33.42222222222223,138.6,False,False,False,True
gru_negbin,dengue,4,BA,2025-11-23,23,2025-06-15,61.8,73.8,88.8,118.4,159.2,208.2,260.6,295.2,327.8,269,40.32222222222222,24.944444444444443,0.0,15.377777777777775,109.80000000000001,False,False,True,True
gru_negbin,dengue,4,BA,2025-11-30,24,2025-06-15,60.2,72.2,87.8,120.0,163.2,216.4,272.8,311.0,346.4,295,50.75444444444444,28.354444444444443,0.0,22.399999999999995,131.8,False,False,True,True
gru_negbin,dengue,4,BA,2025-12-07,25,2025-06-15,60.0,72.4,89.2,122.6,170.0,227.8,289.4,331.2,370.4,330,64.40444444444444,32.67111111111112,0.0,31.733333333333334,160.0,False,False,True,True
gru_negbin,dengue,4,BA,2025-12-14,26,2025-06-15,62.2,75.4,93.8,130.6,182.2,246.6,315.6,362.4,406.6,258,27.431111111111115,24.89777777777778,0.0,2.5333333333333345,75.80000000000001,False,True,True,True
gru_negbin,dengue,4,BA,2025-12-21,27,2025-06-15,68.6,83.6,104.4,145.8,204.2,277.2,355.8,409.2,459.6,179,21.476666666666663,21.476666666666663,0.0,0.0,25.19999999999999,True,True,True,True
gru_negbin,dengue,4,BA,2025-12-28,28,2025-06-15,81.2,99.0,122.6,171.6,240.0,324.8,416.4,478.2,536.8,223,23.673333333333332,23.673333333333332,0.0,0.0,17.0,True,True,True,True
gru_negbin,dengue,4,BA,2026-01-04,29,2025-06-15,82.0,100.0,124.2,173.6,242.6,328.4,421.0,483.8,542.8,259,23.842222222222222,23.842222222222222,0.0,0.0,16.400000000000006,True,True,True,True
gru_negbin,dengue,4,BA,2026-01-11,30,2025-06-15,102.2,124.0,153.2,212.2,294.8,396.6,505.8,579.6,649.0,205,37.757777777777775,36.15777777777778,1.5999999999999974,0.0,89.80000000000001,False,True,True,True
gru_negbin,dengue,4,BA,2026-01-18,31,2025-06-15,132.0,158.8,194.0,265.6,364.4,485.4,614.6,701.8,783.4,264,42.72111111111112,42.36555555555556,0.3555555555555606,0.0,100.39999999999998,False,True,True,True
gru_negbin,dengue,4,BA,2026-01-25,32,2025-06-15,169.8,202.8,246.0,332.2,450.6,594.8,747.8,850.6,946.8,276,69.14333333333333,56.65444444444444,12.488888888888887,0.0,174.60000000000002,False,True,True,True
gru_negbin,dengue,4,BA,2026-02-01,33,2025-06-15,213.0,253.0,304.8,408.4,549.6,719.8,900.2,1021.2,1134.2,294,100.40666666666667,72.58444444444446,27.82222222222222,0.0,255.60000000000002,False,False,True,True
gru_negbin,dengue,4,BA,2026-02-08,34,2025-06-15,265.4,312.8,375.6,499.0,666.4,868.4,1081.2,1223.8,1356.4,312,147.63,91.76333333333334,55.866666666666674,0.0,354.4,False,False,False,True
gru_negbin,dengue,4,BA,2026-02-15,35,2025-06-15,324.2,381.2,455.4,602.0,800.0,1037.8,1288.6,1456.0,1611.8,343,203.6222222222222,112.60000000000001,91.02222222222221,0.0,457.0,False,False,False,True
gru_negbin,dengue,4,BA,2026-02-22,36,2025-06-15,393.2,460.8,548.8,721.4,954.4,1233.4,1526.2,1721.8,1903.6,393,257.6555555555555,134.94444444444446,122.71111111111112,0.0,561.4,False,False,False,False
gru_negbin,dengue,4,BA,2026-03-01,37,2025-06-15,469.4,548.8,651.6,853.2,1124.2,1448.2,1787.8,2014.0,2224.4,504,273.6011111111111,153.24555555555557,120.35555555555555,0.0,620.2,False,False,False,True
gru_negbin,dengue,4,BA,2026-03-08,38,2025-06-15,544.0,635.2,753.4,984.4,1294.4,1665.0,2053.4,2311.6,2552.0,641,270.3711111111111,169.0822222222222,101.28888888888888,0.0,653.4000000000001,False,False,True,True
gru_negbin,dengue,4,BA,2026-03-15,39,2025-06-15,619.2,722.4,856.2,1117.8,1468.4,1886.8,2325.2,2616.4,2887.4,805,263.6122222222223,182.72333333333333,80.88888888888889,0.0,663.4000000000001,False,False,True,True
gru_negbin,dengue,4,BA,2026-03-22,40,2025-06-15,690.8,805.2,952.8,1241.8,1628.8,2089.8,2572.8,2893.8,3192.2,771,368.1477777777778,215.52555555555557,152.6222222222222,0.0,857.8,False,False,False,True
gru_negbin,dengue,4,BA,2026-03-29,41,2025-06-15,758.6,883.2,1043.4,1356.8,1775.4,2273.2,2793.6,3139.2,3460.0,721,504.3677777777778,247.03444444444443,257.3333333333333,0.0,1054.4,False,False,False,False
gru_negbin,dengue,4,BA,2026-04-05,42,2025-06-15,821.0,953.0,1123.8,1454.8,1895.8,2419.8,2965.8,3327.6,3663.8,958,388.1666666666667,240.9222222222223,147.2444444444444,0.0,937.8,False,False,True,True
gru_negbin,dengue,4,BA,2026-04-12,43,2025-06-15,874.2,1011.8,1188.8,1531.8,1987.2,2525.6,3086.0,3457.4,3801.2,1092,359.51666666666665,240.2722222222222,119.24444444444443,0.0,895.2,False,False,True,True
gru_negbin,dengue,4,BA,2026-04-19,44,2025-06-15,908.4,1049.2,1229.6,1578.8,2040.6,2586.4,3152.8,3527.8,3875.0,1129,366.33666666666664,244.02555555555557,122.31111111111107,0.0,911.5999999999999,False,False,True,True
gru_negbin,dengue,4,BA,2026-04-26,45,2025-06-15,913.2,1053.6,1234.2,1582.0,2042.6,2585.6,3149.4,3522.0,3867.4,1128,368.2655555555555,243.77666666666664,124.4888888888889,0.0,914.5999999999999,False,False,True,True
gru_negbin,dengue,4,BA,2026-05-03,46,2025-06-15,890.2,1027.6,1203.8,1545.0,1996.6,2529.6,3082.4,3448.6,3787.6,1192,309.90999999999997,228.84333333333336,81.06666666666666,0.0,804.5999999999999,False,False,True,True
gru_negbin,dengue,4,BA,2026-05-10,47,2025-06-15,836.6,968.0,1137.2,1465.0,1899.6,2414.2,2949.0,3303.4,3632.2,1266,249.09777777777774,204.87555555555554,44.22222222222222,0.0,633.5999999999999,False,True,True,True
gru_negbin,dengue,4,BA,2026-05-17,48,2025-06-15,759.6,881.8,1039.6,1346.8,1755.6,2241.2,2748.2,3084.0,3396.2,1187,225.46333333333328,189.95222222222222,35.5111111111111,0.0,568.5999999999999,False,True,True,True
gru_negbin,dengue,4,BA,2026-05-24,49,2025-06-15,673.8,784.4,927.0,1205.2,1577.0,2019.6,2482.6,2789.8,3075.2,1025,216.81444444444443,176.76999999999998,40.04444444444445,0.0,552.0,False,True,True,True
gru_negbin,dengue,4,BA,2026-05-31,50,2025-06-15,587.4,682.8,806.6,1047.2,1368.6,1751.2,2151.2,2416.8,2663.6,884,189.9033333333333,153.63666666666666,36.26666666666668,0.0,484.5999999999999,False,True,True,True
gru_negbin,dengue,4,BA,2026-06-07,51,2025-06-15,505.4,586.8,691.2,895.6,1168.2,1492.4,1830.6,2055.4,2264.2,1089,93.36444444444446,93.36444444444446,0.0,0.0,79.20000000000005,True,True,True,True
gru_negbin,dengue,4,BA,2026-06-14,52,2025-06-15,437.8,506.4,595.6,767.8,997.6,1270.2,1554.2,1742.6,1917.6,904,81.57,81.57,0.0,0.0,93.60000000000002,True,True,True,True
gru_negbin,dengue,4,BA,2026-06-21,53,2025-06-15,384.4,443.2,519.0,666.0,860.8,1091.2,1330.6,1489.2,1636.0,809,65.98888888888888,65.98888888888888,0.0,0.0,51.799999999999955,True,True,True,True
gru_negbin,dengue,4,CE,2025-10-05,16,2025-06-15,28.8,33.2,38.0,47.4,59.4,73.2,87.2,95.8,104.2,64,4.152222222222223,4.152222222222223,0.0,0.0,4.600000000000001,True,True,True,True
gru_negbin,dengue,4,CE,2025-10-12,17,2025-06-15,26.2,30.0,35.0,44.0,55.8,69.0,82.8,91.4,99.6,51,4.074444444444444,4.074444444444444,0.0,0.0,4.799999999999997,True,True,True,True
gru_negbin,dengue,4,CE,2025-10-19,18,2025-06-15,24.0,27.6,32.2,41.0,52.6,66.0,79.6,88.2,96.2,51,3.6944444444444446,3.6944444444444446,0.0,0.0,1.6000000000000014,True,True,True,True
gru_negbin,dengue,4,CE,2025-10-26,19,2025-06-15,22.2,25.4,30.0,38.8,50.6,63.6,77.2,86.4,94.8,51,3.552222222222222,3.552222222222222,0.0,0.0,0.3999999999999986,True,True,True,True
gru_negbin,dengue,4,CE,2025-11-02,20,2025-06-15,20.4,24.0,28.6,37.2,48.8,62.4,76.4,85.8,94.2,62,5.025555555555556,5.025555555555556,0.0,0.0,13.200000000000003,True,True,True,True
gru_negbin,dengue,4,CE,2025-11-09,21,2025-06-15,18.4,21.8,26.4,35.0,46.4,60.2,74.2,83.6,92.2,49,3.847777777777778,3.847777777777778,0.0,0.0,2.6000000000000014,True,True,True,True
gru_negbin,dengue,4,CE,2025-11-16,22,2025-06-15,16.8,20.2,24.6,33.2,44.6,58.4,72.4,82.0,91.0,75,11.205555555555554,6.938888888888889,0.0,4.266666666666666,30.4,False,False,True,True
gru_negbin,dengue,4,CE,2025-11-23,23,2025-06-15,15.6,19.0,23.2,31.8,43.4,57.2,71.8,81.6,90.6,71,9.736666666666666,6.67,0.0,3.066666666666666,27.6,False,True,True,True
gru_negbin,dengue,4,CE,2025-11-30,24,2025-06-15,14.4,17.8,22.0,30.8,42.6,56.8,71.8,82.0,91.6,85,18.271111111111114,8.404444444444444,0.0,9.866666666666667,42.4,False,False,False,True
gru_negbin,dengue,4,CE,2025-12-07,25,2025-06-15,14.2,17.6,21.8,30.6,42.6,57.6,73.0,83.8,93.6,75,11.725555555555552,7.414444444444445,0.0,4.311111111111111,32.4,False,False,True,True
gru_negbin,dengue,4,CE,2025-12-14,26,2025-06-15,14.2,17.6,22.4,31.8,44.2,60.4,77.6,88.8,99.2,53,5.056666666666666,5.056666666666666,0.0,0.0,8.799999999999997,True,True,True,True
gru_negbin,dengue,4,CE,2025-12-21,27,2025-06-15,15.8,19.4,24.6,34.8,49.2,66.6,85.4,97.8,109.8,71,7.911111111111111,6.933333333333333,0.0,0.9777777777777791,21.799999999999997,False,True,True,True
gru_negbin,dengue,4,CE,2025-12-28,28,2025-06-15,18.6,23.2,28.8,40.4,56.2,75.8,97.2,111.4,124.6,69,6.477777777777778,6.477777777777778,0.0,0.0,12.799999999999997,True,True,True,True
gru_negbin,dengue,4,CE,2026-01-04,29,2025-06-15,19.2,24.0,29.6,41.4,58.2,78.4,100.4,115.0,128.6,75,7.114444444444443,7.114444444444443,0.0,0.0,16.799999999999997,True,True,True,True
gru_negbin,dengue,4,CE,2026-01-11,30,2025-06-15,24.0,29.4,36.2,50.0,69.6,93.4,118.4,135.0,151.0,66,6.516666666666667,6.516666666666667,0.0,0.0,3.5999999999999943,True,True,True,True
gru_negbin,dengue,4,CE,2026-01-18,31,2025-06-15,30.4,36.8,45.2,61.8,84.4,112.2,141.4,161.2,179.6,56,11.593333333333334,10.304444444444446,1.2888888888888883,0.0,28.400000000000006,False,True,True,True
gru_negbin,dengue,4,CE,2026-01-25,32,2025-06-15,39.6,47.2,57.6,77.8,105.4,138.6,173.8,197.2,219.2,74,12.957777777777778,12.113333333333335,0.8444444444444438,0.0,31.400000000000006,False,True,True,True
gru_negbin,dengue,4,CE,2026-02-01,33,2025-06-15,52.4,62.0,74.8,100.4,134.2,175.2,218.0,246.6,273.2,122,11.971111111111107,11.971111111111107,0.0,0.0,12.199999999999989,True,True,True,True
gru_negbin,dengue,4,CE,2026-02-08,34,2025-06-15,69.6,82.0,98.0,129.6,172.4,223.4,276.6,312.4,345.6,57,59.69555555555556,26.095555555555556,33.599999999999994,0.0,115.4,False,False,False,False
gru_negbin,dengue,4,CE,2026-02-15,35,2025-06-15,92.0,107.8,128.6,168.8,223.0,287.2,355.0,400.0,441.6,101,53.06444444444444,30.353333333333335,22.711111111111112,0.0,122.0,False,False,False,True
gru_negbin,dengue,4,CE,2026-02-22,36,2025-06-15,118.8,139.4,165.2,216.0,283.8,364.8,449.0,505.2,557.2,117,77.69555555555554,39.60666666666667,38.08888888888888,0.0,166.8,False,False,False,False
gru_negbin,dengue,4,CE,2026-03-01,37,2025-06-15,153.0,178.6,211.6,275.8,361.2,462.4,568.2,638.2,703.4,150,98.58888888888887,49.922222222222224,48.666666666666664,0.0,211.2,False,False,False,False
gru_negbin,dengue,4,CE,2026-03-08,38,2025-06-15,196.4,229.2,271.4,352.8,461.6,590.6,725.4,814.6,897.6,144,174.27777777777777,68.98888888888888,105.28888888888888,0.0,317.6,False,False,False,False
gru_negbin,dengue,4,CE,2026-03-15,39,2025-06-15,245.2,285.6,338.6,441.0,578.0,740.8,911.0,1023.8,1128.4,166,231.9066666666667,88.26222222222222,143.64444444444447,0.0,412.0,False,False,False,False
gru_negbin,dengue,4,CE,2026-03-22,40,2025-06-15,292.4,341.6,405.2,530.0,696.0,894.4,1101.6,1239.8,1367.2,201,276.71555555555557,106.6711111111111,170.04444444444445,0.0,495.0,False,False,False,False
gru_negbin,dengue,4,CE,2026-03-29,41,2025-06-15,342.6,401.4,477.6,626.8,827.2,1067.0,1318.2,1485.4,1640.6,197,368.05777777777774,132.41333333333336,235.64444444444447,0.0,630.2,False,False,False,False
gru_negbin,dengue,4,CE,2026-04-05,42,2025-06-15,389.8,458.6,547.8,723.8,960.4,1244.2,1543.0,1742.0,1927.4,241,410.65111111111105,153.76222222222222,256.8888888888889,0.0,719.4,False,False,False,False
gru_negbin,dengue,4,CE,2026-04-12,43,2025-06-15,441.6,520.4,623.2,825.8,1100.0,1429.6,1776.6,2008.2,2224.0,264,479.6088888888888,178.49777777777777,301.1111111111111,0.0,836.0,False,False,False,False
gru_negbin,dengue,4,CE,2026-04-19,44,2025-06-15,482.4,569.6,683.8,908.6,1214.0,1581.8,1969.8,2229.0,2470.6,315,502.9944444444444,195.35,307.64444444444445,0.0,899.0,False,False,False,False
gru_negbin,dengue,4,CE,2026-04-26,45,2025-06-15,506.4,598.6,719.4,958.8,1283.2,1675.4,2090.2,2367.0,2625.4,367,495.7611111111112,203.4944444444444,292.26666666666665,0.0,916.2,False,False,False,False
gru_negbin,dengue,4,CE,2026-05-03,46,2025-06-15,521.4,618.0,744.8,996.0,1338.6,1753.0,2191.4,2484.6,2759.0,575,333.06222222222215,192.21777777777777,140.84444444444443,0.0,763.5999999999999,False,False,False,True
gru_negbin,dengue,4,CE,2026-05-10,47,2025-06-15,518.6,617.2,747.4,1006.0,1360.4,1790.8,2248.0,2554.4,2840.8,661,284.95000000000005,189.08333333333337,95.86666666666666,0.0,699.4000000000001,False,False,True,True
gru_negbin,dengue,4,CE,2026-05-17,48,2025-06-15,498.6,596.0,725.4,983.8,1339.6,1773.8,2236.2,2547.0,2838.0,806,210.9366666666666,171.42555555555552,39.5111111111111,0.0,533.5999999999999,False,True,True,True
gru_negbin,dengue,4,CE,2026-05-24,49,2025-06-15,471.8,566.6,692.4,945.4,1294.8,1723.4,2181.0,2489.2,2778.0,815,192.76555555555555,163.7877777777778,28.977777777777774,0.0,479.79999999999995,False,True,True,True
gru_negbin,dengue,4,CE,2026-05-31,50,2025-06-15,440.2,530.2,650.4,892.2,1228.2,1640.8,2082.2,2379.8,2659.0,793,176.68444444444447,154.64,22.044444444444455,0.0,435.20000000000005,False,True,True,True
gru_negbin,dengue,4,CE,2026-06-07,51,2025-06-15,410.0,494.4,606.8,833.8,1149.0,1536.2,1950.6,2230.4,2492.4,976,118.96444444444445,118.96444444444445,0.0,0.0,173.0,True,True,True,True
gru_negbin,dengue,4,CE,2026-06-14,52,2025-06-15,381.6,460.2,564.6,775.0,1067.0,1425.6,1808.8,2067.2,2309.8,1085,94.3611111111111,94.3611111111111,0.0,0.0,18.0,True,True,True,True
gru_negbin,dengue,4,CE,2026-06-21,53,2025-06-15,356.0,428.2,524.2,717.2,983.8,1310.0,1658.8,1893.4,2113.2,1253,114.10000000000001,114.10000000000001,0.0,0.0,269.20000000000005,True,True,True,True
gru_negbin,dengue,4,DF,2025-10-05,16,2025-06-15,24.8,29.0,34.6,45.0,58.4,74.6,91.2,102.2,112.4,137,50.18,12.935555555555554,0.0,37.24444444444444,78.6,False,False,False,False
gru_negbin,dengue,4,DF,2025-10-12,17,2025-06-15,25.0,29.4,35.0,46.2,60.4,77.6,95.6,107.4,118.4,154,63.09888888888889,14.876666666666665,0.0,48.22222222222222,93.6,False,False,False,False
gru_negbin,dengue,4,DF,2025-10-19,18,2025-06-15,24.8,29.4,35.4,47.0,63.0,81.4,101.2,114.2,126.2,159,62.87888888888889,15.545555555555556,0.0,47.333333333333336,96.0,False,False,False,False
gru_negbin,dengue,4,DF,2025-10-26,19,2025-06-15,24.6,29.6,36.2,48.6,65.8,86.6,108.4,123.0,136.4,169,66.08555555555556,16.84111111111111,0.0,49.24444444444444,103.2,False,False,False,False
gru_negbin,dengue,4,DF,2025-11-02,20,2025-06-15,24.0,29.2,36.2,50.0,68.8,92.0,116.8,133.4,149.2,149,38.17777777777778,14.88888888888889,0.0,23.288888888888888,80.2,False,False,False,True
gru_negbin,dengue,4,DF,2025-11-09,21,2025-06-15,23.0,28.6,36.2,51.2,73.0,99.6,128.4,148.0,166.0,148,30.303333333333335,15.19222222222222,0.0,15.11111111111111,75.0,False,False,True,True
gru_negbin,dengue,4,DF,2025-11-16,22,2025-06-15,21.8,27.6,36.0,53.0,77.6,108.6,142.6,166.0,187.6,136,20.494444444444444,14.405555555555557,0.0,6.08888888888889,58.400000000000006,False,True,True,True
gru_negbin,dengue,4,DF,2025-11-23,23,2025-06-15,21.0,27.4,36.0,54.8,82.6,118.6,158.6,186.4,212.4,107,11.809999999999999,11.809999999999999,0.0,0.0,24.400000000000006,True,True,True,True
gru_negbin,dengue,4,DF,2025-11-30,24,2025-06-15,20.4,27.2,36.6,57.4,89.2,131.0,177.8,210.4,241.8,143,19.13666666666667,16.470000000000002,0.0,2.6666666666666665,53.8,False,True,True,True
gru_negbin,dengue,4,DF,2025-12-07,25,2025-06-15,20.2,27.4,38.0,61.2,97.0,144.8,199.0,237.2,273.4,147,18.00444444444444,17.515555555555554,0.0,0.4888888888888864,50.0,False,True,True,True
gru_negbin,dengue,4,DF,2025-12-14,26,2025-06-15,21.2,29.2,40.6,67.0,108.2,164.0,227.8,272.6,315.6,131,16.422222222222224,16.422222222222224,0.0,0.0,22.799999999999997,True,True,True,True
gru_negbin,dengue,4,DF,2025-12-21,27,2025-06-15,23.6,32.6,45.6,75.8,123.8,188.8,263.6,316.2,367.0,129,16.75888888888889,16.75888888888889,0.0,0.0,5.200000000000003,True,True,True,True
gru_negbin,dengue,4,DF,2025-12-28,28,2025-06-15,27.4,37.8,52.8,87.6,142.4,217.2,302.6,363.0,420.6,127,20.26,20.26,0.0,0.0,15.400000000000006,True,True,True,True
gru_negbin,dengue,4,DF,2026-01-04,29,2025-06-15,28.2,38.6,54.2,89.8,146.6,223.6,312.2,374.6,434.6,116,22.55777777777778,22.55777777777778,0.0,0.0,30.599999999999994,True,True,True,True
gru_negbin,dengue,4,DF,2026-01-11,30,2025-06-15,34.6,47.0,65.8,107.8,174.2,263.8,366.6,439.2,508.6,107,29.986666666666665,29.80888888888889,0.17777777777777715,0.0,67.19999999999999,False,True,True,True
gru_negbin,dengue,4,DF,2026-01-18,31,2025-06-15,43.6,59.2,81.6,132.4,211.2,317.2,439.0,524.0,606.0,88,50.05333333333332,40.18666666666666,9.866666666666667,0.0,123.19999999999999,False,True,True,True
gru_negbin,dengue,4,DF,2026-01-25,32,2025-06-15,56.6,75.6,103.0,164.0,258.2,384.6,528.4,629.0,725.4,107,61.04,48.373333333333335,12.666666666666666,0.0,151.2,False,True,True,True
gru_negbin,dengue,4,DF,2026-02-01,33,2025-06-15,73.2,96.4,129.8,204.0,317.6,467.8,638.0,756.6,870.2,131,74.66777777777777,58.44555555555556,16.22222222222222,0.0,186.60000000000002,False,True,True,True
gru_negbin,dengue,4,DF,2026-02-08,34,2025-06-15,94.4,123.2,164.0,253.2,388.8,567.6,768.6,908.4,1041.6,119,115.62222222222223,74.86666666666666,40.75555555555555,0.0,269.8,False,False,False,True
gru_negbin,dengue,4,DF,2026-02-15,35,2025-06-15,120.6,155.6,205.4,313.6,475.0,686.8,924.0,1088.4,1245.2,140,147.11444444444444,90.53666666666666,56.57777777777778,0.0,335.0,False,False,False,True
gru_negbin,dengue,4,DF,2026-02-22,36,2025-06-15,150.8,193.4,252.6,380.6,571.2,818.6,1094.6,1285.4,1467.2,126,217.1577777777778,111.95777777777778,105.2,0.0,445.20000000000005,False,False,False,False
gru_negbin,dengue,4,DF,2026-03-01,37,2025-06-15,180.2,229.8,299.4,448.2,668.4,953.0,1270.2,1489.0,1696.6,224,189.27777777777777,121.41111111111111,67.86666666666666,0.0,444.4,False,False,False,True
gru_negbin,dengue,4,DF,2026-03-08,38,2025-06-15,214.0,272.0,352.6,525.4,779.8,1107.6,1471.0,1721.4,1959.0,168,304.7522222222222,150.97444444444443,153.77777777777777,0.0,611.8,False,False,False,False
gru_negbin,dengue,4,DF,2026-03-15,39,2025-06-15,251.2,318.4,411.2,609.0,898.2,1269.8,1680.8,1963.0,2231.0,189,358.2855555555555,172.99666666666664,185.2888888888889,0.0,709.2,False,False,False,False
gru_negbin,dengue,4,DF,2026-03-22,40,2025-06-15,290.8,366.8,472.2,695.0,1019.8,1435.4,1893.8,2208.8,2507.4,146,478.3277777777778,202.59444444444446,275.73333333333335,0.0,873.8,False,False,False,False
gru_negbin,dengue,4,DF,2026-03-29,41,2025-06-15,337.6,423.6,542.2,790.8,1151.6,1611.2,2115.8,2461.6,2788.8,132,578.1422222222222,230.0977777777778,348.0444444444444,0.0,1019.5999999999999,False,False,False,False
gru_negbin,dengue,4,DF,2026-04-05,42,2025-06-15,383.6,478.6,609.2,882.6,1277.0,1777.0,2324.6,2699.4,3053.4,171,621.3166666666667,250.2055555555556,371.1111111111111,0.0,1106.0,False,False,False,False
gru_negbin,dengue,4,DF,2026-04-12,43,2025-06-15,424.0,527.0,668.4,962.2,1384.6,1918.4,2502.2,2901.0,3277.2,178,685.6355555555555,270.1688888888889,415.46666666666664,0.0,1206.6,False,False,False,False
gru_negbin,dengue,4,DF,2026-04-19,44,2025-06-15,445.0,552.6,698.6,1003.8,1441.2,1993.4,2596.4,3008.2,3397.0,168,732.9688888888891,282.30222222222227,450.6666666666667,0.0,1273.2,False,False,False,False
gru_negbin,dengue,4,DF,2026-04-26,45,2025-06-15,443.2,550.0,696.4,1000.8,1438.2,1990.8,2595.0,3007.6,3397.2,159,739.5755555555556,283.0422222222222,456.53333333333325,0.0,1279.2,False,False,False,False
gru_negbin,dengue,4,DF,2026-05-03,46,2025-06-15,427.2,530.8,672.8,970.2,1397.8,1939.6,2532.8,2937.6,3320.8,154,717.3177777777778,276.2066666666667,441.1111111111111,0.0,1243.8,False,False,False,False
gru_negbin,dengue,4,DF,2026-05-10,47,2025-06-15,399.6,498.6,634.6,920.4,1333.6,1859.4,2436.4,2831.4,3205.0,126,701.0455555555557,267.89,433.1555555555555,0.0,1207.6,False,False,False,False
gru_negbin,dengue,4,DF,2026-05-17,48,2025-06-15,366.2,458.4,585.8,854.4,1245.8,1745.2,2295.6,2672.6,3030.2,139,629.5977777777778,249.86444444444447,379.73333333333335,0.0,1106.8,False,False,False,False
gru_negbin,dengue,4,DF,2026-05-24,49,2025-06-15,317.4,398.6,510.8,748.6,1096.2,1542.2,2034.8,2373.4,2694.2,123,550.88,221.23555555555558,329.64444444444445,0.0,973.2,False,False,False,False
gru_negbin,dengue,4,DF,2026-05-31,50,2025-06-15,268.4,338.0,434.2,639.0,939.8,1326.8,1755.4,2050.0,2329.6,116,459.71111111111105,189.57777777777778,270.1333333333333,0.0,823.8,False,False,False,False
gru_negbin,dengue,4,DF,2026-06-07,51,2025-06-15,225.6,284.2,365.2,539.0,793.4,1121.8,1485.0,1735.0,1972.6,132,353.46555555555557,156.57666666666668,196.8888888888889,0.0,661.4,False,False,False,False
gru_negbin,dengue,4,DF,2026-06-14,52,2025-06-15,186.8,235.2,303.2,447.4,659.6,932.4,1235.4,1443.0,1640.8,139,264.0244444444445,127.00222222222222,137.0222222222222,0.0,520.6,False,False,False,False
gru_negbin,dengue,4,DF,2026-06-21,53,2025-06-15,152.6,192.8,248.0,365.8,538.4,760.0,1005.6,1174.2,1334.2,111,218.1822222222222,103.69333333333333,114.4888888888889,0.0,427.4,False,False,False,False
gru_negbin,dengue,4,GO,2025-10-05,16,2025-06-15,248.4,280.2,320.4,395.6,492.2,603.6,716.2,789.6,857.6,904,219.3733333333333,75.1511111111111,0.0,144.2222222222222,411.8,False,False,False,False
gru_negbin,dengue,4,GO,2025-10-12,17,2025-06-15,247.6,281.0,323.6,404.0,508.4,628.8,752.4,833.0,907.0,921,202.7255555555556,77.6588888888889,0.0,125.06666666666668,412.6,False,False,False,False
gru_negbin,dengue,4,GO,2025-10-19,18,2025-06-15,246.8,283.0,328.4,415.8,530.2,663.6,801.2,891.6,975.0,772,86.03666666666666,61.94777777777777,0.0,24.088888888888885,241.79999999999995,False,True,True,True
gru_negbin,dengue,4,GO,2025-10-26,19,2025-06-15,244.6,283.2,332.8,428.8,555.8,705.8,861.4,964.6,1060.0,830,97.30333333333334,69.70333333333332,0.0,27.60000000000001,274.20000000000005,False,True,True,True
gru_negbin,dengue,4,GO,2025-11-02,20,2025-06-15,241.6,283.6,337.6,443.6,585.6,755.8,933.6,1052.0,1162.0,785,72.88444444444445,66.39555555555555,0.0,6.488888888888899,199.39999999999998,False,True,True,True
gru_negbin,dengue,4,GO,2025-11-09,21,2025-06-15,239.4,283.8,342.2,458.4,615.6,806.0,1006.8,1141.0,1266.0,964,123.13000000000001,88.0188888888889,0.0,35.111111111111114,348.4,False,True,True,True
gru_negbin,dengue,4,GO,2025-11-16,22,2025-06-15,237.2,284.4,347.8,474.0,647.6,859.2,1084.8,1236.0,1377.8,936,103.79888888888888,86.73222222222222,0.0,17.066666666666656,288.4,False,True,True,True
gru_negbin,dengue,4,GO,2025-11-23,23,2025-06-15,235.2,286.0,354.0,491.8,684.4,921.2,1175.6,1347.4,1508.4,1066,135.55777777777774,103.38000000000001,0.0,32.17777777777777,381.6,False,True,True,True
gru_negbin,dengue,4,GO,2025-11-30,24,2025-06-15,235.4,290.0,363.2,513.6,726.0,990.6,1275.8,1469.4,1651.6,1190,163.6188888888889,119.30777777777777,0.0,44.3111111111111,464.0,False,True,True,True
gru_negbin,dengue,4,GO,2025-12-07,25,2025-06-15,241.8,299.8,378.8,541.0,772.4,1062.6,1377.4,1591.2,1793.2,1200,152.18111111111114,121.64777777777778,0.0,30.533333333333353,427.6,False,True,True,True
gru_negbin,dengue,4,GO,2025-12-14,26,2025-06-15,253.8,316.2,401.0,577.0,828.8,1144.8,1489.2,1724.0,1945.6,1294,165.61222222222221,132.45666666666668,0.0,33.155555555555566,465.20000000000005,False,True,True,True
gru_negbin,dengue,4,GO,2025-12-21,27,2025-06-15,274.6,342.2,434.4,625.6,899.6,1244.6,1620.4,1876.4,2118.0,1179,119.07666666666665,119.07666666666665,0.0,0.0,279.4,True,True,True,True
gru_negbin,dengue,4,GO,2025-12-28,28,2025-06-15,318.0,394.2,497.4,711.0,1014.8,1396.0,1809.4,2091.0,2356.6,1542,188.4122222222222,155.96777777777777,0.0,32.44444444444444,527.2,False,True,True,True
gru_negbin,dengue,4,GO,2026-01-04,29,2025-06-15,314.4,390.0,492.4,705.0,1007.4,1387.2,1799.6,2080.4,2345.0,2068,425.79,214.85666666666663,0.0,210.93333333333334,1060.6,False,False,True,True
gru_negbin,dengue,4,GO,2026-01-11,30,2025-06-15,375.4,461.6,577.8,816.4,1153.2,1573.4,2027.8,2336.2,2626.4,2455,569.5011111111112,252.25666666666666,0.0,317.24444444444447,1301.8,False,False,False,True
gru_negbin,dengue,4,GO,2026-01-18,31,2025-06-15,449.8,548.2,680.0,948.2,1323.2,1787.4,2287.0,2624.8,2942.2,3026,855.6977777777777,308.4533333333333,0.0,547.2444444444444,1702.8,False,False,False,False
gru_negbin,dengue,4,GO,2026-01-25,32,2025-06-15,534.2,645.8,794.0,1093.0,1508.6,2018.8,2565.4,2934.0,3279.4,3236,810.0288888888889,323.40666666666664,0.0,486.62222222222226,1727.4,False,False,False,True
gru_negbin,dengue,4,GO,2026-02-01,33,2025-06-15,629.4,754.4,919.8,1251.0,1706.2,2262.2,2854.2,3251.8,3624.0,3853,1142.0388888888888,382.08333333333326,0.0,759.9555555555556,2146.8,False,False,False,False
gru_negbin,dengue,4,GO,2026-02-08,34,2025-06-15,741.4,881.8,1066.0,1432.4,1931.8,2537.0,3177.8,3607.2,4008.2,3713,758.4155555555556,354.6377777777778,0.0,403.77777777777777,1781.2,False,False,False,True
gru_negbin,dengue,4,GO,2026-02-15,35,2025-06-15,864.6,1021.0,1225.4,1628.0,2173.6,2829.6,3520.8,3982.2,4412.2,4292,970.9533333333335,405.75333333333333,0.0,565.2,2118.4,False,False,False,True
gru_negbin,dengue,4,GO,2026-02-22,36,2025-06-15,971.8,1140.8,1360.4,1790.4,2368.4,3060.4,3785.8,4268.8,4718.0,4511,955.4211111111108,418.0877777777777,0.0,537.3333333333333,2142.6,False,False,False,True
gru_negbin,dengue,4,GO,2026-03-01,37,2025-06-15,1059.8,1237.6,1468.0,1918.0,2518.8,3234.4,3982.6,4479.6,4941.4,5666,1875.3999999999999,536.2888888888888,0.0,1339.111111111111,3147.2,False,False,False,False
gru_negbin,dengue,4,GO,2026-03-08,38,2025-06-15,1131.8,1317.4,1556.8,2021.4,2640.4,3375.4,4141.6,4649.4,5120.8,5807,1863.8677777777775,543.6899999999999,0.0,1320.177777777778,3166.6,False,False,False,False
gru_negbin,dengue,4,GO,2026-03-15,39,2025-06-15,1187.2,1377.2,1622.0,2095.6,2724.4,3468.6,4243.0,4755.8,5231.2,5864,1822.7955555555552,543.3733333333333,0.0,1279.4222222222224,3139.6,False,False,False,False
gru_negbin,dengue,4,GO,2026-03-22,40,2025-06-15,1220.0,1412.2,1659.4,2137.2,2770.4,3518.2,4295.0,4808.8,5285.0,5760,1668.4588888888889,527.7922222222221,0.0,1140.6666666666667,2989.6,False,False,False,False
gru_negbin,dengue,4,GO,2026-03-29,41,2025-06-15,1264.2,1459.4,1710.2,2193.6,2832.2,3585.2,4366.0,4881.6,5359.0,5228,1096.902222222222,463.30222222222227,0.0,633.5999999999999,2395.8,False,False,False,True
gru_negbin,dengue,4,GO,2026-04-05,42,2025-06-15,1306.2,1503.4,1755.6,2240.6,2878.8,3629.0,4404.8,4916.8,5390.2,6065,1866.02,550.6422222222222,0.0,1315.3777777777777,3186.2,False,False,False,False
gru_negbin,dengue,4,GO,2026-04-12,43,2025-06-15,1355.6,1556.2,1812.4,2304.2,2950.0,3707.0,4488.8,5004.2,5480.2,5986,1705.7011111111108,535.9677777777779,0.0,1169.7333333333333,3036.0,False,False,False,False
gru_negbin,dengue,4,GO,2026-04-19,44,2025-06-15,1378.8,1580.8,1838.4,2332.0,2978.8,3736.2,4517.4,5031.8,5507.4,5867,1558.6700000000003,519.7366666666666,0.0,1038.9333333333334,2888.2,False,False,False,False
gru_negbin,dengue,4,GO,2026-04-26,45,2025-06-15,1361.0,1559.8,1813.4,2299.6,2936.8,3682.8,4452.8,4959.4,5428.0,5271,1059.221111111111,455.2211111111112,0.0,604.0,2334.2,False,False,False,True
gru_negbin,dengue,4,GO,2026-05-03,46,2025-06-15,1305.4,1498.2,1744.4,2216.4,2836.2,3563.0,4313.2,4807.6,5264.6,5229,1123.9066666666668,456.5288888888889,0.0,667.3777777777777,2392.8,False,False,False,True
gru_negbin,dengue,4,GO,2026-05-10,47,2025-06-15,1211.8,1393.4,1626.0,2072.6,2660.4,3351.0,4065.4,4536.4,4972.0,4765,935.3766666666666,414.8877777777778,0.0,520.4888888888889,2104.6,False,False,False,True
gru_negbin,dengue,4,GO,2026-05-17,48,2025-06-15,1093.2,1259.8,1474.0,1885.6,2429.0,3069.0,3731.8,4169.8,4575.2,4567,1011.9066666666666,405.1511111111111,0.0,606.7555555555555,2138.0,False,False,False,True
gru_negbin,dengue,4,GO,2026-05-24,49,2025-06-15,958.8,1107.0,1298.0,1666.6,2154.2,2729.8,3327.0,3721.8,4087.8,3932,796.4366666666666,348.1255555555556,0.0,448.311111111111,1777.8000000000002,False,False,False,True
gru_negbin,dengue,4,GO,2026-05-31,50,2025-06-15,821.2,950.4,1115.8,1436.4,1861.2,2363.6,2885.8,3231.4,3552.0,3286,595.7155555555555,289.67111111111103,0.0,306.0444444444444,1424.8,False,False,False,True
gru_negbin,dengue,4,GO,2026-06-07,51,2025-06-15,692.0,801.8,943.0,1216.2,1579.0,2009.0,2456.0,2752.0,3026.8,2909,595.64,260.08444444444444,0.0,335.55555555555554,1330.0,False,False,False,True
gru_negbin,dengue,4,GO,2026-06-14,52,2025-06-15,569.6,659.8,776.6,1003.0,1304.0,1660.6,2032.0,2278.6,2506.8,2762,826.2911111111111,255.17999999999998,0.0,571.1111111111111,1458.0,False,False,False,False
gru_negbin,dengue,4,GO,2026-06-21,53,2025-06-15,480.2,555.2,651.8,839.0,1087.2,1381.2,1687.2,1890.2,2077.8,1991,402.6844444444444,177.26222222222225,0.0,225.4222222222222,903.8,False,False,False,True
gru_negbin,dengue,4,MA,2025-10-05,16,2025-06-15,6.8,8.4,10.8,15.2,21.2,28.4,35.8,41.0,45.6,82,48.0,8.622222222222222,0.0,39.37777777777778,60.8,False,False,False,False
gru_negbin,dengue,4,MA,2025-10-12,17,2025-06-15,6.4,8.2,10.2,14.8,20.8,28.0,35.4,40.6,45.4,66,32.35888888888889,6.892222222222223,0.0,25.466666666666665,45.2,False,False,False,False
gru_negbin,dengue,4,MA,2025-10-19,18,2025-06-15,6.2,7.6,10.0,14.4,20.2,27.6,35.6,40.6,45.8,58,24.399999999999995,6.088888888888889,0.0,18.31111111111111,37.8,False,False,False,False
gru_negbin,dengue,4,MA,2025-10-26,19,2025-06-15,5.6,7.4,9.6,13.8,19.8,27.4,35.6,41.0,45.8,49,15.44111111111111,5.174444444444445,0.0,10.266666666666667,29.2,False,False,False,False
gru_negbin,dengue,4,MA,2025-11-02,20,2025-06-15,5.2,7.0,9.0,13.6,19.8,27.6,35.8,41.6,47.2,56,21.968888888888884,6.013333333333334,0.0,15.955555555555556,36.2,False,False,False,False
gru_negbin,dengue,4,MA,2025-11-09,21,2025-06-15,5.0,6.4,8.6,13.4,19.6,27.8,36.6,42.8,48.4,37,6.134444444444444,4.001111111111111,0.0,2.133333333333333,17.4,False,False,True,True
gru_negbin,dengue,4,MA,2025-11-16,22,2025-06-15,4.8,6.4,8.4,13.0,20.0,28.6,38.2,44.4,50.6,62,26.027777777777775,6.872222222222222,0.0,19.15555555555555,42.0,False,False,False,False
gru_negbin,dengue,4,MA,2025-11-23,23,2025-06-15,4.6,6.0,8.2,13.6,20.2,29.6,40.0,47.2,53.6,63,25.214444444444442,7.0811111111111105,0.0,18.133333333333333,42.8,False,False,False,False
gru_negbin,dengue,4,MA,2025-11-30,24,2025-06-15,4.6,6.0,8.4,13.8,21.4,31.8,42.6,50.6,58.0,47,9.75222222222222,5.3966666666666665,0.0,4.355555555555555,25.6,False,False,True,True
gru_negbin,dengue,4,MA,2025-12-07,25,2025-06-15,4.4,6.2,9.0,14.6,23.4,34.6,47.2,56.0,64.2,83,38.35666666666666,9.467777777777778,0.0,28.88888888888889,59.6,False,False,False,False
gru_negbin,dengue,4,MA,2025-12-14,26,2025-06-15,4.6,6.8,9.4,15.8,25.2,38.0,52.6,62.6,72.4,51,8.945555555555556,6.056666666666667,0.0,2.888888888888889,25.8,False,True,True,True
gru_negbin,dengue,4,MA,2025-12-21,27,2025-06-15,5.0,7.2,10.4,17.6,28.4,43.4,60.0,72.0,83.2,50,7.556666666666668,6.09,0.0,1.466666666666667,21.6,False,True,True,True
gru_negbin,dengue,4,MA,2025-12-28,28,2025-06-15,6.2,8.6,12.4,20.6,33.6,51.2,70.8,84.8,98.0,68,11.909999999999998,8.176666666666668,0.0,3.7333333333333325,34.4,False,True,True,True
gru_negbin,dengue,4,MA,2026-01-04,29,2025-06-15,6.0,8.4,12.0,20.4,33.4,50.6,70.4,84.0,97.2,108,41.455555555555556,12.611111111111109,0.0,28.84444444444445,74.6,False,False,False,False
gru_negbin,dengue,4,MA,2026-01-11,30,2025-06-15,7.6,10.6,15.0,25.0,40.8,61.6,85.2,101.8,118.0,141,60.22,16.353333333333335,0.0,43.86666666666666,100.2,False,False,False,False
gru_negbin,dengue,4,MA,2026-01-18,31,2025-06-15,10.2,13.8,19.6,32.2,51.2,76.8,105.6,125.8,145.0,142,42.64888888888889,16.47111111111111,0.0,26.17777777777778,90.8,False,False,False,True
gru_negbin,dengue,4,MA,2026-01-25,32,2025-06-15,14.0,18.6,25.8,41.4,64.8,95.6,130.6,155.0,178.0,251,127.30000000000001,28.455555555555552,0.0,98.84444444444445,186.2,False,False,False,False
gru_negbin,dengue,4,MA,2026-02-01,33,2025-06-15,19.4,25.0,33.8,52.4,80.2,116.2,156.8,184.8,211.4,300,151.49777777777774,33.54222222222223,0.0,117.95555555555555,219.8,False,False,False,False
gru_negbin,dengue,4,MA,2026-02-08,34,2025-06-15,25.4,32.6,43.0,65.0,97.4,138.8,184.8,216.6,246.8,386,210.81444444444443,42.59222222222222,0.0,168.22222222222223,288.6,False,False,False,False
gru_negbin,dengue,4,MA,2026-02-15,35,2025-06-15,32.6,41.2,53.6,78.8,116.2,163.2,214.8,250.6,284.2,546,342.24,59.75111111111111,0.0,282.4888888888889,429.8,False,False,False,False
gru_negbin,dengue,4,MA,2026-02-22,36,2025-06-15,39.4,49.6,63.2,91.8,132.6,184.0,240.4,278.6,315.0,528,300.18,57.06888888888889,0.0,243.11111111111111,395.4,False,False,False,False
gru_negbin,dengue,4,MA,2026-03-01,37,2025-06-15,45.2,56.2,71.2,102.0,145.6,200.4,260.2,300.6,338.8,640,393.3911111111111,68.94666666666666,0.0,324.4444444444445,494.4,False,False,False,False
gru_negbin,dengue,4,MA,2026-03-08,38,2025-06-15,48.8,60.4,75.8,108.0,153.6,210.4,272.2,314.0,353.4,613,354.9411111111111,65.60777777777778,0.0,289.3333333333333,459.4,False,False,False,False
gru_negbin,dengue,4,MA,2026-03-15,39,2025-06-15,50.6,62.6,78.4,110.8,156.8,213.8,276.0,318.0,358.0,710,448.17,76.12555555555555,0.0,372.0444444444445,553.2,False,False,False,False
gru_negbin,dengue,4,MA,2026-03-22,40,2025-06-15,50.6,62.2,77.6,109.8,155.4,212.0,273.2,314.8,353.6,606,346.8922222222222,64.58111111111111,0.0,282.31111111111113,450.6,False,False,False,False
gru_negbin,dengue,4,MA,2026-03-29,41,2025-06-15,49.8,61.0,76.8,108.6,153.6,210.0,270.8,312.4,351.2,619,362.03444444444443,66.12333333333333,0.0,295.91111111111115,465.4,False,False,False,False
gru_negbin,dengue,4,MA,2026-04-05,42,2025-06-15,49.0,60.4,75.8,107.4,151.6,207.2,266.8,307.4,345.6,724,470.8922222222222,77.78111111111112,0.0,393.1111111111111,572.4,False,False,False,False
gru_negbin,dengue,4,MA,2026-04-12,43,2025-06-15,47.8,58.4,73.6,104.0,147.2,200.6,258.6,297.8,335.0,591,345.7111111111111,63.044444444444444,0.0,282.6666666666667,443.8,False,False,False,False
gru_negbin,dengue,4,MA,2026-04-19,44,2025-06-15,45.0,55.8,70.2,99.2,140.6,192.0,247.6,285.2,320.8,527,292.2011111111111,56.11222222222222,0.0,236.0888888888889,386.4,False,False,False,False
gru_negbin,dengue,4,MA,2026-04-26,45,2025-06-15,41.8,51.8,65.6,93.2,132.6,181.2,234.4,270.4,304.0,520,297.7922222222222,55.57,0.0,242.22222222222223,387.4,False,False,False,False
gru_negbin,dengue,4,MA,2026-05-03,46,2025-06-15,38.6,48.0,60.6,86.4,123.6,169.6,219.4,253.4,285.2,496,287.9366666666667,53.18111111111111,0.0,234.7555555555556,372.4,False,False,False,False
gru_negbin,dengue,4,MA,2026-05-10,47,2025-06-15,35.4,43.6,55.6,79.4,113.8,156.4,202.8,234.2,263.8,477,284.80222222222227,51.291111111111114,0.0,233.5111111111111,363.2,False,False,False,False
gru_negbin,dengue,4,MA,2026-05-17,48,2025-06-15,32.0,39.8,50.6,73.0,104.6,144.2,187.0,216.4,243.8,488,310.6366666666666,52.72555555555555,0.0,257.9111111111111,383.4,False,False,False,False
gru_negbin,dengue,4,MA,2026-05-24,49,2025-06-15,28.2,35.6,45.6,65.4,94.2,130.0,168.8,195.4,220.6,430,269.85999999999996,46.48222222222223,0.0,223.3777777777778,335.8,False,False,False,False
gru_negbin,dengue,4,MA,2026-05-31,50,2025-06-15,25.0,31.2,40.0,58.0,83.4,115.4,150.2,173.6,196.0,442,299.7477777777778,48.01444444444445,0.0,251.73333333333338,358.6,False,False,False,False
gru_negbin,dengue,4,MA,2026-06-07,51,2025-06-15,21.2,26.6,34.6,50.0,72.4,100.4,131.0,151.4,171.2,382,258.0066666666667,41.562222222222225,0.0,216.44444444444446,309.6,False,False,False,False
gru_negbin,dengue,4,MA,2026-06-14,52,2025-06-15,18.2,23.0,29.6,43.4,62.8,86.6,113.2,130.8,147.8,308,200.88666666666666,33.419999999999995,0.0,167.4666666666667,245.2,False,False,False,False
gru_negbin,dengue,4,MA,2026-06-21,53,2025-06-15,16.0,20.0,25.8,37.6,54.2,74.8,97.4,112.8,127.2,233,140.68444444444447,25.173333333333332,0.0,115.5111111111111,178.8,False,False,False,False
gru_negbin,dengue,4,MG,2025-10-05,16,2025-06-15,277.8,310.0,350.4,425.6,521.0,629.8,739.8,810.8,876.4,1015,306.71000000000004,83.77666666666667,0.0,222.93333333333337,494.0,False,False,False,False
gru_negbin,dengue,4,MG,2025-10-12,17,2025-06-15,288.4,323.6,367.8,450.2,556.4,677.6,800.2,880.2,953.6,966,200.38888888888886,77.63333333333334,0.0,122.75555555555553,409.6,False,False,False,False
gru_negbin,dengue,4,MG,2025-10-19,18,2025-06-15,296.4,335.4,384.4,477.0,596.4,734.8,875.8,968.0,1052.8,1022,192.07333333333335,83.76222222222222,0.0,108.31111111111113,425.6,False,False,False,True
gru_negbin,dengue,4,MG,2025-10-26,19,2025-06-15,301.0,344.2,398.8,503.8,640.4,800.4,964.8,1072.6,1172.4,1012,140.79,83.27888888888887,0.0,57.51111111111113,371.6,False,False,True,True
gru_negbin,dengue,4,MG,2025-11-02,20,2025-06-15,300.8,348.8,410.6,530.2,689.0,877.0,1072.4,1201.8,1321.8,1115,158.8122222222222,96.45666666666666,0.0,62.35555555555553,426.0,False,False,True,True
gru_negbin,dengue,4,MG,2025-11-09,21,2025-06-15,302.6,356.8,428.0,568.6,758.6,987.8,1228.6,1390.0,1540.0,1204,156.96777777777777,108.92333333333333,0.0,48.04444444444445,445.4,False,True,True,True
gru_negbin,dengue,4,MG,2025-11-16,22,2025-06-15,302.2,364.8,447.6,615.4,847.8,1133.2,1438.6,1644.4,1837.0,1077,99.0,99.0,0.0,0.0,229.20000000000005,True,True,True,True
gru_negbin,dengue,4,MG,2025-11-23,23,2025-06-15,301.4,373.4,471.0,673.0,960.6,1321.8,1715.2,1982.8,2235.2,1239,123.25222222222222,123.25222222222222,0.0,0.0,278.4,True,True,True,True
gru_negbin,dengue,4,MG,2025-11-30,24,2025-06-15,303.4,385.4,500.2,743.4,1100.0,1557.6,2063.2,2411.0,2740.6,1357,144.56888888888886,144.56888888888886,0.0,0.0,257.0,True,True,True,True
gru_negbin,dengue,4,MG,2025-12-07,25,2025-06-15,316.8,413.0,548.8,845.0,1288.8,1870.0,2520.6,2971.2,3400.8,1364,154.67555555555555,154.67555555555555,0.0,0.0,75.20000000000005,True,True,True,True
gru_negbin,dengue,4,MG,2025-12-14,26,2025-06-15,344.6,459.8,626.2,997.0,1567.2,2326.6,3188.2,3789.2,4364.2,1172,234.03555555555553,234.03555555555553,0.0,0.0,395.20000000000005,True,True,True,True
gru_negbin,dengue,4,MG,2025-12-21,27,2025-06-15,393.0,533.8,741.0,1212.4,1950.0,2946.4,4087.8,4888.0,5656.6,1082,373.75111111111113,344.7733333333333,28.9777777777778,0.0,868.0,False,True,True,True
gru_negbin,dengue,4,MG,2025-12-28,28,2025-06-15,478.6,654.8,915.8,1513.8,2457.0,3738.6,5212.2,6248.4,7244.2,1334,483.5466666666667,443.5911111111111,39.95555555555555,0.0,1123.0,False,True,True,True
gru_negbin,dengue,4,MG,2026-01-04,29,2025-06-15,477.8,655.0,917.6,1520.0,2472.8,3769.6,5261.4,6311.2,7320.6,1392,470.9022222222223,442.45777777777784,28.444444444444443,0.0,1080.8000000000002,False,True,True,True
gru_negbin,dengue,4,MG,2026-01-11,30,2025-06-15,609.6,837.0,1174.6,1950.8,3180.4,4854.8,6783.0,8140.4,9445.2,1475,711.4222222222222,605.688888888889,105.73333333333332,0.0,1705.4,False,True,True,True
gru_negbin,dengue,4,MG,2026-01-18,31,2025-06-15,769.8,1054.8,1477.8,2448.8,3985.6,6076.6,8483.6,10177.2,11805.8,1338,1091.988888888889,814.0777777777778,277.91111111111115,0.0,2647.6,False,False,True,True
gru_negbin,dengue,4,MG,2026-01-25,32,2025-06-15,987.0,1341.0,1861.6,3046.2,4903.4,7414.6,10291.2,12310.0,14248.2,1447,1457.12,1009.608888888889,447.51111111111106,0.0,3456.3999999999996,False,False,True,True
gru_negbin,dengue,4,MG,2026-02-01,33,2025-06-15,1299.2,1742.8,2388.8,3839.4,6085.0,9092.8,12516.4,14910.6,17204.4,1718,1862.8066666666664,1236.8066666666666,626.0,0.0,4367.0,False,False,False,True
gru_negbin,dengue,4,MG,2026-02-08,34,2025-06-15,1657.6,2194.6,2967.6,4683.2,7307.6,10789.8,14729.6,17474.6,20099.2,1707,2545.02,1495.1533333333334,1049.8666666666666,0.0,5600.6,False,False,False,True
gru_negbin,dengue,4,MG,2026-02-15,35,2025-06-15,2059.4,2692.2,3594.6,5573.4,8566.2,12504.0,16933.0,20007.8,22941.8,2008,3026.895555555556,1718.54,1308.3555555555556,0.0,6558.200000000001,False,False,False,False
gru_negbin,dengue,4,MG,2026-02-22,36,2025-06-15,2519.4,3250.8,4283.2,6522.6,9871.6,14240.4,19125.2,22504.8,25723.4,2157,3724.8333333333335,1958.611111111111,1766.2222222222222,0.0,7714.6,False,False,False,False
gru_negbin,dengue,4,MG,2026-03-01,37,2025-06-15,3098.2,3947.2,5133.0,7673.4,11426.6,16277.0,21663.8,25376.8,28904.4,2939,3968.936666666666,2169.8700000000003,1799.0666666666666,0.0,8487.6,False,False,False,False
gru_negbin,dengue,4,MG,2026-03-08,38,2025-06-15,3705.4,4668.0,6001.0,8827.4,12957.8,18251.2,24095.0,28108.6,31914.2,3060,4878.51111111111,2442.5555555555557,2435.9555555555553,0.0,9897.8,False,False,False,False
gru_negbin,dengue,4,MG,2026-03-15,39,2025-06-15,4256.4,5302.4,6738.0,9748.6,14098.0,19621.0,25679.4,29824.0,33744.6,3678,5081.983333333334,2563.45,2518.5333333333333,0.0,10420.0,False,False,False,False
gru_negbin,dengue,4,MG,2026-03-22,40,2025-06-15,4749.0,5863.2,7379.6,10530.4,15037.8,20717.2,26911.0,31134.4,35121.2,3914,5544.623333333333,2685.467777777778,2859.1555555555556,0.0,11123.8,False,False,False,False
gru_negbin,dengue,4,MG,2026-03-29,41,2025-06-15,5105.8,6267.8,7843.4,11098.0,15727.2,21533.0,27843.8,32138.2,36186.6,3418,6550.428888888888,2851.9844444444443,3698.4444444444443,0.0,12309.2,False,False,False,False
gru_negbin,dengue,4,MG,2026-04-05,42,2025-06-15,5418.6,6622.4,8248.6,11592.4,16326.6,22241.0,28651.4,33006.0,37107.4,3972,6441.139999999999,2886.917777777778,3554.222222222222,0.0,12354.6,False,False,False,False
gru_negbin,dengue,4,MG,2026-04-12,43,2025-06-15,5671.2,6885.0,8514.4,11839.4,16508.2,22302.8,28553.0,32785.6,36765.2,3854,6780.7088888888875,2893.1533333333336,3887.5555555555557,0.0,12654.2,False,False,False,False
gru_negbin,dengue,4,MG,2026-04-19,44,2025-06-15,5705.0,6884.6,8459.6,11652.0,16103.0,21594.6,27491.6,31474.6,35213.4,3852,6616.613333333333,2773.68,3842.9333333333334,0.0,12251.0,False,False,False,False
gru_negbin,dengue,4,MG,2026-04-26,45,2025-06-15,5499.4,6609.8,8086.6,11066.0,15199.4,20278.0,25715.8,29381.8,32819.2,3569,6375.225555555557,2600.6033333333335,3774.6222222222227,0.0,11630.4,False,False,False,False
gru_negbin,dengue,4,MG,2026-05-03,46,2025-06-15,5022.0,6020.4,7345.6,10011.6,13699.2,18219.4,23049.8,26302.8,29350.2,3716,5282.643333333334,2274.7322222222224,3007.911111111111,0.0,9983.2,False,False,False,False
gru_negbin,dengue,4,MG,2026-05-10,47,2025-06-15,4413.8,5287.4,6446.0,8775.6,11995.4,15939.6,20152.4,22988.6,25645.0,3596,4292.44,1950.4844444444445,2341.9555555555553,0.0,8399.4,False,False,False,False
gru_negbin,dengue,4,MG,2026-05-17,48,2025-06-15,3742.0,4483.2,5466.8,7444.8,10179.8,13530.8,17111.2,19521.8,21780.2,2816,3876.3388888888894,1682.3833333333332,2193.9555555555553,0.0,7363.799999999999,False,False,False,False
gru_negbin,dengue,4,MG,2026-05-24,49,2025-06-15,3029.8,3625.2,4414.4,6000.0,8189.4,10869.8,13731.4,15657.2,17461.2,2339,3055.5855555555554,1341.4966666666667,1714.0888888888887,0.0,5850.4,False,False,False,False
gru_negbin,dengue,4,MG,2026-05-31,50,2025-06-15,2382.2,2839.4,3443.0,4650.8,6311.6,8336.6,10492.6,11941.2,13296.2,1790,2393.4555555555553,1025.588888888889,1367.8666666666668,0.0,4521.6,False,False,False,False
gru_negbin,dengue,4,MG,2026-06-07,51,2025-06-15,1879.0,2228.6,2688.2,3604.0,4856.0,6376.4,7990.6,9072.8,10084.2,1499,1745.1066666666666,766.4844444444444,978.622222222222,0.0,3357.0,False,False,False,False
gru_negbin,dengue,4,MG,2026-06-14,52,2025-06-15,1473.2,1736.0,2080.2,2762.4,3690.4,4812.2,5998.8,6793.0,7534.0,1435,1055.151111111111,541.4177777777778,513.7333333333333,0.0,2255.4,False,False,False,False
gru_negbin,dengue,4,MG,2026-06-21,53,2025-06-15,1159.6,1357.2,1614.6,2121.8,2807.2,3631.4,4499.4,5078.6,5618.4,1225,705.1377777777778,389.8933333333333,315.24444444444447,0.0,1582.1999999999998,False,False,False,True
gru_negbin,dengue,4,MS,2025-10-05,16,2025-06-15,19.6,25.0,32.8,48.8,72.4,102.4,135.2,157.8,179.2,60,8.993333333333334,8.993333333333334,0.0,0.0,12.400000000000006,True,True,True,True
gru_negbin,dengue,4,MS,2025-10-12,17,2025-06-15,19.6,25.6,33.8,51.4,77.0,110.2,146.8,172.2,196.2,38,15.698888888888888,12.721111111111112,2.9777777777777774,0.0,39.0,False,True,True,True
gru_negbin,dengue,4,MS,2025-10-19,18,2025-06-15,19.6,26.0,35.2,54.6,84.0,122.0,164.8,194.2,222.4,50,14.42,13.39777777777778,1.0222222222222226,0.0,34.0,False,True,True,True
gru_negbin,dengue,4,MS,2025-10-26,19,2025-06-15,19.6,26.4,36.6,58.8,93.0,138.4,189.4,225.2,259.4,54,16.75888888888889,15.692222222222224,1.066666666666666,0.0,39.0,False,True,True,True
gru_negbin,dengue,4,MS,2025-11-02,20,2025-06-15,19.4,26.8,38.2,63.4,103.4,157.8,220.2,263.8,305.8,94,14.55777777777778,14.55777777777778,0.0,0.0,9.400000000000006,True,True,True,True
gru_negbin,dengue,4,MS,2025-11-09,21,2025-06-15,19.0,27.4,39.6,69.0,116.8,182.4,259.2,313.4,365.8,77,20.706666666666667,20.706666666666667,0.0,0.0,39.8,True,True,True,True
gru_negbin,dengue,4,MS,2025-11-16,22,2025-06-15,18.8,27.8,42.0,76.0,132.2,212.2,306.0,373.0,438.0,51,34.175555555555555,28.619999999999997,5.555555555555555,0.0,81.19999999999999,False,True,True,True
gru_negbin,dengue,4,MS,2025-11-23,23,2025-06-15,19.2,29.2,45.2,84.8,151.8,248.8,363.8,446.6,526.8,56,40.693333333333335,34.29333333333333,6.3999999999999995,0.0,95.80000000000001,False,True,True,True
gru_negbin,dengue,4,MS,2025-11-30,24,2025-06-15,21.0,32.4,50.8,97.2,177.8,294.0,433.8,534.0,632.0,51,52.76777777777777,42.50111111111111,10.266666666666667,0.0,126.80000000000001,False,True,True,True
gru_negbin,dengue,4,MS,2025-12-07,25,2025-06-15,24.2,37.6,59.2,114.4,211.2,352.2,522.2,644.6,764.2,46,70.84444444444443,52.71111111111111,18.133333333333336,0.0,165.2,False,False,True,True
gru_negbin,dengue,4,MS,2025-12-14,26,2025-06-15,28.6,44.2,70.2,136.2,251.8,421.2,625.4,772.8,916.6,47,88.93333333333334,63.955555555555556,24.977777777777774,0.0,204.8,False,False,True,True
gru_negbin,dengue,4,MS,2025-12-21,27,2025-06-15,34.8,54.2,85.2,164.8,304.0,507.4,752.2,928.8,1101.4,37,122.0988888888889,79.16555555555554,42.93333333333333,0.0,267.0,False,False,False,True
gru_negbin,dengue,4,MS,2025-12-28,28,2025-06-15,46.0,70.2,109.2,206.8,376.2,621.6,915.8,1127.6,1333.8,58,142.38333333333333,95.22777777777779,47.15555555555555,0.0,318.2,False,False,False,True
gru_negbin,dengue,4,MS,2026-01-04,29,2025-06-15,45.2,69.2,107.6,204.8,373.2,617.6,911.2,1122.2,1327.8,57,141.55,94.75,46.800000000000004,0.0,316.2,False,False,False,True
gru_negbin,dengue,4,MS,2026-01-11,30,2025-06-15,60.8,90.6,139.2,258.4,462.0,754.2,1103.0,1353.0,1596.4,49,195.85333333333335,117.4088888888889,78.44444444444443,0.0,413.0,False,False,False,False
gru_negbin,dengue,4,MS,2026-01-18,31,2025-06-15,82.4,120.6,180.6,326.0,570.2,916.6,1325.8,1618.0,1901.2,72,234.04666666666668,140.35777777777778,93.6888888888889,0.0,498.20000000000005,False,False,False,False
gru_negbin,dengue,4,MS,2026-01-25,32,2025-06-15,110.0,157.8,230.6,405.0,690.8,1090.4,1558.6,1891.4,2213.0,59,317.04555555555555,168.73444444444442,148.31111111111113,0.0,631.8,False,False,False,False
gru_negbin,dengue,4,MS,2026-02-01,33,2025-06-15,142.6,199.8,286.4,488.4,814.4,1263.6,1784.8,2153.2,2508.6,77,372.96888888888884,193.14666666666665,179.8222222222222,0.0,737.4,False,False,False,False
gru_negbin,dengue,4,MS,2026-02-08,34,2025-06-15,177.4,244.0,343.0,570.6,931.4,1422.2,1987.6,2385.6,2768.2,65,457.2022222222222,218.31333333333333,238.88888888888889,0.0,866.4,False,False,False,False
gru_negbin,dengue,4,MS,2026-02-15,35,2025-06-15,212.2,287.4,397.2,646.0,1034.0,1556.6,2153.4,2571.6,2972.6,81,507.06444444444446,236.22,270.84444444444443,0.0,953.0,False,False,False,False
gru_negbin,dengue,4,MS,2026-02-22,36,2025-06-15,244.8,326.4,444.8,708.4,1114.0,1655.0,2267.8,2695.6,3105.4,99,543.2944444444445,248.09444444444443,295.2,0.0,1015.0,False,False,False,False
gru_negbin,dengue,4,MS,2026-03-01,37,2025-06-15,274.2,361.4,486.4,761.4,1179.0,1730.0,2351.0,2782.8,3194.8,185,502.90999999999997,248.8211111111111,254.08888888888885,0.0,994.0,False,False,False,False
gru_negbin,dengue,4,MS,2026-03-08,38,2025-06-15,312.4,406.6,540.2,830.4,1264.8,1832.2,2466.8,2906.0,3324.2,200,547.8611111111112,261.28333333333336,286.5777777777778,0.0,1064.8,False,False,False,False
gru_negbin,dengue,4,MS,2026-03-15,39,2025-06-15,349.6,449.8,590.4,892.2,1338.4,1915.2,2555.8,2997.4,3417.0,204,597.678888888889,271.9011111111111,325.77777777777777,0.0,1134.4,False,False,False,False
gru_negbin,dengue,4,MS,2026-03-22,40,2025-06-15,375.0,478.2,621.6,926.0,1371.4,1942.6,2573.8,3007.0,3418.2,170,660.7533333333333,278.35333333333335,382.4,0.0,1201.4,False,False,False,False
gru_negbin,dengue,4,MS,2026-03-29,41,2025-06-15,383.2,485.6,627.2,925.6,1359.6,1912.8,2521.2,2938.6,3333.6,287,542.78,259.75777777777773,283.02222222222224,0.0,1072.6,False,False,False,False
gru_negbin,dengue,4,MS,2026-04-05,42,2025-06-15,376.6,475.4,611.4,897.2,1311.0,1836.6,2414.0,2808.6,3182.6,314,490.00444444444435,244.5377777777778,245.46666666666664,0.0,997.0,False,False,False,False
gru_negbin,dengue,4,MS,2026-04-12,43,2025-06-15,361.6,456.8,587.4,861.8,1259.8,1765.0,2319.6,2699.2,3058.4,371,403.5466666666667,227.32444444444445,176.22222222222223,0.0,888.8,False,False,False,True
gru_negbin,dengue,4,MS,2026-04-19,44,2025-06-15,342.6,432.2,555.6,815.0,1190.0,1667.4,2190.4,2548.8,2887.6,355,378.0744444444444,214.1188888888889,163.95555555555555,0.0,835.0,False,False,False,True
gru_negbin,dengue,4,MS,2026-04-26,45,2025-06-15,316.0,398.6,512.4,751.0,1096.8,1536.2,2018.0,2347.6,2659.6,338,340.06666666666666,196.06666666666666,144.0,0.0,758.8,False,False,False,True
gru_negbin,dengue,4,MS,2026-05-03,46,2025-06-15,280.6,354.6,456.2,670.6,981.2,1376.8,1811.2,2108.8,2390.2,301,304.66666666666663,176.13333333333333,128.53333333333333,0.0,680.2,False,False,False,True
gru_negbin,dengue,4,MS,2026-05-10,47,2025-06-15,239.8,304.2,393.0,580.4,853.2,1200.8,1584.0,1846.4,2095.0,217,303.37555555555554,159.06444444444446,144.31111111111107,0.0,636.2,False,False,False,False
gru_negbin,dengue,4,MS,2026-05-17,48,2025-06-15,198.0,252.6,327.6,487.2,720.0,1018.6,1348.4,1574.8,1789.2,162,274.9377777777778,137.7377777777778,137.2,0.0,558.0,False,False,False,False
gru_negbin,dengue,4,MS,2026-05-24,49,2025-06-15,156.0,199.8,261.2,392.2,584.6,832.6,1106.8,1295.6,1474.8,215,153.4711111111111,103.82666666666667,49.64444444444444,0.0,369.6,False,False,True,True
gru_negbin,dengue,4,MS,2026-05-31,50,2025-06-15,121.0,156.2,205.8,312.4,470.6,675.2,902.8,1059.4,1208.8,227,97.76777777777777,78.79000000000002,18.977777777777774,0.0,243.60000000000002,False,True,True,True
gru_negbin,dengue,4,MS,2026-06-07,51,2025-06-15,93.0,120.6,159.4,243.4,368.2,529.8,710.2,834.4,952.6,189,72.85777777777778,60.76888888888888,12.08888888888889,0.0,179.2,False,True,True,True
gru_negbin,dengue,4,MS,2026-06-14,52,2025-06-15,70.8,92.2,122.4,187.6,285.0,411.4,553.0,650.0,743.2,184,43.95777777777778,43.157777777777774,0.7999999999999987,0.0,101.0,False,True,True,True
gru_negbin,dengue,4,MS,2026-06-21,53,2025-06-15,53.8,70.2,93.8,144.4,220.6,319.4,430.0,506.2,579.2,132,37.556666666666665,34.80111111111111,2.755555555555557,0.0,88.6,False,True,True,True
gru_negbin,dengue,4,MT,2025-10-05,16,2025-06-15,60.2,68.0,77.8,96.2,119.4,146.0,173.0,190.6,206.8,188,27.34777777777778,14.681111111111111,0.0,12.666666666666666,68.6,False,False,True,True
gru_negbin,dengue,4,MT,2025-10-12,17,2025-06-15,62.8,71.2,82.2,102.4,128.6,158.8,189.6,209.6,228.2,150,10.354444444444445,10.354444444444445,0.0,0.0,21.400000000000006,True,True,True,True
gru_negbin,dengue,4,MT,2025-10-19,18,2025-06-15,65.6,75.2,87.6,110.4,140.4,175.4,211.2,234.8,256.4,150,10.257777777777777,10.257777777777777,0.0,0.0,9.599999999999994,True,True,True,True
gru_negbin,dengue,4,MT,2025-10-26,19,2025-06-15,69.4,80.2,93.8,120.8,156.0,197.2,240.0,268.0,294.4,170,12.385555555555555,12.385555555555555,0.0,0.0,14.0,True,True,True,True
gru_negbin,dengue,4,MT,2025-11-02,20,2025-06-15,72.8,85.2,101.2,132.8,174.4,224.6,276.8,311.2,343.2,184,14.08222222222222,14.08222222222222,0.0,0.0,9.599999999999994,True,True,True,True
gru_negbin,dengue,4,MT,2025-11-09,21,2025-06-15,75.8,90.2,109.0,145.8,196.4,257.0,321.0,363.8,403.6,180,17.572222222222223,17.572222222222223,0.0,0.0,16.400000000000006,True,True,True,True
gru_negbin,dengue,4,MT,2025-11-16,22,2025-06-15,78.8,95.2,117.0,160.4,220.8,294.4,373.0,426.0,475.6,193,22.102222222222224,22.102222222222224,0.0,0.0,27.80000000000001,True,True,True,True
gru_negbin,dengue,4,MT,2025-11-23,23,2025-06-15,81.6,100.2,125.4,176.6,248.8,338.2,435.0,500.8,562.0,226,25.51111111111111,25.51111111111111,0.0,0.0,22.80000000000001,True,True,True,True
gru_negbin,dengue,4,MT,2025-11-30,24,2025-06-15,87.2,108.6,137.6,197.8,283.6,391.8,509.6,590.0,665.4,293,28.649999999999995,28.649999999999995,0.0,0.0,9.399999999999977,True,True,True,True
gru_negbin,dengue,4,MT,2025-12-07,25,2025-06-15,95.6,119.8,153.4,223.4,323.6,450.8,589.6,684.8,774.6,256,39.887777777777785,39.887777777777785,0.0,0.0,67.60000000000002,True,True,True,True
gru_negbin,dengue,4,MT,2025-12-14,26,2025-06-15,110.4,138.8,177.8,259.2,377.2,526.8,690.2,802.2,907.8,259,51.23222222222221,51.18777777777777,0.04444444444444192,0.0,118.19999999999999,False,True,True,True
gru_negbin,dengue,4,MT,2025-12-21,27,2025-06-15,132.4,165.8,211.8,307.8,446.2,620.8,811.8,942.4,1065.4,165,118.08999999999999,75.77888888888889,42.31111111111112,0.0,281.2,False,False,False,True
gru_negbin,dengue,4,MT,2025-12-28,28,2025-06-15,160.6,200.4,254.4,366.6,526.6,728.0,947.0,1096.8,1237.6,193,142.3455555555556,88.47888888888889,53.866666666666674,0.0,333.6,False,False,False,True
gru_negbin,dengue,4,MT,2026-01-04,29,2025-06-15,158.8,198.4,252.2,363.8,523.2,724.6,943.8,1092.8,1233.8,278,97.63444444444444,78.56777777777776,19.06666666666667,0.0,245.20000000000005,False,True,True,True
gru_negbin,dengue,4,MT,2026-01-11,30,2025-06-15,197.8,244.2,306.4,435.2,616.6,843.6,1088.8,1255.6,1412.6,341,109.61777777777779,88.68444444444444,20.93333333333333,0.0,275.6,False,True,True,True
gru_negbin,dengue,4,MT,2026-01-18,31,2025-06-15,243.0,296.2,367.8,513.2,716.6,967.8,1238.0,1420.8,1592.4,363,138.3188888888889,103.87444444444444,34.44444444444446,0.0,353.6,False,False,True,True
gru_negbin,dengue,4,MT,2026-01-25,32,2025-06-15,291.4,351.6,431.2,591.8,814.2,1087.0,1378.8,1575.0,1758.6,362,187.00222222222223,120.5577777777778,66.44444444444443,0.0,452.20000000000005,False,False,True,True
gru_negbin,dengue,4,MT,2026-02-01,33,2025-06-15,341.4,407.2,494.0,667.0,904.2,1192.8,1498.8,1704.2,1896.2,481,165.83333333333334,121.61111111111111,44.22222222222222,0.0,423.20000000000005,False,False,True,True
gru_negbin,dengue,4,MT,2026-02-08,34,2025-06-15,388.8,459.6,551.6,734.2,981.8,1280.4,1595.8,1806.4,2003.0,432,238.4366666666667,138.57,99.86666666666669,0.0,549.8,False,False,False,True
gru_negbin,dengue,4,MT,2026-02-15,35,2025-06-15,429.8,503.4,599.6,787.4,1040.6,1344.2,1662.6,1875.0,2072.4,448,266.1877777777778,144.76555555555555,121.42222222222222,0.0,592.5999999999999,False,False,False,True
gru_negbin,dengue,4,MT,2026-02-22,36,2025-06-15,464.0,539.2,636.8,827.0,1081.0,1383.8,1700.0,1910.2,2105.2,491,262.2444444444444,144.46666666666664,117.77777777777777,0.0,590.0,False,False,False,True
gru_negbin,dengue,4,MT,2026-03-01,37,2025-06-15,488.6,565.0,663.2,853.6,1106.0,1405.2,1716.6,1922.8,2114.0,531,250.68111111111108,142.05888888888887,108.62222222222223,0.0,575.0,False,False,False,True
gru_negbin,dengue,4,MT,2026-03-08,38,2025-06-15,500.8,576.8,674.4,863.0,1112.4,1406.4,1711.8,1913.8,2100.6,536,253.5188888888889,141.03000000000003,112.48888888888888,0.0,576.4000000000001,False,False,False,True
gru_negbin,dengue,4,MT,2026-03-15,39,2025-06-15,512.4,589.2,687.2,876.6,1125.8,1419.6,1724.2,1925.2,2111.2,571,236.36,138.58222222222219,97.7777777777778,0.0,554.8,False,False,False,True
gru_negbin,dengue,4,MT,2026-03-22,40,2025-06-15,533.0,611.8,712.2,905.6,1160.6,1459.8,1769.6,1974.2,2163.0,519,302.34666666666664,149.76888888888888,152.57777777777778,0.0,641.5999999999999,False,False,False,False
gru_negbin,dengue,4,MT,2026-03-29,41,2025-06-15,546.0,626.0,728.0,924.4,1182.4,1486.0,1799.0,2006.0,2197.2,489,349.52888888888884,156.5511111111111,192.97777777777776,0.0,693.4000000000001,False,False,False,False
gru_negbin,dengue,4,MT,2026-04-05,42,2025-06-15,549.2,629.6,732.6,930.4,1190.0,1495.0,1810.6,2018.8,2211.0,515,328.7233333333333,154.98999999999998,173.73333333333335,0.0,675.0,False,False,False,False
gru_negbin,dengue,4,MT,2026-04-12,43,2025-06-15,547.8,628.0,730.4,927.4,1186.6,1490.4,1805.0,2012.2,2204.2,413,428.2733333333333,165.69555555555556,262.5777777777778,0.0,773.5999999999999,False,False,False,False
gru_negbin,dengue,4,MT,2026-04-19,44,2025-06-15,535.4,613.6,713.4,904.8,1157.0,1452.8,1759.0,1960.8,2147.6,433,388.0944444444444,158.05,230.0444444444444,0.0,724.0,False,False,False,False
gru_negbin,dengue,4,MT,2026-04-26,45,2025-06-15,511.0,585.4,680.2,862.4,1101.8,1382.4,1673.0,1864.6,2041.4,453,329.5333333333333,145.75555555555553,183.77777777777777,0.0,648.8,False,False,False,False
gru_negbin,dengue,4,MT,2026-05-03,46,2025-06-15,473.8,543.0,631.6,800.8,1023.8,1285.2,1555.8,1733.8,1898.6,482,246.44,128.79555555555555,117.64444444444445,0.0,541.8,False,False,False,True
gru_negbin,dengue,4,MT,2026-05-10,47,2025-06-15,428.8,492.0,572.4,727.4,931.2,1170.2,1417.6,1580.8,1731.8,404,255.6522222222222,121.29666666666668,134.35555555555553,0.0,527.2,False,False,False,False
gru_negbin,dengue,4,MT,2026-05-17,48,2025-06-15,380.8,437.2,509.4,647.8,830.2,1044.4,1265.6,1411.6,1546.8,352,235.31999999999996,109.27555555555556,126.04444444444441,0.0,478.20000000000005,False,False,False,False
gru_negbin,dengue,4,MT,2026-05-24,49,2025-06-15,330.6,380.0,443.2,564.8,724.8,913.0,1107.4,1236.0,1354.8,334,178.50555555555556,92.72777777777779,85.77777777777777,0.0,390.79999999999995,False,False,False,True
gru_negbin,dengue,4,MT,2026-05-31,50,2025-06-15,282.8,325.6,380.4,486.0,625.0,789.0,958.6,1070.6,1174.4,309,136.91333333333333,78.02444444444444,58.888888888888886,0.0,316.0,False,False,False,True
gru_negbin,dengue,4,MT,2026-06-07,51,2025-06-15,238.6,275.2,322.6,413.2,533.0,674.2,820.6,917.4,1007.0,275,106.97111111111113,65.63777777777779,41.333333333333336,0.0,258.0,False,False,False,True
gru_negbin,dengue,4,MT,2026-06-14,52,2025-06-15,199.0,229.8,269.4,345.6,446.6,565.4,688.8,770.4,846.0,290,60.88777777777778,48.532222222222224,12.355555555555561,0.0,156.60000000000002,False,True,True,True
gru_negbin,dengue,4,MT,2026-06-21,53,2025-06-15,164.4,190.2,222.2,285.0,367.8,465.4,566.8,633.6,695.6,220,56.91333333333333,41.97999999999999,14.93333333333333,0.0,147.8,False,False,True,True
gru_negbin,dengue,4,PA,2025-10-05,16,2025-06-15,40.6,46.0,52.8,65.6,82.4,101.4,120.4,132.8,144.6,144,29.07777777777777,11.877777777777776,0.0,17.199999999999996,61.599999999999994,False,False,False,True
gru_negbin,dengue,4,PA,2025-10-12,17,2025-06-15,40.0,45.2,52.6,66.2,83.4,103.4,123.6,136.8,149.0,173,55.045555555555545,15.223333333333336,0.0,39.82222222222222,89.6,False,False,False,False
gru_negbin,dengue,4,PA,2025-10-19,18,2025-06-15,39.2,45.0,52.2,66.2,84.8,106.0,127.6,141.6,154.8,156,34.40222222222223,13.513333333333332,0.0,20.88888888888889,71.2,False,False,False,False
gru_negbin,dengue,4,PA,2025-10-26,19,2025-06-15,38.4,44.6,52.6,67.4,86.8,109.6,133.4,148.6,163.0,143,21.78777777777778,12.232222222222221,0.0,9.555555555555555,56.2,False,False,True,True
gru_negbin,dengue,4,PA,2025-11-02,20,2025-06-15,38.2,44.6,52.8,68.8,90.2,115.2,141.0,158.4,174.4,140,17.60333333333333,12.092222222222222,0.0,5.51111111111111,49.8,False,True,True,True
gru_negbin,dengue,4,PA,2025-11-09,21,2025-06-15,37.4,44.0,52.8,70.6,93.4,121.2,150.6,169.8,188.0,141,16.907777777777778,12.507777777777779,0.0,4.3999999999999995,47.599999999999994,False,True,True,True
gru_negbin,dengue,4,PA,2025-11-16,22,2025-06-15,36.6,43.6,53.2,72.0,97.6,128.6,161.2,183.2,203.4,119,10.399999999999999,10.399999999999999,0.0,0.0,21.400000000000006,True,True,True,True
gru_negbin,dengue,4,PA,2025-11-23,23,2025-06-15,35.8,43.6,54.0,74.2,102.4,136.8,173.4,198.0,221.2,119,10.721111111111112,10.721111111111112,0.0,0.0,16.599999999999994,True,True,True,True
gru_negbin,dengue,4,PA,2025-11-30,24,2025-06-15,36.4,44.4,55.6,77.8,109.0,147.2,188.2,215.8,242.0,148,14.360000000000001,14.18222222222222,0.0,0.1777777777777803,39.0,False,True,True,True
gru_negbin,dengue,4,PA,2025-12-07,25,2025-06-15,37.8,46.6,58.4,83.0,117.2,159.8,205.6,236.8,266.2,133,12.675555555555555,12.675555555555555,0.0,0.0,15.799999999999997,True,True,True,True
gru_negbin,dengue,4,PA,2025-12-14,26,2025-06-15,40.6,50.4,63.8,91.0,129.6,177.6,229.6,265.2,298.4,142,13.692222222222222,13.692222222222222,0.0,0.0,12.400000000000006,True,True,True,True
gru_negbin,dengue,4,PA,2025-12-21,27,2025-06-15,45.6,56.8,71.6,102.2,145.6,200.0,259.0,299.0,336.8,114,17.417777777777776,17.417777777777776,0.0,0.0,31.599999999999994,True,True,True,True
gru_negbin,dengue,4,PA,2025-12-28,28,2025-06-15,53.8,66.4,83.6,118.4,167.8,229.4,296.0,341.6,384.8,182,17.36111111111111,17.36111111111111,0.0,0.0,14.199999999999989,True,True,True,True
gru_negbin,dengue,4,PA,2026-01-04,29,2025-06-15,52.8,65.4,82.2,116.4,165.4,226.2,292.4,337.2,379.4,167,15.783333333333328,15.783333333333328,0.0,0.0,1.5999999999999943,True,True,True,True
gru_negbin,dengue,4,PA,2026-01-11,30,2025-06-15,65.0,79.4,99.0,138.6,194.8,263.8,338.8,389.6,437.2,178,19.665555555555557,19.665555555555557,0.0,0.0,16.80000000000001,True,True,True,True
gru_negbin,dengue,4,PA,2026-01-18,31,2025-06-15,80.0,97.0,119.6,165.2,228.8,307.4,391.6,448.6,501.6,234,20.77111111111111,20.77111111111111,0.0,0.0,5.199999999999989,True,True,True,True
gru_negbin,dengue,4,PA,2026-01-25,32,2025-06-15,98.2,117.4,143.2,194.0,264.6,350.4,441.6,503.0,560.4,260,22.683333333333337,22.683333333333337,0.0,0.0,4.600000000000023,True,True,True,True
gru_negbin,dengue,4,PA,2026-02-01,33,2025-06-15,116.6,138.2,166.0,222.0,297.2,388.6,484.6,549.0,608.8,306,24.612222222222226,24.612222222222226,0.0,0.0,8.800000000000011,True,True,True,True
gru_negbin,dengue,4,PA,2026-02-08,34,2025-06-15,134.8,157.8,187.8,246.8,326.2,420.6,519.6,585.8,647.0,278,29.985555555555557,29.985555555555557,0.0,0.0,48.19999999999999,True,True,True,True
gru_negbin,dengue,4,PA,2026-02-15,35,2025-06-15,149.0,173.2,204.0,264.4,344.2,438.6,537.2,602.2,662.6,341,25.057777777777783,25.057777777777783,0.0,0.0,3.1999999999999886,True,True,True,True
gru_negbin,dengue,4,PA,2026-02-22,36,2025-06-15,160.2,184.8,215.6,275.6,354.0,446.0,541.4,604.4,662.6,377,26.715555555555554,26.715555555555554,0.0,0.0,23.0,True,True,True,True
gru_negbin,dengue,4,PA,2026-03-01,37,2025-06-15,166.6,190.4,220.8,278.2,353.8,441.4,531.2,590.6,645.0,399,28.09111111111111,28.09111111111111,0.0,0.0,45.19999999999999,True,True,True,True
gru_negbin,dengue,4,PA,2026-03-08,38,2025-06-15,168.2,190.8,220.0,274.6,345.8,427.8,511.6,566.6,617.4,459,41.17333333333333,34.24,0.0,6.933333333333331,113.19999999999999,False,True,True,True
gru_negbin,dengue,4,PA,2026-03-15,39,2025-06-15,163.8,185.2,212.4,263.2,328.8,403.8,480.8,530.6,576.6,496,62.351111111111095,38.48444444444445,0.0,23.86666666666666,167.2,False,False,True,True
gru_negbin,dengue,4,PA,2026-03-22,40,2025-06-15,158.0,178.2,203.0,250.6,311.0,380.4,450.8,497.2,539.0,410,35.95666666666667,29.378888888888884,0.0,6.577777777777783,99.0,False,True,True,True
gru_negbin,dengue,4,PA,2026-03-29,41,2025-06-15,149.2,167.8,191.2,234.8,290.8,354.8,419.2,461.6,500.2,341,22.525555555555556,22.525555555555556,0.0,0.0,50.19999999999999,True,True,True,True
gru_negbin,dengue,4,PA,2026-04-05,42,2025-06-15,140.8,158.4,180.2,221.0,273.2,332.4,393.2,432.6,468.4,406,49.74444444444445,30.54444444444444,0.0,19.200000000000006,132.8,False,False,True,True
gru_negbin,dengue,4,PA,2026-04-12,43,2025-06-15,133.4,150.0,170.2,208.6,257.4,313.0,369.2,405.6,439.2,373,41.78333333333334,27.605555555555558,0.0,14.17777777777778,115.60000000000002,False,False,True,True
gru_negbin,dengue,4,PA,2026-04-19,44,2025-06-15,126.2,141.4,160.6,196.2,241.8,294.0,346.4,380.8,412.2,343,35.94444444444444,25.055555555555557,0.0,10.88888888888889,101.19999999999999,False,True,True,True
gru_negbin,dengue,4,PA,2026-04-26,45,2025-06-15,118.4,132.8,150.4,184.4,227.0,276.0,325.4,357.4,386.8,342,44.097777777777786,25.742222222222225,0.0,18.35555555555556,115.0,False,False,True,True
gru_negbin,dengue,4,PA,2026-05-03,46,2025-06-15,110.8,124.2,140.8,172.2,212.2,257.8,303.4,333.4,360.8,318,40.46000000000001,23.837777777777777,0.0,16.622222222222224,105.80000000000001,False,False,True,True
gru_negbin,dengue,4,PA,2026-05-10,47,2025-06-15,102.4,114.6,130.4,159.2,196.2,237.8,280.2,307.8,333.0,338,69.81222222222222,26.878888888888888,0.0,42.93333333333333,141.8,False,False,False,False
gru_negbin,dengue,4,PA,2026-05-17,48,2025-06-15,93.4,104.8,119.2,145.8,179.6,218.0,257.0,282.4,305.4,329,83.09111111111112,26.824444444444445,0.0,56.26666666666668,149.4,False,False,False,False
gru_negbin,dengue,4,PA,2026-05-24,49,2025-06-15,84.6,95.0,108.0,132.4,162.6,197.6,232.8,255.6,276.6,256,37.846666666666664,19.62444444444445,0.0,18.22222222222222,93.4,False,False,False,True
gru_negbin,dengue,4,PA,2026-05-31,50,2025-06-15,76.6,86.2,97.6,119.2,146.8,178.4,209.8,230.4,249.2,270,69.18777777777777,22.032222222222217,0.0,47.15555555555555,123.19999999999999,False,False,False,False
gru_negbin,dengue,4,PA,2026-06-07,51,2025-06-15,69.6,77.8,88.4,108.0,132.2,160.2,188.0,206.2,222.8,321,140.99111111111108,28.36888888888889,0.0,112.62222222222222,188.8,False,False,False,False
gru_negbin,dengue,4,PA,2026-06-14,52,2025-06-15,64.6,72.2,81.2,98.6,120.6,145.0,170.2,186.0,200.8,316,153.17666666666668,28.287777777777777,0.0,124.88888888888889,195.4,False,False,False,False
gru_negbin,dengue,4,PA,2026-06-21,53,2025-06-15,59.4,66.2,74.4,89.8,109.6,131.4,153.4,167.8,180.2,287,140.0666666666667,25.577777777777776,0.0,114.4888888888889,177.4,False,False,False,False
gru_negbin,dengue,4,PB,2025-10-05,16,2025-06-15,35.4,42.2,50.2,66.4,87.6,113.4,140.0,157.8,174.2,100,8.040000000000001,8.040000000000001,0.0,0.0,12.400000000000006,True,True,True,True
gru_negbin,dengue,4,PB,2025-10-12,17,2025-06-15,33.2,39.0,47.6,63.6,85.0,110.6,137.8,155.8,172.4,131,16.331111111111113,11.797777777777776,0.0,4.533333333333335,46.0,False,True,True,True
gru_negbin,dengue,4,PB,2025-10-19,18,2025-06-15,30.2,36.4,44.4,60.2,81.6,108.0,135.4,153.8,171.0,115,12.03111111111111,10.475555555555555,0.0,1.5555555555555556,33.400000000000006,False,True,True,True
gru_negbin,dengue,4,PB,2025-10-26,19,2025-06-15,28.0,34.0,42.0,58.0,79.4,106.0,134.0,153.2,170.8,110,11.117777777777777,10.228888888888887,0.0,0.8888888888888888,30.599999999999994,False,True,True,True
gru_negbin,dengue,4,PB,2025-11-02,20,2025-06-15,26.0,31.6,39.8,54.8,76.2,102.2,130.2,149.0,166.4,85,7.704444444444444,7.704444444444444,0.0,0.0,8.799999999999997,True,True,True,True
gru_negbin,dengue,4,PB,2025-11-09,21,2025-06-15,23.8,29.6,37.0,51.6,72.4,97.8,125.4,143.4,161.0,98,9.446666666666665,9.40222222222222,0.0,0.04444444444444508,25.599999999999994,False,True,True,True
gru_negbin,dengue,4,PB,2025-11-16,22,2025-06-15,21.6,26.8,34.0,48.6,68.8,93.6,121.0,139.0,156.4,110,14.651111111111113,11.006666666666668,0.0,3.6444444444444457,41.2,False,True,True,True
gru_negbin,dengue,4,PB,2025-11-23,23,2025-06-15,19.6,24.6,31.6,45.6,65.2,90.4,117.0,135.4,152.6,97,11.356666666666666,9.89,0.0,1.4666666666666655,31.799999999999997,False,True,True,True
gru_negbin,dengue,4,PB,2025-11-30,24,2025-06-15,18.4,23.0,29.4,43.4,63.2,87.6,114.4,132.6,150.2,96,11.805555555555555,9.938888888888888,0.0,1.866666666666668,32.8,False,True,True,True
gru_negbin,dengue,4,PB,2025-12-07,25,2025-06-15,16.8,21.4,28.0,41.4,61.2,86.0,113.0,131.6,149.2,92,11.08222222222222,9.748888888888889,0.0,1.3333333333333333,30.799999999999997,False,True,True,True
gru_negbin,dengue,4,PB,2025-12-14,26,2025-06-15,16.0,20.8,27.2,41.0,60.6,86.4,114.2,133.4,151.6,84,9.059999999999999,9.059999999999999,0.0,0.0,23.4,True,True,True,True
gru_negbin,dengue,4,PB,2025-12-21,27,2025-06-15,16.4,21.6,28.4,42.8,63.6,90.8,120.6,141.2,160.8,59,7.357777777777778,7.357777777777778,0.0,0.0,4.600000000000001,True,True,True,True
gru_negbin,dengue,4,PB,2025-12-28,28,2025-06-15,18.4,23.8,31.2,47.2,70.4,100.6,133.8,156.4,178.0,83,9.006666666666666,9.006666666666666,0.0,0.0,12.599999999999994,True,True,True,True
gru_negbin,dengue,4,PB,2026-01-04,29,2025-06-15,18.8,24.2,31.8,47.8,71.8,102.2,136.4,159.4,181.6,70,7.953333333333333,7.953333333333333,0.0,0.0,1.7999999999999972,True,True,True,True
gru_negbin,dengue,4,PB,2026-01-11,30,2025-06-15,21.6,28.0,36.6,54.4,80.8,115.2,153.0,178.8,203.4,73,9.516666666666667,9.516666666666667,0.0,0.0,7.799999999999997,True,True,True,True
gru_negbin,dengue,4,PB,2026-01-18,31,2025-06-15,26.0,33.0,42.8,63.6,94.0,133.0,175.8,205.2,232.8,80,11.42888888888889,11.42888888888889,0.0,0.0,14.0,True,True,True,True
gru_negbin,dengue,4,PB,2026-01-25,32,2025-06-15,31.2,39.4,51.0,75.0,110.0,154.4,203.4,237.2,268.8,71,16.537777777777777,15.648888888888889,0.8888888888888888,0.0,39.0,False,True,True,True
gru_negbin,dengue,4,PB,2026-02-01,33,2025-06-15,38.4,48.4,62.0,90.6,131.8,184.0,241.0,280.2,317.0,87,19.067777777777778,18.26777777777778,0.7999999999999987,0.0,44.80000000000001,False,True,True,True
gru_negbin,dengue,4,PB,2026-02-08,34,2025-06-15,48.2,59.8,76.2,110.2,159.2,220.8,288.4,334.2,378.0,90,27.91888888888889,23.43,4.48888888888889,0.0,69.19999999999999,False,True,True,True
gru_negbin,dengue,4,PB,2026-02-15,35,2025-06-15,59.6,74.0,93.8,135.0,193.8,268.0,348.8,403.8,456.2,139,25.012222222222224,25.012222222222224,0.0,0.0,54.80000000000001,True,True,True,True
gru_negbin,dengue,4,PB,2026-02-22,36,2025-06-15,73.8,91.6,115.6,165.8,237.2,327.8,426.2,493.4,556.8,177,29.738888888888887,29.738888888888887,0.0,0.0,60.19999999999999,True,True,True,True
gru_negbin,dengue,4,PB,2026-03-01,37,2025-06-15,89.8,111.2,140.4,201.2,288.0,397.2,516.6,597.8,674.6,234,33.904444444444444,33.904444444444444,0.0,0.0,54.0,True,True,True,True
gru_negbin,dengue,4,PB,2026-03-08,38,2025-06-15,107.2,132.8,167.8,240.2,343.6,473.6,615.4,712.0,803.4,242,44.50555555555556,44.50555555555556,0.0,0.0,101.60000000000002,True,True,True,True
gru_negbin,dengue,4,PB,2026-03-15,39,2025-06-15,127.2,157.8,199.6,286.2,409.8,566.0,735.6,851.2,960.6,217,76.59,61.21222222222223,15.377777777777775,0.0,192.8,False,True,True,True
gru_negbin,dengue,4,PB,2026-03-22,40,2025-06-15,146.2,181.6,229.6,329.0,471.0,649.0,843.8,976.0,1101.0,165,134.04666666666665,79.55777777777776,54.48888888888889,0.0,306.0,False,False,False,True
gru_negbin,dengue,4,PB,2026-03-29,41,2025-06-15,170.2,210.4,265.2,378.4,539.4,741.6,961.2,1110.6,1251.8,141,198.18888888888887,95.92222222222222,102.26666666666667,0.0,398.4,False,False,False,False
gru_negbin,dengue,4,PB,2026-04-05,42,2025-06-15,199.4,245.2,307.4,434.4,614.2,838.2,1080.8,1245.2,1400.2,179,210.29111111111112,105.75777777777779,104.53333333333333,0.0,435.20000000000005,False,False,False,False
gru_negbin,dengue,4,PB,2026-04-12,43,2025-06-15,229.0,279.4,347.8,486.6,681.6,923.0,1183.8,1360.0,1525.4,167,269.1644444444444,119.20888888888888,149.95555555555555,0.0,514.6,False,False,False,False
gru_negbin,dengue,4,PB,2026-04-19,44,2025-06-15,258.4,314.0,388.4,539.0,749.0,1008.0,1286.2,1474.0,1650.0,168,315.1377777777777,131.18222222222224,183.95555555555555,0.0,581.0,False,False,False,False
gru_negbin,dengue,4,PB,2026-04-26,45,2025-06-15,280.4,340.0,419.2,579.0,801.0,1074.0,1366.2,1563.2,1748.2,165,353.97888888888895,140.95666666666665,213.02222222222224,0.0,636.0,False,False,False,False
gru_negbin,dengue,4,PB,2026-05-03,46,2025-06-15,286.8,347.4,428.0,591.0,816.8,1094.6,1392.0,1592.2,1780.0,160,369.65999999999997,144.50444444444443,225.15555555555557,0.0,656.8,False,False,False,False
gru_negbin,dengue,4,PB,2026-05-10,47,2025-06-15,283.0,343.2,423.6,586.2,812.2,1090.2,1388.6,1589.6,1778.4,192,333.4011111111111,140.51222222222222,192.88888888888889,0.0,620.2,False,False,False,False
gru_negbin,dengue,4,PB,2026-05-17,48,2025-06-15,274.0,333.0,411.6,571.2,792.6,1065.8,1359.2,1557.0,1742.6,232,279.65000000000003,132.58333333333334,147.0666666666667,0.0,560.6,False,False,False,False
gru_negbin,dengue,4,PB,2026-05-24,49,2025-06-15,257.0,312.8,387.2,537.8,748.8,1008.4,1287.0,1475.4,1651.6,247,235.18333333333328,122.56111111111107,112.6222222222222,0.0,501.79999999999995,False,False,False,False
gru_negbin,dengue,4,PB,2026-05-31,50,2025-06-15,240.4,293.0,363.0,505.6,704.2,949.6,1213.6,1391.6,1558.8,248,206.58888888888887,113.78888888888888,92.80000000000001,0.0,456.20000000000005,False,False,False,True
gru_negbin,dengue,4,PB,2026-06-07,51,2025-06-15,221.6,270.6,336.0,469.0,654.8,884.2,1131.2,1298.2,1454.8,298,145.09555555555556,98.6511111111111,46.44444444444444,0.0,356.79999999999995,False,False,True,True
gru_negbin,dengue,4,PB,2026-06-14,52,2025-06-15,203.8,248.8,309.6,432.6,605.2,818.8,1048.6,1204.0,1350.0,369,95.23666666666666,81.10333333333332,14.133333333333338,0.0,236.20000000000005,False,True,True,True
gru_negbin,dengue,4,PB,2026-06-21,53,2025-06-15,190.2,232.2,288.6,403.0,563.4,761.0,974.0,1117.8,1253.4,419,66.9111111111111,66.9111111111111,0.0,0.0,144.39999999999998,True,True,True,True
gru_negbin,dengue,4,PE,2025-10-05,16,2025-06-15,102.6,114.4,129.6,157.6,194.0,235.6,277.4,305.2,330.6,504,238.16,45.44888888888889,0.0,192.7111111111111,310.0,False,False,False,False
gru_negbin,dengue,4,PE,2025-10-12,17,2025-06-15,97.0,109.0,124.4,153.2,190.2,233.4,277.2,306.0,332.6,470,204.83777777777777,42.43777777777778,0.0,162.39999999999998,279.8,False,False,False,False
gru_negbin,dengue,4,PE,2025-10-19,18,2025-06-15,90.4,102.4,117.6,146.6,184.4,228.6,273.8,303.8,331.4,418,156.31444444444443,37.558888888888895,0.0,118.75555555555557,233.6,False,False,False,False
gru_negbin,dengue,4,PE,2025-10-26,19,2025-06-15,82.6,94.2,109.4,138.4,177.0,222.0,269.0,300.0,328.6,383,126.37777777777777,34.733333333333334,0.0,91.64444444444445,206.0,False,False,False,False
gru_negbin,dengue,4,PE,2025-11-02,20,2025-06-15,74.4,85.8,100.6,128.8,167.0,211.4,258.6,289.8,319.0,373,126.43666666666665,34.614444444444445,0.0,91.82222222222222,206.0,False,False,False,False
gru_negbin,dengue,4,PE,2025-11-09,21,2025-06-15,66.8,77.6,91.8,119.6,157.0,201.8,248.8,280.0,309.4,381,144.09666666666666,36.541111111111114,0.0,107.55555555555556,224.0,False,False,False,False
gru_negbin,dengue,4,PE,2025-11-16,22,2025-06-15,59.6,70.0,83.8,110.4,147.0,191.6,238.4,269.8,299.2,290,65.2088888888889,27.386666666666667,0.0,37.82222222222222,143.0,False,False,False,True
gru_negbin,dengue,4,PE,2025-11-23,23,2025-06-15,53.6,63.4,76.8,102.8,138.8,182.4,229.2,260.6,290.0,253,44.98,24.002222222222223,0.0,20.977777777777778,114.19999999999999,False,False,True,True
gru_negbin,dengue,4,PE,2025-11-30,24,2025-06-15,48.4,58.0,70.4,96.2,131.4,174.8,220.8,252.4,282.0,307,96.89999999999999,30.677777777777774,0.0,66.22222222222223,175.6,False,False,False,False
gru_negbin,dengue,4,PE,2025-12-07,25,2025-06-15,44.8,53.8,66.2,91.4,126.6,169.8,216.2,248.0,277.6,194,24.006666666666668,18.628888888888888,0.0,5.3777777777777755,67.4,False,True,True,True
gru_negbin,dengue,4,PE,2025-12-14,26,2025-06-15,42.4,51.4,63.8,89.2,124.4,168.8,216.4,248.8,279.4,202,27.323333333333338,19.94555555555556,0.0,7.3777777777777755,77.6,False,True,True,True
gru_negbin,dengue,4,PE,2025-12-21,27,2025-06-15,41.8,50.8,63.4,89.0,125.4,170.4,219.2,252.4,283.8,144,13.635555555555554,13.635555555555554,0.0,0.0,18.599999999999994,True,True,True,True
gru_negbin,dengue,4,PE,2025-12-28,28,2025-06-15,43.0,53.0,65.6,92.0,129.0,175.4,225.0,259.0,290.8,294,80.35222222222222,30.174444444444436,0.0,50.17777777777778,165.0,False,False,False,False
gru_negbin,dengue,4,PE,2026-01-04,29,2025-06-15,43.2,52.8,65.8,92.2,129.6,176.2,226.2,260.6,292.8,250,46.99333333333333,25.304444444444446,0.0,21.688888888888894,120.4,False,False,True,True
gru_negbin,dengue,4,PE,2026-01-11,30,2025-06-15,46.8,57.2,70.8,98.4,137.8,186.2,238.6,273.6,307.0,215,27.434444444444445,21.034444444444443,0.0,6.400000000000002,77.19999999999999,False,True,True,True
gru_negbin,dengue,4,PE,2026-01-18,31,2025-06-15,53.4,64.6,79.6,110.2,152.4,204.4,260.8,299.0,334.4,264,39.78111111111111,25.825555555555557,0.0,13.955555555555552,111.6,False,False,True,True
gru_negbin,dengue,4,PE,2026-01-25,32,2025-06-15,63.4,76.6,93.4,127.6,175.0,233.2,296.2,337.8,377.4,258,29.753333333333337,24.242222222222225,0.0,5.511111111111114,83.0,False,True,True,True
gru_negbin,dengue,4,PE,2026-02-01,33,2025-06-15,78.2,93.2,113.2,153.6,208.6,275.6,347.2,395.2,440.2,337,45.25555555555555,31.611111111111118,0.0,13.644444444444439,128.4,False,True,True,True
gru_negbin,dengue,4,PE,2026-02-08,34,2025-06-15,97.4,115.8,139.6,187.0,251.6,329.8,413.0,468.8,520.4,369,42.03666666666667,33.32555555555555,0.0,8.711111111111109,117.4,False,True,True,True
gru_negbin,dengue,4,PE,2026-02-15,35,2025-06-15,123.2,145.2,174.2,231.2,308.2,401.2,499.4,564.8,626.0,490,64.06,44.32666666666667,0.0,19.733333333333334,181.8,False,True,True,True
gru_negbin,dengue,4,PE,2026-02-22,36,2025-06-15,152.6,179.6,213.8,282.2,374.0,484.2,599.8,677.4,749.2,413,32.97888888888889,32.97888888888889,0.0,0.0,39.0,True,True,True,True
gru_negbin,dengue,4,PE,2026-03-01,37,2025-06-15,187.8,219.4,260.4,341.4,449.8,579.6,715.8,806.4,890.4,470,36.02333333333334,36.02333333333334,0.0,0.0,20.19999999999999,True,True,True,True
gru_negbin,dengue,4,PE,2026-03-08,38,2025-06-15,222.8,260.0,308.0,401.6,527.4,677.4,834.2,938.6,1035.8,504,41.672222222222224,41.672222222222224,0.0,0.0,23.399999999999977,True,True,True,True
gru_negbin,dengue,4,PE,2026-03-15,39,2025-06-15,258.2,300.8,356.2,464.2,608.0,780.0,960.2,1079.4,1190.6,569,49.13111111111112,49.13111111111112,0.0,0.0,39.0,True,True,True,True
gru_negbin,dengue,4,PE,2026-03-22,40,2025-06-15,291.4,339.6,401.8,523.4,686.2,880.4,1083.6,1218.6,1344.2,567,63.84444444444445,63.84444444444445,0.0,0.0,119.20000000000005,True,True,True,True
gru_negbin,dengue,4,PE,2026-03-29,41,2025-06-15,320.2,372.8,440.6,573.2,750.8,962.4,1183.8,1331.0,1468.0,612,70.58333333333331,70.58333333333331,0.0,0.0,138.79999999999995,True,True,True,True
gru_negbin,dengue,4,PE,2026-04-05,42,2025-06-15,344.0,400.0,471.6,611.8,799.2,1022.8,1256.0,1411.4,1555.6,825,61.099999999999994,61.099999999999994,0.0,0.0,25.799999999999955,True,True,True,True
gru_negbin,dengue,4,PE,2026-04-12,43,2025-06-15,371.0,430.0,506.6,655.4,854.8,1092.0,1340.2,1505.0,1658.0,812,66.63,66.63,0.0,0.0,42.799999999999955,True,True,True,True
gru_negbin,dengue,4,PE,2026-04-19,44,2025-06-15,397.0,459.8,541.4,700.0,912.2,1165.6,1430.6,1606.8,1770.4,891,68.35666666666665,68.35666666666665,0.0,0.0,21.200000000000045,True,True,True,True
gru_negbin,dengue,4,PE,2026-04-26,45,2025-06-15,417.0,483.0,568.6,736.4,961.0,1229.6,1511.0,1698.4,1872.4,971,71.04333333333334,71.04333333333334,0.0,0.0,10.0,True,True,True,True
gru_negbin,dengue,4,PE,2026-05-03,46,2025-06-15,426.0,494.0,582.6,756.0,989.4,1269.2,1563.2,1759.0,1941.6,1074,82.17777777777778,82.17777777777778,0.0,0.0,84.60000000000002,True,True,True,True
gru_negbin,dengue,4,PE,2026-05-10,47,2025-06-15,427.2,496.4,586.6,763.4,1002.2,1289.6,1592.4,1794.2,1982.4,1086,83.95555555555556,83.95555555555556,0.0,0.0,83.79999999999995,True,True,True,True
gru_negbin,dengue,4,PE,2026-05-17,48,2025-06-15,420.2,489.0,579.0,756.6,997.6,1288.2,1595.0,1800.4,1991.6,1157,93.12333333333333,93.12333333333333,0.0,0.0,159.39999999999998,True,True,True,True
gru_negbin,dengue,4,PE,2026-05-24,49,2025-06-15,404.2,471.6,560.4,735.4,974.0,1262.8,1569.0,1774.0,1965.0,1144,93.74444444444445,93.74444444444445,0.0,0.0,170.0,True,True,True,True
gru_negbin,dengue,4,PE,2026-05-31,50,2025-06-15,384.6,449.6,534.8,704.2,935.2,1215.4,1512.8,1712.4,1898.6,1142,95.55333333333334,95.55333333333334,0.0,0.0,206.79999999999995,True,True,True,True
gru_negbin,dengue,4,PE,2026-06-07,51,2025-06-15,364.2,425.8,505.8,664.8,881.0,1143.6,1421.4,1607.4,1781.2,1256,134.59222222222226,109.61444444444444,0.0,24.9777777777778,375.0,False,True,True,True
gru_negbin,dengue,4,PE,2026-06-14,52,2025-06-15,344.8,401.8,476.6,624.8,826.0,1068.6,1325.6,1497.4,1657.4,1111,104.07666666666668,94.65444444444444,0.0,9.422222222222242,285.0,False,True,True,True
gru_negbin,dengue,4,PE,2026-06-21,53,2025-06-15,322.2,375.0,443.8,579.4,762.4,983.4,1216.0,1371.4,1516.0,869,69.15222222222222,69.15222222222222,0.0,0.0,106.60000000000002,True,True,True,True
gru_negbin,dengue,4,PI,2025-10-05,16,2025-06-15,17.4,19.8,22.8,28.4,35.4,43.4,51.6,56.4,61.2,67,17.945555555555558,5.634444444444444,0.0,12.31111111111111,31.6,False,False,False,False
gru_negbin,dengue,4,PI,2025-10-12,17,2025-06-15,16.6,18.8,22.2,27.6,34.6,42.6,50.6,56.0,60.8,65,16.612222222222222,5.501111111111111,0.0,11.11111111111111,30.4,False,False,False,False
gru_negbin,dengue,4,PI,2025-10-19,18,2025-06-15,15.4,18.2,20.8,26.6,34.0,42.4,50.6,56.2,61.2,56,8.883333333333333,4.6611111111111105,0.0,4.222222222222222,22.0,False,False,True,True
gru_negbin,dengue,4,PI,2025-10-26,19,2025-06-15,14.8,17.4,20.2,26.2,33.8,42.2,51.2,56.8,62.2,55,8.323333333333332,4.634444444444445,0.0,3.6888888888888878,21.200000000000003,False,False,True,True
gru_negbin,dengue,4,PI,2025-11-02,20,2025-06-15,14.2,16.8,19.8,26.2,34.2,43.2,52.4,59.0,64.6,57,9.04,4.951111111111111,0.0,4.088888888888889,22.799999999999997,False,False,True,True
gru_negbin,dengue,4,PI,2025-11-09,21,2025-06-15,13.6,16.4,19.8,26.2,35.0,44.8,55.4,62.8,68.8,45,3.802222222222223,3.7577777777777777,0.0,0.04444444444444508,10.0,False,True,True,True
gru_negbin,dengue,4,PI,2025-11-16,22,2025-06-15,13.0,16.2,19.2,26.4,35.8,47.2,58.8,66.8,74.0,51,5.47,4.625555555555556,0.0,0.8444444444444438,15.200000000000003,False,True,True,True
gru_negbin,dengue,4,PI,2025-11-23,23,2025-06-15,12.8,15.6,19.4,27.0,37.2,49.4,63.0,71.4,79.6,47,4.293333333333333,4.293333333333333,0.0,0.0,9.799999999999997,True,True,True,True
gru_negbin,dengue,4,PI,2025-11-30,24,2025-06-15,12.4,15.8,19.8,27.8,39.0,52.8,67.4,77.4,86.6,65,9.143333333333334,6.432222222222221,0.0,2.7111111111111117,26.0,False,True,True,True
gru_negbin,dengue,4,PI,2025-12-07,25,2025-06-15,13.0,16.2,20.8,29.6,42.0,57.8,74.4,85.4,96.4,59,6.145555555555556,5.878888888888889,0.0,0.2666666666666673,17.0,False,True,True,True
gru_negbin,dengue,4,PI,2025-12-14,26,2025-06-15,14.0,17.4,22.4,32.2,46.2,63.6,82.6,95.4,107.6,62,6.224444444444444,6.224444444444444,0.0,0.0,15.799999999999997,True,True,True,True
gru_negbin,dengue,4,PI,2025-12-21,27,2025-06-15,15.8,19.8,25.2,36.4,52.4,72.4,93.8,108.2,122.2,52,5.142222222222222,5.142222222222222,0.0,0.0,0.3999999999999986,True,True,True,True
gru_negbin,dengue,4,PI,2025-12-28,28,2025-06-15,18.8,23.2,29.4,42.0,60.2,82.6,106.8,123.4,138.8,54,6.444444444444445,6.444444444444445,0.0,0.0,6.200000000000003,True,True,True,True
gru_negbin,dengue,4,PI,2026-01-04,29,2025-06-15,18.4,23.0,29.0,41.8,60.0,81.8,106.0,122.6,137.8,96,12.858888888888888,9.703333333333331,0.0,3.1555555555555563,36.0,False,True,True,True
gru_negbin,dengue,4,PI,2026-01-11,30,2025-06-15,22.8,28.2,35.4,50.0,70.8,96.0,123.6,142.2,159.6,83,7.897777777777778,7.897777777777778,0.0,0.0,12.200000000000003,True,True,True,True
gru_negbin,dengue,4,PI,2026-01-18,31,2025-06-15,28.8,35.2,43.8,60.8,84.8,114.4,145.6,167.2,187.0,118,12.074444444444445,11.274444444444446,0.0,0.7999999999999987,33.2,False,True,True,True
gru_negbin,dengue,4,PI,2026-01-25,32,2025-06-15,35.4,43.0,53.0,73.0,101.0,134.8,171.0,195.6,218.4,140,14.256666666666664,13.101111111111111,0.0,1.155555555555553,39.0,False,True,True,True
gru_negbin,dengue,4,PI,2026-02-01,33,2025-06-15,43.2,52.2,64.0,87.4,119.8,159.2,201.2,229.4,255.8,200,28.16555555555556,19.09888888888889,0.0,9.06666666666667,80.2,False,True,True,True
gru_negbin,dengue,4,PI,2026-02-08,34,2025-06-15,52.6,63.2,76.8,104.4,141.8,187.6,236.2,268.8,299.2,243,36.885555555555555,23.063333333333333,0.0,13.822222222222226,101.19999999999999,False,False,True,True
gru_negbin,dengue,4,PI,2026-02-15,35,2025-06-15,63.2,75.6,91.6,123.6,167.0,219.4,275.4,312.4,347.6,257,31.973333333333333,23.61777777777778,0.0,8.355555555555554,90.0,False,True,True,True
gru_negbin,dengue,4,PI,2026-02-22,36,2025-06-15,75.0,89.0,107.4,144.0,193.4,253.0,316.2,358.6,397.6,333,52.50555555555556,30.994444444444444,0.0,21.511111111111113,139.6,False,False,True,True
gru_negbin,dengue,4,PI,2026-03-01,37,2025-06-15,88.4,104.8,126.2,168.4,225.4,294.2,367.0,415.4,460.6,439,95.01444444444445,41.59222222222222,0.0,53.42222222222223,213.6,False,False,False,True
gru_negbin,dengue,4,PI,2026-03-08,38,2025-06-15,104.8,123.8,148.6,197.4,264.0,343.6,427.8,484.4,536.0,536,129.21777777777777,50.95111111111111,0.0,78.26666666666667,272.0,False,False,False,True
gru_negbin,dengue,4,PI,2026-03-15,39,2025-06-15,122.8,144.6,173.4,230.2,306.6,398.6,495.8,560.6,620.8,601,133.95333333333332,56.62,0.0,77.33333333333331,294.4,False,False,False,True
gru_negbin,dengue,4,PI,2026-03-22,40,2025-06-15,139.6,164.4,196.6,260.0,345.6,448.2,556.4,628.6,695.6,659,137.92,61.52000000000001,0.0,76.4,313.4,False,False,False,True
gru_negbin,dengue,4,PI,2026-03-29,41,2025-06-15,158.4,186.0,221.8,292.0,386.6,499.8,618.8,698.0,771.8,637,91.8188888888889,57.28555555555555,0.0,34.53333333333334,250.39999999999998,False,False,True,True
gru_negbin,dengue,4,PI,2026-04-05,42,2025-06-15,174.0,204.0,242.4,318.2,420.0,542.2,669.6,754.6,833.6,937,299.8311111111111,89.16444444444443,0.0,210.66666666666663,517.0,False,False,False,False
gru_negbin,dengue,4,PI,2026-04-12,43,2025-06-15,184.6,216.0,256.4,335.4,441.6,568.0,700.2,788.4,870.2,819,163.86444444444444,74.88666666666667,0.0,88.97777777777777,377.4,False,False,False,True
gru_negbin,dengue,4,PI,2026-04-19,44,2025-06-15,188.2,219.4,260.6,339.8,446.4,573.2,706.0,794.6,876.4,644,70.76777777777778,55.03444444444445,0.0,15.733333333333324,197.60000000000002,False,True,True,True
gru_negbin,dengue,4,PI,2026-04-26,45,2025-06-15,187.2,218.2,258.4,337.0,442.0,567.0,697.6,784.8,865.6,783,137.4688888888889,70.49111111111112,0.0,66.97777777777777,341.0,False,False,True,True
gru_negbin,dengue,4,PI,2026-05-03,46,2025-06-15,181.8,212.0,251.2,327.6,429.4,551.0,678.0,762.8,841.2,901,255.41222222222223,84.0788888888889,0.0,171.33333333333334,471.6,False,False,False,False
gru_negbin,dengue,4,PI,2026-05-10,47,2025-06-15,171.4,200.0,237.2,310.2,407.4,523.8,645.6,726.4,801.6,1089,474.60333333333335,106.02555555555554,0.0,368.5777777777778,681.6,False,False,False,False
gru_negbin,dengue,4,PI,2026-05-17,48,2025-06-15,156.0,182.8,217.6,285.4,376.8,485.8,600.4,676.8,747.6,1096,524.6377777777778,108.32666666666667,0.0,416.31111111111113,719.2,False,False,False,False
gru_negbin,dengue,4,PI,2026-05-24,49,2025-06-15,138.8,163.0,194.6,256.6,340.0,440.6,546.0,616.2,681.6,1204,684.6600000000001,122.08222222222223,0.0,562.5777777777778,864.0,False,False,False,False
gru_negbin,dengue,4,PI,2026-05-31,50,2025-06-15,121.0,142.2,170.2,225.4,299.8,389.8,484.6,547.6,606.4,1092,631.2544444444444,111.34333333333333,0.0,519.911111111111,792.2,False,False,False,False
gru_negbin,dengue,4,PI,2026-06-07,51,2025-06-15,103.4,122.0,146.2,193.8,258.0,335.6,417.8,472.2,523.2,696,298.8477777777777,68.80333333333334,0.0,230.0444444444444,438.0,False,False,False,False
gru_negbin,dengue,4,PI,2026-06-14,52,2025-06-15,88.2,104.0,124.6,165.0,219.8,285.8,355.4,401.8,445.2,609,270.99888888888887,60.376666666666665,0.0,210.6222222222222,389.2,False,False,False,False
gru_negbin,dengue,4,PI,2026-06-21,53,2025-06-15,75.2,88.8,106.2,140.6,186.6,242.2,300.6,339.6,376.0,380,94.04444444444444,35.91111111111111,0.0,58.133333333333326,193.4,False,False,False,False
gru_negbin,dengue,4,PR,2025-10-05,16,2025-06-15,137.0,154.2,175.8,216.2,268.0,327.6,387.6,426.8,463.0,325,22.06888888888889,22.06888888888889,0.0,0.0,57.0,True,True,True,True
gru_negbin,dengue,4,PR,2025-10-12,17,2025-06-15,143.8,162.2,185.6,230.0,287.2,352.6,419.4,463.0,502.8,385,35.41,28.21,0.0,7.199999999999995,97.80000000000001,False,True,True,True
gru_negbin,dengue,4,PR,2025-10-19,18,2025-06-15,151.2,171.8,198.2,247.8,312.0,386.8,463.2,513.0,558.8,384,27.66666666666667,27.66666666666667,0.0,0.0,72.0,True,True,True,True
gru_negbin,dengue,4,PR,2025-10-26,19,2025-06-15,159.6,183.6,213.6,271.0,346.4,434.2,524.6,584.2,639.2,444,36.11555555555556,33.937777777777775,0.0,2.1777777777777803,97.60000000000002,False,True,True,True
gru_negbin,dengue,4,PR,2025-11-02,20,2025-06-15,166.8,193.8,228.6,296.0,385.2,491.0,600.8,673.8,741.2,460,35.94,35.94,0.0,0.0,74.80000000000001,True,True,True,True
gru_negbin,dengue,4,PR,2025-11-09,21,2025-06-15,171.4,202.6,243.4,323.4,431.4,561.4,698.4,789.6,874.6,457,36.60666666666667,36.60666666666667,0.0,0.0,25.600000000000023,True,True,True,True
gru_negbin,dengue,4,PR,2025-11-16,22,2025-06-15,174.2,210.4,258.6,355.6,490.0,654.4,830.0,948.2,1058.8,470,44.63222222222222,44.63222222222222,0.0,0.0,20.0,True,True,True,True
gru_negbin,dengue,4,PR,2025-11-23,23,2025-06-15,175.6,218.2,276.0,395.6,565.6,779.2,1011.2,1169.0,1317.8,580,56.15888888888889,56.15888888888889,0.0,0.0,14.399999999999977,True,True,True,True
gru_negbin,dengue,4,PR,2025-11-30,24,2025-06-15,173.6,223.0,291.4,438.0,653.2,930.6,1238.0,1449.4,1649.8,575,78.9188888888889,78.9188888888889,0.0,0.0,78.20000000000005,True,True,True,True
gru_negbin,dengue,4,PR,2025-12-07,25,2025-06-15,171.4,227.4,307.8,486.2,757.0,1115.6,1519.4,1800.8,2068.8,439,135.73666666666665,125.24777777777778,10.488888888888887,0.0,318.0,False,True,True,True
gru_negbin,dengue,4,PR,2025-12-14,26,2025-06-15,168.8,232.8,327.2,543.0,882.8,1343.6,1872.8,2245.0,2602.2,474,175.45666666666665,160.12333333333333,15.333333333333334,0.0,408.79999999999995,False,True,True,True
gru_negbin,dengue,4,PR,2025-12-21,27,2025-06-15,173.2,246.8,359.0,625.2,1058.2,1660.4,2362.8,2861.2,3342.4,467,249.54000000000002,214.38444444444445,35.155555555555566,0.0,591.2,False,True,True,True
gru_negbin,dengue,4,PR,2025-12-28,28,2025-06-15,188.0,275.4,412.4,745.4,1303.8,2096.0,3032.4,3701.6,4350.6,441,357.96111111111105,290.31666666666666,67.64444444444445,0.0,862.8,False,True,True,True
gru_negbin,dengue,4,PR,2026-01-04,29,2025-06-15,188.4,276.4,413.8,749.8,1312.6,2111.8,3057.0,3732.6,4387.6,364,398.3355555555555,301.5355555555555,96.8,0.0,948.5999999999999,False,False,True,True
gru_negbin,dengue,4,PR,2026-01-11,30,2025-06-15,230.2,340.0,513.2,940.4,1665.4,2702.6,3936.2,4820.4,5679.4,279,620.6444444444444,408.06666666666666,212.57777777777778,0.0,1386.4,False,False,False,True
gru_negbin,dengue,4,PR,2026-01-18,31,2025-06-15,302.0,444.0,667.2,1217.8,2149.8,3481.8,5065.2,6199.0,7300.6,326,829.2033333333334,528.9811111111111,300.22222222222223,0.0,1823.8000000000002,False,False,False,True
gru_negbin,dengue,4,PR,2026-01-25,32,2025-06-15,408.0,595.2,888.4,1607.4,2818.2,4543.2,6589.4,8053.2,9473.8,296,1217.71,703.2655555555555,514.4444444444445,0.0,2522.2,False,False,False,False
gru_negbin,dengue,4,PR,2026-02-01,33,2025-06-15,552.0,797.6,1179.8,2108.8,3662.0,5862.6,8463.8,10321.0,12122.4,326,1652.1066666666666,911.1733333333333,740.9333333333334,0.0,3336.0,False,False,False,False
gru_negbin,dengue,4,PR,2026-02-08,34,2025-06-15,771.8,1094.2,1587.4,2763.2,4691.8,7388.0,10546.8,12791.2,14961.8,356,2211.6088888888885,1146.5866666666666,1065.0222222222224,0.0,4335.8,False,False,False,False
gru_negbin,dengue,4,PR,2026-02-15,35,2025-06-15,1064.0,1477.2,2097.4,3544.0,5866.6,9063.4,12770.0,15389.4,17914.0,378,2884.1933333333336,1401.8377777777778,1482.3555555555554,0.0,5488.6,False,False,False,False
gru_negbin,dengue,4,PR,2026-02-22,36,2025-06-15,1449.6,1972.8,2744.6,4507.6,7283.2,11047.8,15370.0,18407.6,21326.2,409,3709.321111111111,1700.7433333333333,2008.5777777777778,0.0,6874.2,False,False,False,False
gru_negbin,dengue,4,PR,2026-03-01,37,2025-06-15,1868.2,2493.0,3400.0,5430.6,8567.6,12762.4,17532.8,20866.8,24059.6,436,4496.29,1952.3344444444442,2543.9555555555557,0.0,8131.6,False,False,False,False
gru_negbin,dengue,4,PR,2026-03-08,38,2025-06-15,2345.4,3070.6,4105.4,6380.8,9830.6,14379.6,19503.4,23064.4,26463.8,434,5334.811111111111,2186.766666666667,3148.0444444444447,0.0,9396.6,False,False,False,False
gru_negbin,dengue,4,PR,2026-03-15,39,2025-06-15,2878.0,3698.6,4852.2,7344.6,11056.6,15885.2,21272.6,24996.4,28539.8,624,5994.961111111112,2377.761111111111,3617.2,0.0,10432.6,False,False,False,False
gru_negbin,dengue,4,PR,2026-03-22,40,2025-06-15,3456.4,4366.0,5627.8,8308.8,12237.8,17284.4,22865.6,26702.8,30343.2,637,6837.3533333333335,2568.242222222222,4269.111111111111,0.0,11600.8,False,False,False,False
gru_negbin,dengue,4,PR,2026-03-29,41,2025-06-15,3988.8,4972.6,6323.8,9159.4,13263.0,18482.0,24213.4,28137.6,31851.6,628,7605.451111111111,2731.54,4873.9111111111115,0.0,12635.0,False,False,False,False
gru_negbin,dengue,4,PR,2026-04-05,42,2025-06-15,4433.8,5471.4,6884.6,9821.2,14026.4,19330.6,25121.0,29071.2,32801.4,750,8075.415555555556,2828.5266666666666,5246.888888888889,0.0,13276.4,False,False,False,False
gru_negbin,dengue,4,PR,2026-04-12,43,2025-06-15,4723.8,5777.0,7200.6,10133.4,14295.0,19506.2,25164.6,29012.4,32638.8,711,8396.01,2842.4988888888893,5553.511111111111,0.0,13584.0,False,False,False,False
gru_negbin,dengue,4,PR,2026-04-19,44,2025-06-15,4802.2,5829.0,7209.4,10030.8,14003.2,18945.2,24286.0,27907.4,31314.6,697,8319.886666666665,2745.7977777777783,5574.0888888888885,0.0,13306.2,False,False,False,False
gru_negbin,dengue,4,PR,2026-04-26,45,2025-06-15,4655.8,5619.8,6907.4,9522.6,13177.0,17695.4,22555.8,25842.4,28929.2,680,7880.023333333334,2549.8900000000003,5330.133333333333,0.0,12497.0,False,False,False,False
gru_negbin,dengue,4,PR,2026-05-03,46,2025-06-15,4266.2,5135.8,6295.0,8640.4,11905.6,15930.6,20250.2,23165.8,25903.0,648,7118.82,2286.508888888889,4832.311111111111,0.0,11257.6,False,False,False,False
gru_negbin,dengue,4,PR,2026-05-10,47,2025-06-15,3678.6,4420.0,5406.0,7395.6,10156.6,13551.6,17188.0,19640.0,21939.2,445,6202.381111111112,1953.4477777777781,4248.933333333333,0.0,9711.6,False,False,False,False
gru_negbin,dengue,4,PR,2026-05-17,48,2025-06-15,3000.6,3599.6,4395.4,5997.2,8215.2,10935.6,13845.2,15805.8,17642.6,401,4989.297777777779,1569.5644444444445,3419.733333333333,0.0,7814.200000000001,False,False,False,False
gru_negbin,dengue,4,PR,2026-05-24,49,2025-06-15,2346.4,2804.8,3411.4,4628.6,6307.6,8361.6,10553.2,12027.4,13408.4,368,3794.246666666667,1189.9800000000002,2604.2666666666664,0.0,5939.6,False,False,False,False
gru_negbin,dengue,4,PR,2026-05-31,50,2025-06-15,1775.4,2115.6,2565.2,3463.4,4698.6,6204.2,7807.6,8885.0,9892.6,319,2796.4977777777776,875.6977777777778,1920.8000000000002,0.0,4379.6,False,False,False,False
gru_negbin,dengue,4,PR,2026-06-07,51,2025-06-15,1339.2,1590.0,1920.2,2579.0,3481.0,4577.6,5742.0,6523.4,7254.0,268,2053.171111111111,640.6377777777778,1412.5333333333333,0.0,3213.0,False,False,False,False
gru_negbin,dengue,4,PR,2026-06-14,52,2025-06-15,1004.6,1187.8,1428.2,1905.6,2557.0,3346.8,4183.8,4744.6,5268.6,235,1481.6666666666665,462.5111111111112,1019.1555555555557,0.0,2322.0,False,False,False,False
gru_negbin,dengue,4,PR,2026-06-21,53,2025-06-15,753.6,887.6,1063.0,1410.8,1884.0,2456.6,3062.4,3467.6,3846.2,213,1059.1566666666668,334.0455555555556,725.1111111111111,0.0,1671.0,False,False,False,False
gru_negbin,dengue,4,RJ,2025-10-05,16,2025-06-15,90.4,97.8,107.2,123.8,144.0,165.8,187.8,201.6,214.2,137,6.743333333333334,6.743333333333334,0.0,0.0,7.0,True,True,True,True
gru_negbin,dengue,4,RJ,2025-10-12,17,2025-06-15,91.2,99.6,109.2,127.0,149.0,173.0,196.4,211.6,225.2,156,7.260000000000001,7.260000000000001,0.0,0.0,7.0,True,True,True,True
gru_negbin,dengue,4,RJ,2025-10-19,18,2025-06-15,92.0,101.0,111.4,131.0,154.4,180.8,207.2,223.6,239.0,118,14.007777777777779,11.11888888888889,2.888888888888889,0.0,36.400000000000006,False,True,True,True
gru_negbin,dengue,4,RJ,2025-10-26,19,2025-06-15,93.2,102.6,114.4,135.4,161.6,190.8,219.6,238.4,255.6,133,11.537777777777778,11.004444444444443,0.5333333333333345,0.0,28.599999999999994,False,True,True,True
gru_negbin,dengue,4,RJ,2025-11-02,20,2025-06-15,94.4,104.6,117.2,141.0,170.2,203.0,236.4,257.4,276.8,125,17.38222222222222,13.826666666666666,3.5555555555555554,0.0,45.19999999999999,False,True,True,True
gru_negbin,dengue,4,RJ,2025-11-09,21,2025-06-15,95.8,107.0,121.0,147.0,180.2,218.0,256.0,280.6,303.4,128,20.04888888888889,15.826666666666666,4.222222222222222,0.0,52.19999999999999,False,True,True,True
gru_negbin,dengue,4,RJ,2025-11-16,22,2025-06-15,95.8,108.0,123.8,153.4,191.2,234.6,278.8,307.8,334.4,116,29.901111111111113,19.856666666666666,10.044444444444444,0.0,75.19999999999999,False,False,True,True
gru_negbin,dengue,4,RJ,2025-11-23,23,2025-06-15,96.4,110.2,127.6,160.8,204.2,254.8,306.6,340.8,372.2,114,36.738888888888894,23.31666666666667,13.422222222222224,0.0,90.19999999999999,False,False,True,True
gru_negbin,dengue,4,RJ,2025-11-30,24,2025-06-15,98.2,114.0,133.6,171.8,222.4,281.8,343.6,384.6,422.4,137,32.80777777777778,25.074444444444445,7.733333333333336,0.0,85.4,False,True,True,True
gru_negbin,dengue,4,RJ,2025-12-07,25,2025-06-15,103.8,121.2,144.0,188.6,247.6,318.4,392.2,441.4,487.2,109,61.9922222222222,33.81444444444444,28.177777777777777,0.0,138.6,False,False,False,True
gru_negbin,dengue,4,RJ,2025-12-14,26,2025-06-15,112.2,132.2,158.2,208.8,277.4,360.2,446.8,504.6,558.8,89,99.13222222222221,42.376666666666665,56.75555555555555,0.0,188.39999999999998,False,False,False,False
gru_negbin,dengue,4,RJ,2025-12-21,27,2025-06-15,125.6,148.4,177.6,236.2,315.0,410.2,510.8,578.0,640.6,98,114.55000000000001,48.81666666666666,65.73333333333332,0.0,217.0,False,False,False,False
gru_negbin,dengue,4,RJ,2025-12-28,28,2025-06-15,144.0,169.8,203.8,271.0,362.2,472.2,588.0,665.8,738.2,123,121.01666666666668,55.10555555555555,65.91111111111111,0.0,239.2,False,False,False,False
gru_negbin,dengue,4,RJ,2026-01-04,29,2025-06-15,143.6,169.4,203.2,270.4,361.4,471.6,588.0,665.8,738.2,150,94.92555555555553,52.03666666666666,42.888888888888886,0.0,211.39999999999998,False,False,False,True
gru_negbin,dengue,4,RJ,2026-01-11,30,2025-06-15,167.6,197.6,236.8,314.2,418.8,544.8,678.2,766.8,850.0,151,131.86888888888888,62.49111111111111,69.3777777777778,0.0,267.8,False,False,False,False
gru_negbin,dengue,4,RJ,2026-01-18,31,2025-06-15,202.6,237.6,284.0,374.8,497.2,644.6,799.6,903.2,999.2,146,191.73444444444445,77.29,114.44444444444444,0.0,351.2,False,False,False,False
gru_negbin,dengue,4,RJ,2026-01-25,32,2025-06-15,243.8,285.0,338.4,443.0,583.2,751.2,927.0,1043.8,1152.6,146,253.6377777777778,92.26000000000002,161.3777777777778,0.0,437.20000000000005,False,False,False,False
gru_negbin,dengue,4,RJ,2026-02-01,33,2025-06-15,290.4,338.0,399.2,518.6,677.8,866.8,1063.8,1194.8,1316.2,191,277.24333333333334,103.42111111111109,173.8222222222222,0.0,486.79999999999995,False,False,False,False
gru_negbin,dengue,4,RJ,2026-02-08,34,2025-06-15,345.0,399.2,468.6,603.0,781.0,990.8,1209.2,1353.4,1487.2,156,389.2388888888889,124.39444444444446,264.84444444444443,0.0,625.0,False,False,False,False
gru_negbin,dengue,4,RJ,2026-02-15,35,2025-06-15,399.0,458.8,535.4,682.6,876.6,1103.6,1338.2,1493.0,1636.4,274,344.28333333333336,126.55000000000001,217.73333333333332,0.0,602.6,False,False,False,False
gru_negbin,dengue,4,RJ,2026-02-22,36,2025-06-15,455.8,521.4,604.4,763.2,970.4,1212.0,1460.8,1624.2,1775.2,380,312.43666666666667,129.14777777777778,183.2888888888889,0.0,590.4,False,False,False,False
gru_negbin,dengue,4,RJ,2026-03-01,37,2025-06-15,514.8,585.6,675.6,846.2,1067.8,1325.2,1588.6,1761.4,1921.0,332,437.1322222222222,149.53222222222223,287.6,0.0,735.8,False,False,False,False
gru_negbin,dengue,4,RJ,2026-03-08,38,2025-06-15,579.4,656.2,753.2,936.8,1174.0,1448.2,1728.4,1911.8,2080.4,374,478.95000000000005,161.2611111111111,317.68888888888887,0.0,800.0,False,False,False,False
gru_negbin,dengue,4,RJ,2026-03-15,39,2025-06-15,645.6,728.4,832.6,1029.2,1282.0,1573.4,1870.2,2064.0,2242.4,417,521.5133333333333,173.11333333333334,348.40000000000003,0.0,865.0,False,False,False,False
gru_negbin,dengue,4,RJ,2026-03-22,40,2025-06-15,706.6,794.6,905.0,1113.2,1380.0,1686.2,1997.4,2200.6,2386.8,401,615.4877777777779,189.84333333333333,425.64444444444445,0.0,979.0,False,False,False,False
gru_negbin,dengue,4,RJ,2026-03-29,41,2025-06-15,766.8,859.6,976.6,1195.8,1476.2,1797.6,2123.8,2335.8,2530.4,332,761.3266666666666,212.26,549.0666666666667,0.0,1144.2,False,False,False,False
gru_negbin,dengue,4,RJ,2026-04-05,42,2025-06-15,816.0,913.4,1035.8,1264.6,1556.8,1891.0,2230.0,2450.0,2652.2,398,759.1011111111111,217.3677777777778,541.7333333333332,0.0,1158.8,False,False,False,False
gru_negbin,dengue,4,RJ,2026-04-12,43,2025-06-15,842.4,942.2,1067.2,1301.4,1600.2,1941.6,2287.4,2512.6,2718.6,290,901.2877777777779,236.13222222222223,665.1555555555556,0.0,1310.2,False,False,False,False
gru_negbin,dengue,4,RJ,2026-04-19,44,2025-06-15,838.8,937.6,1061.0,1292.4,1587.4,1924.8,2265.8,2488.0,2691.6,269,914.5377777777778,235.91555555555553,678.6222222222223,0.0,1318.4,False,False,False,False
gru_negbin,dengue,4,RJ,2026-04-26,45,2025-06-15,806.6,901.2,1020.0,1242.0,1525.0,1848.8,2176.6,2389.8,2585.4,299,838.4577777777778,222.05777777777777,616.4,0.0,1226.0,False,False,False,False
gru_negbin,dengue,4,RJ,2026-05-03,46,2025-06-15,748.8,836.6,946.6,1153.0,1416.0,1717.2,2022.2,2221.0,2403.2,282,774.0422222222221,205.82,568.2222222222222,0.0,1134.0,False,False,False,False
gru_negbin,dengue,4,RJ,2026-05-10,47,2025-06-15,672.6,751.4,850.4,1035.4,1272.2,1543.6,1818.6,1997.6,2161.8,275,673.7355555555555,182.66888888888886,491.0666666666667,0.0,997.2,False,False,False,False
gru_negbin,dengue,4,RJ,2026-05-17,48,2025-06-15,588.8,657.2,743.2,904.4,1110.8,1347.0,1586.8,1742.6,1885.8,200,629.0455555555554,163.8011111111111,465.2444444444444,0.0,910.8,False,False,False,False
gru_negbin,dengue,4,RJ,2026-05-24,49,2025-06-15,503.8,561.4,634.0,769.8,943.8,1142.6,1344.0,1475.0,1595.6,187,519.2388888888888,136.79444444444442,382.4444444444444,0.0,756.8,False,False,False,False
gru_negbin,dengue,4,RJ,2026-05-31,50,2025-06-15,422.8,470.2,530.0,641.8,783.8,946.4,1110.4,1217.6,1315.4,187,402.01666666666665,109.39444444444445,292.6222222222222,0.0,596.8,False,False,False,False
gru_negbin,dengue,4,RJ,2026-06-07,51,2025-06-15,352.0,390.8,439.2,529.2,643.0,772.8,903.8,988.6,1066.2,206,280.1788888888889,83.02333333333333,197.15555555555557,0.0,437.0,False,False,False,False
gru_negbin,dengue,4,RJ,2026-06-14,52,2025-06-15,299.6,331.2,370.6,443.6,535.8,640.0,744.6,812.2,874.4,166,242.4044444444445,68.8488888888889,173.55555555555557,0.0,369.79999999999995,False,False,False,False
gru_negbin,dengue,4,RJ,2026-06-21,53,2025-06-15,259.8,285.8,318.6,378.6,454.0,538.6,623.6,678.2,728.2,137,212.25111111111113,57.85111111111112,154.39999999999998,0.0,317.0,False,False,False,False
gru_negbin,dengue,4,RN,2025-10-05,16,2025-06-15,37.0,44.0,53.2,70.4,93.6,121.6,150.8,170.0,188.2,159,24.65333333333333,14.520000000000001,0.0,10.133333333333333,65.4,False,False,True,True
gru_negbin,dengue,4,RN,2025-10-12,17,2025-06-15,35.2,42.0,50.4,67.8,91.2,119.4,148.8,168.4,186.8,129,13.633333333333333,11.500000000000002,0.0,2.133333333333332,37.8,False,True,True,True
gru_negbin,dengue,4,RN,2025-10-19,18,2025-06-15,33.0,39.6,48.4,65.8,89.6,118.2,148.6,169.0,188.0,126,13.214444444444446,11.481111111111112,0.0,1.7333333333333327,36.400000000000006,False,True,True,True
gru_negbin,dengue,4,RN,2025-10-26,19,2025-06-15,30.6,37.4,46.2,64.0,88.4,118.2,150.0,171.2,191.6,111,10.21,10.21,0.0,0.0,22.599999999999994,True,True,True,True
gru_negbin,dengue,4,RN,2025-11-02,20,2025-06-15,28.4,34.8,44.0,62.2,87.4,118.8,152.6,175.2,196.6,107,10.229999999999999,10.229999999999999,0.0,0.0,19.599999999999994,True,True,True,True
gru_negbin,dengue,4,RN,2025-11-09,21,2025-06-15,26.0,32.6,41.6,59.8,86.2,118.8,154.6,178.4,201.0,128,15.07,13.025555555555554,0.0,2.044444444444445,41.8,False,True,True,True
gru_negbin,dengue,4,RN,2025-11-16,22,2025-06-15,23.8,30.6,39.0,57.6,84.2,118.0,154.6,179.8,203.4,96,9.89111111111111,9.89111111111111,0.0,0.0,11.799999999999997,True,True,True,True
gru_negbin,dengue,4,RN,2025-11-23,23,2025-06-15,22.0,28.0,37.0,55.4,82.4,117.0,155.2,181.2,206.0,89,9.506666666666666,9.506666666666666,0.0,0.0,6.599999999999994,True,True,True,True
gru_negbin,dengue,4,RN,2025-11-30,24,2025-06-15,20.2,26.6,35.2,54.2,82.0,118.2,158.6,186.2,212.8,88,9.807777777777778,9.807777777777778,0.0,0.0,6.0,True,True,True,True
gru_negbin,dengue,4,RN,2025-12-07,25,2025-06-15,18.8,25.0,34.0,53.4,82.8,121.4,164.8,194.8,223.4,60,12.241111111111111,12.241111111111111,0.0,0.0,22.799999999999997,True,True,True,True
gru_negbin,dengue,4,RN,2025-12-14,26,2025-06-15,18.0,24.2,33.6,53.8,85.4,127.2,174.8,208.0,239.6,79,11.200000000000001,11.200000000000001,0.0,0.0,6.400000000000006,True,True,True,True
gru_negbin,dengue,4,RN,2025-12-21,27,2025-06-15,18.0,24.6,34.4,56.6,91.4,138.8,192.4,230.2,266.6,61,15.121111111111112,15.121111111111112,0.0,0.0,30.400000000000006,True,True,True,True
gru_negbin,dengue,4,RN,2025-12-28,28,2025-06-15,19.2,26.6,37.6,63.2,103.2,158.4,222.2,266.8,310.4,70,17.366666666666667,17.366666666666667,0.0,0.0,33.2,True,True,True,True
gru_negbin,dengue,4,RN,2026-01-04,29,2025-06-15,19.4,27.0,38.2,63.8,105.4,162.2,227.4,273.2,317.6,78,17.107777777777777,17.107777777777777,0.0,0.0,27.400000000000006,True,True,True,True
gru_negbin,dengue,4,RN,2026-01-11,30,2025-06-15,21.8,30.4,43.6,74.2,123.4,191.6,271.0,327.2,381.4,89,20.693333333333335,20.693333333333335,0.0,0.0,34.400000000000006,True,True,True,True
gru_negbin,dengue,4,RN,2026-01-18,31,2025-06-15,25.8,35.8,51.6,88.6,149.4,234.0,333.4,403.6,472.0,88,27.861111111111114,27.72777777777778,0.13333333333333208,0.0,61.400000000000006,False,True,True,True
gru_negbin,dengue,4,RN,2026-01-25,32,2025-06-15,30.8,43.2,62.4,108.2,183.2,288.8,412.4,500.0,585.4,87,41.367777777777775,36.656666666666666,4.711111111111112,0.0,96.19999999999999,False,True,True,True
gru_negbin,dengue,4,RN,2026-02-01,33,2025-06-15,38.0,53.4,76.8,133.4,227.2,358.6,513.8,624.2,731.2,90,57.30444444444444,47.66,9.644444444444446,0.0,137.2,False,True,True,True
gru_negbin,dengue,4,RN,2026-02-08,34,2025-06-15,46.6,65.8,95.0,165.4,282.0,446.4,640.8,779.2,913.6,106,73.2388888888889,60.03888888888889,13.200000000000001,0.0,176.0,False,True,True,True
gru_negbin,dengue,4,RN,2026-02-15,35,2025-06-15,57.2,80.6,116.6,203.6,348.0,552.2,793.2,965.8,1132.8,145,85.7911111111111,72.7688888888889,13.02222222222222,0.0,203.0,False,True,True,True
gru_negbin,dengue,4,RN,2026-02-22,36,2025-06-15,68.8,96.8,140.2,245.0,420.0,668.8,963.0,1173.6,1378.0,164,107.5111111111111,89.5111111111111,18.0,0.0,256.0,False,True,True,True
gru_negbin,dengue,4,RN,2026-03-01,37,2025-06-15,81.2,114.6,166.2,291.4,501.4,801.4,1157.4,1412.4,1660.0,137,154.84,114.03999999999999,40.79999999999999,0.0,364.4,False,False,True,True
gru_negbin,dengue,4,RN,2026-03-08,38,2025-06-15,98.2,138.2,199.2,347.8,595.2,946.2,1362.2,1659.4,1948.0,179,174.51222222222222,132.51222222222222,42.0,0.0,416.20000000000005,False,False,True,True
gru_negbin,dengue,4,RN,2026-03-15,39,2025-06-15,117.8,164.8,237.6,412.0,702.4,1113.0,1598.4,1945.0,2281.0,119,267.44888888888886,165.80444444444444,101.64444444444445,0.0,583.4,False,False,False,True
gru_negbin,dengue,4,RN,2026-03-22,40,2025-06-15,139.4,194.8,279.4,481.4,815.4,1286.8,1842.6,2239.2,2623.6,157,296.84333333333336,189.15444444444444,107.68888888888888,0.0,658.4,False,False,False,True
gru_negbin,dengue,4,RN,2026-03-29,41,2025-06-15,171.0,235.8,333.4,563.2,937.8,1459.2,2069.2,2502.6,2921.4,125,397.66222222222217,219.12888888888887,178.53333333333336,0.0,812.8,False,False,False,False
gru_negbin,dengue,4,RN,2026-04-05,42,2025-06-15,205.8,280.0,390.4,645.4,1051.8,1609.8,2255.4,2711.0,3149.8,169,424.3888888888889,236.4777777777778,187.9111111111111,0.0,882.8,False,False,False,False
gru_negbin,dengue,4,RN,2026-04-12,43,2025-06-15,242.0,325.4,447.8,726.0,1162.0,1751.6,2427.8,2902.8,3358.8,143,519.9755555555555,260.15333333333336,259.8222222222222,0.0,1019.0,False,False,False,False
gru_negbin,dengue,4,RN,2026-04-19,44,2025-06-15,274.2,365.8,498.2,794.4,1252.0,1864.0,2560.0,3046.6,3512.4,188,533.5944444444444,271.2388888888889,262.35555555555555,0.0,1064.0,False,False,False,False
gru_negbin,dengue,4,RN,2026-04-26,45,2025-06-15,300.6,398.0,537.4,846.8,1319.2,1945.4,2653.4,3146.2,3617.6,253,513.4411111111111,275.48555555555555,237.95555555555555,0.0,1066.2,False,False,False,False
gru_negbin,dengue,4,RN,2026-05-03,46,2025-06-15,318.4,418.6,561.8,876.2,1352.6,1980.4,2686.6,3177.4,3646.0,221,570.3244444444445,283.43555555555554,286.8888888888889,0.0,1131.6,False,False,False,False
gru_negbin,dengue,4,RN,2026-05-10,47,2025-06-15,322.4,422.0,563.2,872.2,1338.4,1949.8,2636.2,3112.2,3566.0,234,552.9555555555557,276.5555555555556,276.40000000000003,0.0,1104.4,False,False,False,False
gru_negbin,dengue,4,RN,2026-05-17,48,2025-06-15,315.8,412.0,549.0,847.6,1296.6,1884.4,2543.2,2999.6,3435.0,257,507.15111111111116,263.50666666666666,243.64444444444442,0.0,1039.6,False,False,False,False
gru_negbin,dengue,4,RN,2026-05-24,49,2025-06-15,299.4,390.8,521.0,805.4,1233.2,1793.2,2420.8,2856.0,3270.8,287,439.15,246.1277777777778,193.02222222222224,0.0,946.2,False,False,False,False
gru_negbin,dengue,4,RN,2026-05-31,50,2025-06-15,271.0,355.0,473.8,734.2,1126.2,1640.2,2217.0,2616.6,2998.0,323,350.59444444444443,218.59444444444443,132.0,0.0,803.2,False,False,False,True
gru_negbin,dengue,4,RN,2026-06-07,51,2025-06-15,237.6,312.4,418.4,651.8,1004.2,1467.4,1988.4,2349.8,2694.6,448,223.57666666666668,178.2877777777778,45.28888888888888,0.0,556.2,False,True,True,True
gru_negbin,dengue,4,RN,2026-06-14,52,2025-06-15,207.2,273.2,367.2,574.0,888.2,1301.8,1767.8,2091.4,2400.2,468,174.1877777777778,150.63222222222223,23.555555555555557,0.0,420.20000000000005,False,True,True,True
gru_negbin,dengue,4,RN,2026-06-21,53,2025-06-15,183.4,241.6,325.0,508.2,786.4,1153.0,1565.8,1853.0,2127.2,389,162.74333333333334,136.25444444444443,26.488888888888887,0.0,397.4,False,True,True,True
gru_negbin,dengue,4,RO,2025-10-05,16,2025-06-15,7.0,9.0,12.0,18.4,27.4,38.8,51.6,60.4,68.0,21,3.6344444444444446,3.6344444444444446,0.0,0.0,6.399999999999999,True,True,True,True
gru_negbin,dengue,4,RO,2025-10-12,17,2025-06-15,7.2,9.4,12.8,19.6,29.8,42.6,57.0,66.8,75.8,22,4.145555555555555,4.145555555555555,0.0,0.0,7.800000000000001,True,True,True,True
gru_negbin,dengue,4,RO,2025-10-19,18,2025-06-15,7.6,9.8,13.6,21.6,33.0,48.2,64.6,76.2,86.8,21,5.255555555555556,5.122222222222223,0.13333333333333364,0.0,12.0,False,True,True,True
gru_negbin,dengue,4,RO,2025-10-26,19,2025-06-15,8.2,11.0,15.0,23.8,36.8,54.4,73.6,86.8,99.4,16,8.395555555555555,6.662222222222222,1.7333333333333334,0.0,20.799999999999997,False,True,True,True
gru_negbin,dengue,4,RO,2025-11-02,20,2025-06-15,8.4,11.6,16.2,26.0,41.6,61.4,84.4,100.2,115.6,18,9.462222222222222,7.684444444444444,1.7777777777777777,0.0,23.6,False,True,True,True
gru_negbin,dengue,4,RO,2025-11-09,21,2025-06-15,8.8,12.4,17.6,28.8,46.8,70.6,97.6,116.4,134.6,13,14.243333333333332,9.71,4.533333333333334,0.0,33.8,False,False,True,True
gru_negbin,dengue,4,RO,2025-11-16,22,2025-06-15,9.2,13.2,19.2,32.2,53.0,81.4,113.4,136.2,158.2,18,14.332222222222223,10.91,3.4222222222222225,0.0,35.0,False,False,True,True
gru_negbin,dengue,4,RO,2025-11-23,23,2025-06-15,9.8,14.2,20.6,36.0,60.4,93.8,132.4,159.6,186.2,33,12.002222222222223,11.335555555555555,0.6666666666666666,0.0,27.4,False,True,True,True
gru_negbin,dengue,4,RO,2025-11-30,24,2025-06-15,10.6,15.2,22.8,40.0,68.8,108.2,154.8,187.8,219.4,28,17.0,14.333333333333334,2.6666666666666665,0.0,40.8,False,True,True,True
gru_negbin,dengue,4,RO,2025-12-07,25,2025-06-15,11.2,16.4,24.8,45.0,78.6,126.2,182.0,222.4,261.0,37,18.08111111111111,16.30333333333333,1.7777777777777777,0.0,41.599999999999994,False,True,True,True
gru_negbin,dengue,4,RO,2025-12-14,26,2025-06-15,11.8,18.0,27.2,50.4,90.2,147.2,214.8,263.2,310.2,37,22.817777777777774,19.84,2.9777777777777774,0.0,53.2,False,True,True,True
gru_negbin,dengue,4,RO,2025-12-21,27,2025-06-15,13.0,20.0,30.6,57.2,103.2,169.6,249.0,306.0,361.8,18,37.635555555555555,25.68,11.955555555555556,0.0,85.2,False,False,False,True
gru_negbin,dengue,4,RO,2025-12-28,28,2025-06-15,15.8,23.6,35.8,66.4,118.8,195.0,286.0,351.4,415.2,35,35.03222222222222,27.876666666666665,7.155555555555556,0.0,83.8,False,False,True,True
gru_negbin,dengue,4,RO,2026-01-04,29,2025-06-15,15.6,23.2,35.6,66.4,118.8,195.2,286.0,351.6,415.2,46,31.21111111111111,26.677777777777777,4.533333333333335,0.0,72.8,False,True,True,True
gru_negbin,dengue,4,RO,2026-01-11,30,2025-06-15,19.6,28.6,43.0,78.4,138.2,224.2,326.6,400.4,471.8,42,40.04555555555555,31.73444444444444,8.311111111111112,0.0,96.19999999999999,False,False,True,True
gru_negbin,dengue,4,RO,2026-01-18,31,2025-06-15,24.8,35.6,52.4,93.0,160.6,257.0,370.6,452.2,530.8,33,56.022222222222226,37.8,18.22222222222222,0.0,127.6,False,False,False,True
gru_negbin,dengue,4,RO,2026-01-25,32,2025-06-15,31.2,44.0,63.2,109.2,184.6,290.2,414.0,501.8,587.6,53,55.406666666666666,40.65111111111111,14.755555555555556,0.0,131.6,False,False,True,True
gru_negbin,dengue,4,RO,2026-02-01,33,2025-06-15,39.2,54.0,75.8,127.2,209.4,322.8,454.4,547.4,637.0,63,61.46111111111111,44.349999999999994,17.11111111111111,0.0,146.4,False,False,True,True
gru_negbin,dengue,4,RO,2026-02-08,34,2025-06-15,47.0,63.2,87.6,142.8,229.4,347.2,482.4,577.4,669.0,52,79.58666666666667,49.00888888888889,30.577777777777783,0.0,177.4,False,False,False,True
gru_negbin,dengue,4,RO,2026-02-15,35,2025-06-15,54.0,71.8,97.2,154.6,243.4,361.6,496.2,590.4,680.6,44,96.56555555555555,51.765555555555565,44.800000000000004,0.0,199.4,False,False,False,False
gru_negbin,dengue,4,RO,2026-02-22,36,2025-06-15,59.0,77.4,103.8,161.0,247.6,361.8,490.4,579.8,665.0,59,86.36222222222221,49.65111111111111,36.711111111111116,0.0,188.6,False,False,False,True
gru_negbin,dengue,4,RO,2026-03-01,37,2025-06-15,62.4,80.6,106.4,161.8,243.8,351.0,470.2,552.6,631.0,47,98.46555555555555,48.86555555555555,49.6,0.0,196.8,False,False,False,False
gru_negbin,dengue,4,RO,2026-03-08,38,2025-06-15,64.4,82.0,106.8,159.6,237.2,336.8,446.8,522.8,594.8,63,80.33333333333331,44.6,35.73333333333333,0.0,174.2,False,False,False,False
gru_negbin,dengue,4,RO,2026-03-15,39,2025-06-15,64.8,82.2,106.0,156.0,229.2,322.2,424.8,495.0,561.6,57,83.02,42.797777777777775,40.22222222222222,0.0,172.2,False,False,False,False
gru_negbin,dengue,4,RO,2026-03-22,40,2025-06-15,64.0,80.2,103.2,150.4,219.0,306.2,401.6,466.8,528.6,47,87.89666666666668,41.27444444444445,46.62222222222223,0.0,172.0,False,False,False,False
gru_negbin,dengue,4,RO,2026-03-29,41,2025-06-15,62.2,78.0,99.6,144.8,209.4,291.6,381.0,442.4,500.2,39,90.62444444444444,39.824444444444445,50.800000000000004,0.0,170.4,False,False,False,False
gru_negbin,dengue,4,RO,2026-04-05,42,2025-06-15,60.0,74.6,95.2,137.6,198.6,275.2,358.8,416.2,470.2,72,53.95444444444445,33.64333333333333,20.31111111111111,0.0,126.6,False,False,False,True
gru_negbin,dengue,4,RO,2026-04-12,43,2025-06-15,57.2,71.2,90.2,130.0,187.2,258.6,336.2,389.6,439.6,65,53.27333333333334,31.85111111111111,21.422222222222224,0.0,122.19999999999999,False,False,False,True
gru_negbin,dengue,4,RO,2026-04-19,44,2025-06-15,54.6,68.0,85.6,122.4,174.8,240.2,311.0,359.0,404.4,59,51.596666666666664,29.596666666666668,22.0,0.0,115.80000000000001,False,False,False,True
gru_negbin,dengue,4,RO,2026-04-26,45,2025-06-15,51.2,63.2,79.2,113.0,159.6,218.6,282.2,325.2,365.6,55,46.74666666666667,26.657777777777778,20.08888888888889,0.0,104.6,False,False,False,True
gru_negbin,dengue,4,RO,2026-05-03,46,2025-06-15,46.2,57.4,72.0,101.8,143.6,195.8,252.0,290.2,326.0,51,41.03,23.65222222222222,17.377777777777776,0.0,92.6,False,False,False,True
gru_negbin,dengue,4,RO,2026-05-10,47,2025-06-15,42.0,51.8,64.8,91.6,129.2,176.0,225.8,260.0,292.0,34,47.92444444444445,22.546666666666663,25.377777777777776,0.0,95.19999999999999,False,False,False,False
gru_negbin,dengue,4,RO,2026-05-17,48,2025-06-15,37.0,45.8,57.4,81.0,114.0,155.4,200.0,230.2,258.4,38,34.62555555555555,19.025555555555556,15.599999999999998,0.0,76.0,False,False,False,True
gru_negbin,dengue,4,RO,2026-05-24,49,2025-06-15,31.8,39.4,49.4,70.4,99.4,135.8,174.8,201.4,226.2,38,26.16666666666667,16.12222222222222,10.044444444444444,0.0,61.400000000000006,False,False,False,True
gru_negbin,dengue,4,RO,2026-05-31,50,2025-06-15,26.8,33.2,42.2,60.0,85.4,116.8,150.8,174.2,195.8,33,21.98555555555556,13.896666666666668,8.08888888888889,0.0,52.400000000000006,False,False,False,True
gru_negbin,dengue,4,RO,2026-06-07,51,2025-06-15,22.6,28.4,36.0,51.2,73.6,100.6,130.4,150.4,169.4,42,12.568888888888887,10.524444444444443,2.044444444444445,0.0,31.599999999999994,False,True,True,True
gru_negbin,dengue,4,RO,2026-06-14,52,2025-06-15,19.2,24.0,30.6,44.0,62.8,86.6,112.4,129.8,146.2,34,11.487777777777778,9.265555555555556,2.2222222222222223,0.0,28.799999999999997,False,True,True,True
gru_negbin,dengue,4,RO,2026-06-21,53,2025-06-15,16.4,20.6,26.4,38.4,55.2,75.8,98.6,114.0,128.4,49,6.0311111111111115,6.0311111111111115,0.0,0.0,6.200000000000003,True,True,True,True
gru_negbin,dengue,4,RR,2025-10-05,16,2025-06-15,0.4,1.2,2.6,4.8,9.6,16.2,23.8,29.2,35.0,6,2.0077777777777777,2.0077777777777777,0.0,0.0,3.5999999999999996,True,True,True,True
gru_negbin,dengue,4,RR,2025-10-12,17,2025-06-15,0.4,1.2,2.0,4.6,9.0,15.4,23.0,28.4,33.6,6,1.8866666666666667,1.8866666666666667,0.0,0.0,3.0,True,True,True,True
gru_negbin,dengue,4,RR,2025-10-19,18,2025-06-15,0.4,1.0,1.6,4.4,8.4,14.6,21.8,27.4,32.8,7,1.6444444444444444,1.6444444444444444,0.0,0.0,1.4000000000000004,True,True,True,True
gru_negbin,dengue,4,RR,2025-10-26,19,2025-06-15,0.4,0.6,1.6,4.0,7.8,14.2,21.2,26.4,31.6,5,1.7733333333333334,1.7733333333333334,0.0,0.0,2.8,True,True,True,True
gru_negbin,dengue,4,RR,2025-11-02,20,2025-06-15,0.2,0.6,1.6,3.8,7.6,13.4,20.6,25.8,31.0,8,1.4511111111111112,1.4511111111111112,0.0,0.0,0.40000000000000036,True,True,True,True
gru_negbin,dengue,4,RR,2025-11-09,21,2025-06-15,0.2,0.6,1.4,3.4,7.0,13.0,19.6,24.8,29.4,9,1.5911111111111111,1.5911111111111111,0.0,0.0,2.0,True,True,True,True
gru_negbin,dengue,4,RR,2025-11-16,22,2025-06-15,0.2,0.6,1.2,3.2,6.8,11.6,18.2,22.8,27.6,5,1.4433333333333331,1.4433333333333331,0.0,0.0,1.7999999999999998,True,True,True,True
gru_negbin,dengue,4,RR,2025-11-23,23,2025-06-15,0.0,0.4,0.8,2.6,6.0,10.8,16.6,20.8,25.2,3,1.5066666666666668,1.5066666666666668,0.0,0.0,3.0,True,True,True,True
gru_negbin,dengue,4,RR,2025-11-30,24,2025-06-15,0.0,0.2,0.8,2.6,5.2,9.8,15.6,19.4,23.0,8,1.3811111111111112,1.3811111111111112,0.0,0.0,2.8,True,True,True,True
gru_negbin,dengue,4,RR,2025-12-07,25,2025-06-15,0.0,0.2,0.8,2.2,5.0,9.2,14.4,18.4,22.0,3,1.2377777777777779,1.2377777777777779,0.0,0.0,2.0,True,True,True,True
gru_negbin,dengue,4,RR,2025-12-14,26,2025-06-15,0.0,0.2,0.6,2.0,5.0,8.8,14.0,17.6,21.4,5,0.9877777777777779,0.9877777777777779,0.0,0.0,0.0,True,True,True,True
gru_negbin,dengue,4,RR,2025-12-21,27,2025-06-15,0.0,0.2,0.6,2.0,4.8,8.8,13.8,17.4,21.0,7,1.2233333333333334,1.2233333333333334,0.0,0.0,2.2,True,True,True,True
gru_negbin,dengue,4,RR,2025-12-28,28,2025-06-15,0.0,0.2,0.8,2.2,4.8,9.0,14.0,17.4,21.0,2,1.3344444444444443,1.2899999999999998,0.04444444444444448,0.0,2.8,False,True,True,True
gru_negbin,dengue,4,RR,2026-01-04,29,2025-06-15,0.0,0.2,0.8,2.2,4.8,8.8,14.0,17.2,20.8,3,1.1644444444444444,1.1644444444444444,0.0,0.0,1.7999999999999998,True,True,True,True
gru_negbin,dengue,4,RR,2026-01-11,30,2025-06-15,0.0,0.2,0.8,2.6,5.2,9.4,14.2,17.8,21.4,12,2.323333333333333,1.7455555555555555,0.0,0.5777777777777777,6.8,False,True,True,True
gru_negbin,dengue,4,RR,2026-01-18,31,2025-06-15,0.2,0.4,0.8,3.0,5.8,9.6,14.6,18.2,21.8,6,1.0133333333333334,1.0133333333333334,0.0,0.0,0.20000000000000018,True,True,True,True
gru_negbin,dengue,4,RR,2026-01-25,32,2025-06-15,0.2,0.6,1.2,3.0,5.8,10.4,15.6,19.2,22.6,8,1.3066666666666666,1.3066666666666666,0.0,0.0,2.2,True,True,True,True
gru_negbin,dengue,4,RR,2026-02-01,33,2025-06-15,0.2,0.6,1.4,3.0,6.4,10.8,16.2,20.0,23.8,0,2.9755555555555557,1.8199999999999998,1.1555555555555557,0.0,6.4,False,False,False,False
gru_negbin,dengue,4,RR,2026-02-08,34,2025-06-15,0.2,0.8,1.6,3.4,6.6,11.4,17.0,21.2,25.2,12,1.8855555555555554,1.7522222222222223,0.0,0.13333333333333325,5.4,False,True,True,True
gru_negbin,dengue,4,RR,2026-02-15,35,2025-06-15,0.2,0.8,1.6,3.6,6.8,12.0,17.8,22.0,26.0,10,1.5611111111111111,1.5611111111111111,0.0,0.0,3.2,True,True,True,True
gru_negbin,dengue,4,RR,2026-02-22,36,2025-06-15,0.2,1.0,1.8,3.8,7.4,12.8,19.0,23.4,27.4,13,1.948888888888889,1.9044444444444446,0.0,0.04444444444444429,5.6,False,True,True,True
gru_negbin,dengue,4,RR,2026-03-01,37,2025-06-15,0.4,1.2,2.0,4.2,7.8,13.6,19.8,24.6,28.8,8,1.3577777777777778,1.3577777777777778,0.0,0.0,0.20000000000000018,True,True,True,True
gru_negbin,dengue,4,RR,2026-03-08,38,2025-06-15,0.4,1.2,2.2,4.4,8.2,13.8,20.8,25.4,30.2,17,3.0588888888888888,2.3477777777777775,0.0,0.7111111111111109,8.8,False,True,True,True
gru_negbin,dengue,4,RR,2026-03-15,39,2025-06-15,0.4,1.2,2.0,4.6,8.6,14.4,21.2,26.2,31.0,12,1.7966666666666669,1.7966666666666669,0.0,0.0,3.4000000000000004,True,True,True,True
gru_negbin,dengue,4,RR,2026-03-22,40,2025-06-15,0.4,1.0,2.0,4.6,8.8,14.6,21.6,27.0,32.0,4,2.1222222222222222,1.9888888888888892,0.13333333333333325,0.0,4.800000000000001,False,True,True,True
gru_negbin,dengue,4,RR,2026-03-29,41,2025-06-15,0.4,1.0,2.0,4.6,8.8,15.0,22.2,27.8,32.8,9,1.5266666666666664,1.5266666666666664,0.0,0.0,0.1999999999999993,True,True,True,True
gru_negbin,dengue,4,RR,2026-04-05,42,2025-06-15,0.4,1.2,2.0,4.8,9.0,15.4,23.0,28.8,34.0,17,2.7933333333333334,2.4377777777777774,0.0,0.35555555555555546,8.0,False,True,True,True
gru_negbin,dengue,4,RR,2026-04-12,43,2025-06-15,0.4,1.2,2.2,4.8,9.2,15.8,24.2,29.8,35.6,7,1.8577777777777778,1.8577777777777778,0.0,0.0,2.1999999999999993,True,True,True,True
gru_negbin,dengue,4,RR,2026-04-19,44,2025-06-15,0.4,1.2,2.2,4.8,9.2,16.4,24.6,30.8,36.8,6,2.0288888888888885,2.0288888888888885,0.0,0.0,3.1999999999999993,True,True,True,True
gru_negbin,dengue,4,RR,2026-04-26,45,2025-06-15,0.4,1.2,2.2,4.8,9.8,17.0,25.8,32.2,38.6,14,2.2255555555555557,2.2255555555555557,0.0,0.0,4.199999999999999,True,True,True,True
gru_negbin,dengue,4,RR,2026-05-03,46,2025-06-15,0.4,1.2,2.2,4.8,9.8,17.4,26.6,33.2,39.8,10,1.8388888888888886,1.8388888888888886,0.0,0.0,0.1999999999999993,True,True,True,True
gru_negbin,dengue,4,RR,2026-05-10,47,2025-06-15,0.4,1.2,2.2,5.0,10.2,17.8,27.2,34.0,40.8,13,2.1666666666666665,2.1666666666666665,0.0,0.0,2.8000000000000007,True,True,True,True
gru_negbin,dengue,4,RR,2026-05-17,48,2025-06-15,0.4,1.2,2.4,5.2,10.4,18.2,27.8,35.0,41.8,18,2.7366666666666664,2.7366666666666664,0.0,0.0,7.6,True,True,True,True
gru_negbin,dengue,4,RR,2026-05-24,49,2025-06-15,0.4,1.2,2.4,5.2,10.8,18.8,29.0,36.4,43.8,25,4.934444444444444,3.556666666666667,0.0,1.3777777777777775,14.2,False,True,True,True
gru_negbin,dengue,4,RR,2026-05-31,50,2025-06-15,0.4,1.2,2.6,5.6,10.8,19.4,29.8,37.6,45.0,25,4.845555555555555,3.601111111111111,0.0,1.2444444444444447,14.2,False,True,True,True
gru_negbin,dengue,4,RR,2026-06-07,51,2025-06-15,0.6,1.2,2.4,5.6,11.0,19.8,30.6,38.4,46.0,30,6.45888888888889,4.192222222222223,0.0,2.2666666666666666,19.0,False,True,True,True
gru_negbin,dengue,4,RR,2026-06-14,52,2025-06-15,0.6,1.4,2.4,5.4,10.8,19.4,29.8,37.4,45.2,34,8.79,4.612222222222223,0.0,4.177777777777778,23.2,False,False,True,True
gru_negbin,dengue,4,RR,2026-06-21,53,2025-06-15,0.6,1.4,2.4,5.4,10.6,18.8,29.0,36.6,44.2,38,11.591111111111111,5.013333333333333,0.0,6.5777777777777775,27.4,False,False,False,True
gru_negbin,dengue,4,RS,2025-10-05,16,2025-06-15,30.6,37.0,45.8,62.8,86.0,114.2,144.6,165.0,183.6,232,94.79,23.545555555555556,0.0,71.24444444444445,146.0,False,False,False,False
gru_negbin,dengue,4,RS,2025-10-12,17,2025-06-15,30.8,37.8,46.6,64.6,89.6,120.0,152.4,174.2,194.8,233,88.36666666666667,23.78888888888889,0.0,64.57777777777778,143.4,False,False,False,False
gru_negbin,dengue,4,RS,2025-10-19,18,2025-06-15,31.2,38.6,48.0,67.8,95.2,129.4,165.6,190.4,213.6,237,79.82444444444445,24.491111111111113,0.0,55.333333333333336,141.8,False,False,False,False
gru_negbin,dengue,4,RS,2025-10-26,19,2025-06-15,31.4,39.2,50.0,72.0,103.2,142.2,184.0,212.8,239.8,217,47.49777777777778,22.608888888888885,0.0,24.88888888888889,113.8,False,False,False,True
gru_negbin,dengue,4,RS,2025-11-02,20,2025-06-15,31.2,40.0,52.0,76.8,113.0,158.8,209.2,243.4,275.8,201,30.82333333333333,21.445555555555558,0.0,9.377777777777775,88.0,False,True,True,True
gru_negbin,dengue,4,RS,2025-11-09,21,2025-06-15,30.4,40.2,53.2,81.8,124.0,178.6,239.6,281.6,321.4,187,22.685555555555556,20.81888888888889,0.0,1.866666666666668,63.0,False,True,True,True
gru_negbin,dengue,4,RS,2025-11-16,22,2025-06-15,29.4,39.6,54.4,87.2,137.2,203.8,278.8,331.6,381.4,196,23.19777777777778,23.19777777777778,0.0,0.0,58.80000000000001,True,True,True,True
gru_negbin,dengue,4,RS,2025-11-23,23,2025-06-15,27.6,38.4,55.0,93.0,153.2,235.6,330.2,397.2,462.0,252,35.06,31.415555555555557,0.0,3.6444444444444457,98.80000000000001,False,True,True,True
gru_negbin,dengue,4,RS,2025-11-30,24,2025-06-15,26.2,38.2,56.4,100.2,172.6,274.6,394.6,479.8,562.4,260,34.80111111111111,34.80111111111111,0.0,0.0,87.4,True,True,True,True
gru_negbin,dengue,4,RS,2025-12-07,25,2025-06-15,25.6,38.8,59.6,112.0,202.4,333.8,491.6,605.0,715.8,252,37.558888888888895,37.558888888888895,0.0,0.0,49.599999999999994,True,True,True,True
gru_negbin,dengue,4,RS,2025-12-14,26,2025-06-15,26.4,41.6,66.0,131.4,248.4,423.2,637.2,793.2,945.4,227,44.73888888888889,44.73888888888889,0.0,0.0,21.400000000000006,True,True,True,True
gru_negbin,dengue,4,RS,2025-12-21,27,2025-06-15,29.6,47.6,78.4,162.2,318.2,556.4,850.8,1066.8,1279.2,187,71.90888888888888,71.90888888888888,0.0,0.0,131.2,True,True,True,True
gru_negbin,dengue,4,RS,2025-12-28,28,2025-06-15,35.6,58.6,98.4,209.6,421.6,749.6,1160.0,1462.0,1759.6,190,108.8511111111111,104.49555555555555,4.355555555555554,0.0,231.60000000000002,False,True,True,True
gru_negbin,dengue,4,RS,2026-01-04,29,2025-06-15,35.2,58.0,98.0,209.2,421.6,750.8,1162.2,1465.4,1764.2,250,98.04777777777778,98.04777777777778,0.0,0.0,171.60000000000002,True,True,True,True
gru_negbin,dengue,4,RS,2026-01-11,30,2025-06-15,45.2,75.4,128.2,279.8,572.0,1031.4,1609.4,2036.6,2458.4,256,150.2688888888889,144.98,5.288888888888891,0.0,316.0,False,True,True,True
gru_negbin,dengue,4,RS,2026-01-18,31,2025-06-15,61.0,101.6,173.4,381.0,786.2,1426.6,2236.8,2836.2,3429.2,239,245.39444444444447,213.83888888888887,31.555555555555557,0.0,547.2,False,True,True,True
gru_negbin,dengue,4,RS,2026-01-25,32,2025-06-15,84.0,139.2,238.2,525.8,1095.0,2001.6,3154.2,4009.8,4856.6,246,372.8211111111111,310.6433333333333,62.17777777777777,0.0,849.0,False,True,True,True
gru_negbin,dengue,4,RS,2026-02-01,33,2025-06-15,126.2,205.6,346.4,748.8,1533.4,2771.4,4336.6,5495.0,6640.2,261,564.7533333333334,437.3755555555556,127.37777777777777,0.0,1272.4,False,False,True,True
gru_negbin,dengue,4,RS,2026-02-08,34,2025-06-15,201.6,320.4,525.0,1091.4,2160.8,3813.6,5876.0,7392.6,8886.6,225,892.4633333333334,612.0633333333334,280.40000000000003,0.0,1935.8000000000002,False,False,False,True
gru_negbin,dengue,4,RS,2026-02-15,35,2025-06-15,321.0,495.6,787.4,1563.6,2977.6,5108.4,7727.2,9637.0,11510.4,231,1318.641111111111,820.0633333333333,498.5777777777778,0.0,2746.6,False,False,False,False
gru_negbin,dengue,4,RS,2026-02-22,36,2025-06-15,482.8,727.4,1125.2,2152.6,3970.4,6655.4,9913.6,12274.0,14581.2,285,1805.562222222222,1061.562222222222,744.0000000000001,0.0,3685.4,False,False,False,False
gru_negbin,dengue,4,RS,2026-03-01,37,2025-06-15,694.8,1023.0,1546.8,2864.2,5142.6,8452.8,12429.8,15295.0,18087.2,352,2388.88,1339.8133333333333,1049.0666666666666,0.0,4790.6,False,False,False,False
gru_negbin,dengue,4,RS,2026-03-08,38,2025-06-15,1000.0,1438.6,2124.6,3807.4,6649.6,10710.8,15537.6,18995.6,22354.2,359,3235.2788888888886,1694.2566666666664,1541.0222222222224,0.0,6290.6,False,False,False,False
gru_negbin,dengue,4,RS,2026-03-15,39,2025-06-15,1408.0,1975.8,2845.4,4929.2,8371.6,13213.4,18910.6,22969.4,26899.4,373,4228.94111111111,2080.852222222222,2148.088888888889,0.0,7998.6,False,False,False,False
gru_negbin,dengue,4,RS,2026-03-22,40,2025-06-15,1894.6,2598.8,3658.6,6144.6,10171.8,15756.8,22268.0,26883.6,31339.8,400,5288.191111111111,2466.7244444444445,2821.4666666666667,0.0,9771.8,False,False,False,False
gru_negbin,dengue,4,RS,2026-03-29,41,2025-06-15,2431.6,3269.0,4509.2,7369.4,11923.8,18163.8,25380.6,30473.4,35378.2,493,6287.161111111111,2818.894444444444,3468.2666666666664,0.0,11430.8,False,False,False,False
gru_negbin,dengue,4,RS,2026-04-05,42,2025-06-15,2949.0,3900.6,5293.8,8461.2,13439.8,20196.8,27962.4,33422.8,38671.0,522,7232.315555555555,3117.5155555555557,4114.799999999999,0.0,12917.8,False,False,False,False
gru_negbin,dengue,4,RS,2026-04-12,43,2025-06-15,3359.4,4378.2,5851.4,9152.4,14266.6,21132.6,28966.2,34451.8,39711.8,454,7900.16,3250.0711111111113,4650.088888888889,0.0,13812.6,False,False,False,False
gru_negbin,dengue,4,RS,2026-04-19,44,2025-06-15,3536.0,4552.8,6006.8,9220.8,14132.4,20657.2,28049.0,33204.0,38135.0,467,7920.434444444445,3154.123333333333,4766.31111111111,0.0,13665.4,False,False,False,False
gru_negbin,dengue,4,RS,2026-04-26,45,2025-06-15,3432.6,4390.4,5751.0,8734.2,13256.8,19227.0,25961.2,30646.0,35120.8,401,7529.1788888888905,2928.2455555555553,4600.9333333333325,0.0,12855.8,False,False,False,False
gru_negbin,dengue,4,RS,2026-05-03,46,2025-06-15,3076.0,3928.0,5135.2,7774.6,11761.6,17011.4,22922.0,27028.8,30949.2,287,6765.077777777779,2594.8999999999996,4170.177777777778,0.0,11474.6,False,False,False,False
gru_negbin,dengue,4,RS,2026-05-10,47,2025-06-15,2574.2,3292.4,4311.2,6538.4,9903.4,14335.2,19324.2,22791.4,26100.8,222,5707.225555555556,2189.8477777777775,3517.3777777777773,0.0,9681.4,False,False,False,False
gru_negbin,dengue,4,RS,2026-05-17,48,2025-06-15,2052.8,2631.6,3452.2,5248.0,7961.4,11536.0,15560.8,18358.0,21028.4,132,4625.526666666668,1768.5044444444443,2857.022222222223,0.0,7829.4,False,False,False,False
gru_negbin,dengue,4,RS,2026-05-24,49,2025-06-15,1549.8,1988.0,2609.2,3967.6,6020.0,8722.2,11764.4,13878.4,15896.4,95,3500.99,1337.7455555555553,2163.244444444444,0.0,5925.0,False,False,False,False
gru_negbin,dengue,4,RS,2026-05-31,50,2025-06-15,1117.8,1433.6,1880.4,2855.2,4324.8,6255.8,8427.2,9934.6,11372.6,59,2526.7,959.811111111111,1566.8888888888891,0.0,4265.8,False,False,False,False
gru_negbin,dengue,4,RS,2026-06-07,51,2025-06-15,775.6,995.4,1305.8,1981.0,2996.0,4326.4,5819.4,6854.8,7842.2,90,1701.8100000000002,657.8544444444443,1043.9555555555555,0.0,2906.0,False,False,False,False
gru_negbin,dengue,4,RS,2026-06-14,52,2025-06-15,531.6,682.0,894.4,1355.6,2047.2,2952.0,3966.4,4669.4,5339.2,68,1157.1244444444444,447.88,709.2444444444444,0.0,1979.2,False,False,False,False
gru_negbin,dengue,4,RS,2026-06-21,53,2025-06-15,371.6,475.6,622.0,938.8,1412.0,2029.4,2719.8,3197.6,3652.6,51,796.6788888888889,306.9011111111111,489.77777777777777,0.0,1361.0,False,False,False,False
gru_negbin,dengue,4,SC,2025-10-05,16,2025-06-15,24.4,28.6,33.4,42.6,54.4,68.6,82.8,92.4,101.0,118,39.01,10.743333333333332,0.0,28.266666666666666,63.6,False,False,False,False
gru_negbin,dengue,4,SC,2025-10-12,17,2025-06-15,25.0,29.2,34.4,44.4,57.6,73.0,88.8,99.6,109.2,147,62.292222222222236,13.981111111111112,0.0,48.3111111111111,89.4,False,False,False,False
gru_negbin,dengue,4,SC,2025-10-19,18,2025-06-15,25.6,30.0,35.6,47.0,61.6,79.2,97.2,109.4,120.6,168,75.41222222222223,16.39,0.0,59.022222222222226,106.4,False,False,False,False
gru_negbin,dengue,4,SC,2025-10-26,19,2025-06-15,25.4,30.2,36.4,48.8,65.4,85.4,106.6,120.4,133.4,150,48.86222222222222,14.595555555555555,0.0,34.266666666666666,84.6,False,False,False,False
gru_negbin,dengue,4,SC,2025-11-02,20,2025-06-15,24.8,30.0,37.0,50.8,69.6,92.4,116.8,133.0,148.8,129,23.362222222222226,12.517777777777779,0.0,10.844444444444443,59.400000000000006,False,False,True,True
gru_negbin,dengue,4,SC,2025-11-09,21,2025-06-15,24.0,29.2,37.2,52.2,73.8,100.6,129.8,149.2,167.4,145,28.032222222222217,14.787777777777778,0.0,13.244444444444444,71.2,False,False,True,True
gru_negbin,dengue,4,SC,2025-11-16,22,2025-06-15,23.4,29.2,37.8,55.2,80.8,112.8,148.2,172.0,195.0,121,14.482222222222223,12.660000000000002,0.0,1.8222222222222229,40.2,False,True,True,True
gru_negbin,dengue,4,SC,2025-11-23,23,2025-06-15,22.6,29.4,39.0,59.4,90.2,129.8,174.0,204.6,233.4,132,15.16222222222222,14.673333333333334,0.0,0.4888888888888864,41.8,False,True,True,True
gru_negbin,dengue,4,SC,2025-11-30,24,2025-06-15,21.6,29.0,40.0,64.2,101.2,150.8,206.8,246.2,283.8,132,15.809999999999999,15.809999999999999,0.0,0.0,30.799999999999997,True,True,True,True
gru_negbin,dengue,4,SC,2025-12-07,25,2025-06-15,20.6,29.0,41.2,69.4,115.0,177.8,250.4,301.8,351.4,155,19.984444444444446,19.984444444444446,0.0,0.0,40.0,True,True,True,True
gru_negbin,dengue,4,SC,2025-12-14,26,2025-06-15,20.6,29.8,43.6,77.8,134.4,214.2,308.6,376.2,441.2,147,21.05222222222222,21.05222222222222,0.0,0.0,12.599999999999994,True,True,True,True
gru_negbin,dengue,4,SC,2025-12-21,27,2025-06-15,22.4,33.0,49.8,92.2,164.0,269.0,394.0,484.2,572.0,149,27.204444444444448,27.204444444444448,0.0,0.0,15.0,True,True,True,True
gru_negbin,dengue,4,SC,2025-12-28,28,2025-06-15,26.8,39.6,61.2,114.8,209.2,347.6,515.2,636.4,754.6,161,39.05222222222223,39.05222222222223,0.0,0.0,48.19999999999999,True,True,True,True
gru_negbin,dengue,4,SC,2026-01-04,29,2025-06-15,27.2,40.6,61.8,116.2,212.0,352.8,522.8,645.8,765.8,87,54.59444444444445,48.105555555555554,6.48888888888889,0.0,125.0,False,True,True,True
gru_negbin,dengue,4,SC,2026-01-11,30,2025-06-15,36.2,53.4,81.2,153.8,281.4,469.0,697.4,862.2,1023.4,110,74.45333333333332,64.71999999999998,9.733333333333336,0.0,171.39999999999998,False,True,True,True
gru_negbin,dengue,4,SC,2026-01-18,31,2025-06-15,49.8,73.2,110.8,208.0,378.6,630.0,935.0,1155.6,1370.8,119,109.7477777777778,89.97000000000001,19.77777777777778,0.0,259.6,False,True,True,True
gru_negbin,dengue,4,SC,2026-01-25,32,2025-06-15,72.8,104.6,156.0,286.6,514.0,847.0,1248.8,1539.4,1822.8,88,191.3488888888889,128.41555555555556,62.933333333333344,0.0,426.0,False,False,False,True
gru_negbin,dengue,4,SC,2026-02-01,33,2025-06-15,108.4,153.6,224.4,401.2,704.2,1141.6,1665.2,2042.0,2408.8,122,263.4244444444444,171.60222222222222,91.82222222222224,0.0,582.2,False,False,False,True
gru_negbin,dengue,4,SC,2026-02-08,34,2025-06-15,166.8,231.2,330.4,571.0,973.6,1545.2,2221.8,2706.0,3175.2,97,440.29777777777775,237.76444444444445,202.5333333333333,0.0,876.6,False,False,False,False
gru_negbin,dengue,4,SC,2026-02-15,35,2025-06-15,253.4,344.2,482.8,810.0,1344.6,2091.6,2966.8,3589.0,4190.4,122,631.8144444444445,320.17,311.64444444444445,0.0,1222.6,False,False,False,False
gru_negbin,dengue,4,SC,2026-02-22,36,2025-06-15,383.8,512.4,703.0,1144.4,1850.2,2820.2,3943.8,4738.0,5503.4,97,958.7777777777778,435.3111111111111,523.4666666666667,0.0,1753.2,False,False,False,False
gru_negbin,dengue,4,SC,2026-03-01,37,2025-06-15,573.4,750.8,1009.4,1593.8,2507.8,3742.2,5157.2,6150.6,7104.8,128,1331.2122222222224,572.2344444444444,758.9777777777778,0.0,2379.8,False,False,False,False
gru_negbin,dengue,4,SC,2026-03-08,38,2025-06-15,811.4,1046.6,1383.6,2132.2,3281.4,4813.6,6553.8,7768.6,8932.2,108,1834.4422222222222,736.2644444444445,1098.1777777777777,0.0,3173.4,False,False,False,False
gru_negbin,dengue,4,SC,2026-03-15,39,2025-06-15,1101.2,1401.2,1826.6,2755.2,4158.4,6006.0,8086.4,9532.0,10912.0,125,2375.864444444444,912.7088888888889,1463.1555555555553,0.0,4033.3999999999996,False,False,False,False
gru_negbin,dengue,4,SC,2026-03-22,40,2025-06-15,1434.6,1806.2,2327.8,3453.4,5132.4,7321.6,9769.4,11463.0,13076.4,117,3010.398888888889,1109.51,1900.888888888889,0.0,5015.4,False,False,False,False
gru_negbin,dengue,4,SC,2026-03-29,41,2025-06-15,1813.0,2259.6,2880.0,4205.4,6159.6,8685.0,11490.8,13425.6,15264.4,169,3633.9699999999993,1304.636666666667,2329.3333333333335,0.0,5990.6,False,False,False,False
gru_negbin,dengue,4,SC,2026-04-05,42,2025-06-15,2119.4,2618.0,3306.2,4761.4,6887.0,9614.0,12628.0,14699.6,16665.0,187,4115.566666666667,1436.2333333333331,2679.333333333333,0.0,6700.0,False,False,False,False
gru_negbin,dengue,4,SC,2026-04-12,43,2025-06-15,2343.6,2873.2,3598.6,5120.4,7323.4,10130.2,13216.4,15331.6,17334.6,202,4422.316666666667,1505.0277777777778,2917.2888888888892,0.0,7121.4,False,False,False,False
gru_negbin,dengue,4,SC,2026-04-19,44,2025-06-15,2459.2,3000.6,3738.4,5277.8,7494.6,10306.0,13388.4,15497.2,17491.6,264,4501.775555555555,1519.5533333333335,2982.222222222222,0.0,7230.6,False,False,False,False
gru_negbin,dengue,4,SC,2026-04-26,45,2025-06-15,2396.8,2917.0,3625.6,5101.0,7222.6,9909.8,12853.8,14866.4,16770.2,222,4385.450000000001,1462.6944444444443,2922.755555555556,0.0,7000.6,False,False,False,False
gru_negbin,dengue,4,SC,2026-05-03,46,2025-06-15,2198.8,2676.2,3326.8,4684.0,6638.4,9117.6,11837.2,13698.0,15458.0,171,4061.6688888888884,1350.157777777778,2711.511111111111,0.0,6467.4,False,False,False,False
gru_negbin,dengue,4,SC,2026-05-10,47,2025-06-15,1895.0,2311.6,2881.0,4073.6,5799.0,7996.6,10414.0,12071.2,13640.2,155,3528.6355555555556,1186.1466666666665,2342.488888888889,0.0,5644.0,False,False,False,False
gru_negbin,dengue,4,SC,2026-05-17,48,2025-06-15,1546.8,1892.8,2368.4,3370.2,4829.4,6697.8,8761.2,10179.4,11524.0,103,2947.631111111111,999.5866666666667,1948.0444444444447,0.0,4726.4,False,False,False,False
gru_negbin,dengue,4,SC,2026-05-24,49,2025-06-15,1235.2,1511.6,1892.4,2697.6,3875.8,5390.2,7067.8,8222.4,9318.6,93,2352.1144444444444,804.3811111111112,1547.7333333333333,0.0,3782.8,False,False,False,False
gru_negbin,dengue,4,SC,2026-05-31,50,2025-06-15,953.2,1166.0,1459.2,2079.4,2988.6,4158.8,5456.2,6349.8,7198.4,86,1799.993333333333,619.1488888888889,1180.8444444444444,0.0,2902.6,False,False,False,False
gru_negbin,dengue,4,SC,2026-06-07,51,2025-06-15,720.8,879.8,1098.2,1560.0,2233.4,3097.6,4054.2,4712.2,5336.2,111,1302.8900000000003,455.15666666666664,847.7333333333333,0.0,2122.4,False,False,False,False
gru_negbin,dengue,4,SC,2026-06-14,52,2025-06-15,540.0,656.8,817.6,1156.2,1649.4,2281.0,2979.0,3458.6,3913.4,90,958.2366666666668,333.6588888888889,624.5777777777779,0.0,1559.4,False,False,False,False
gru_negbin,dengue,4,SC,2026-06-21,53,2025-06-15,395.6,479.6,594.6,836.8,1188.0,1636.6,2131.6,2470.8,2792.8,65,693.6088888888889,238.80888888888887,454.79999999999995,0.0,1123.0,False,False,False,False
gru_negbin,dengue,4,SE,2025-10-05,16,2025-06-15,4.2,6.0,8.8,14.6,24.2,36.8,51.4,61.6,71.4,36,4.482222222222221,4.482222222222221,0.0,0.0,11.8,True,True,True,True
gru_negbin,dengue,4,SE,2025-10-12,17,2025-06-15,3.8,5.6,8.0,13.8,22.8,35.8,50.4,60.4,70.0,19,3.5633333333333335,3.5633333333333335,0.0,0.0,3.8000000000000007,True,True,True,True
gru_negbin,dengue,4,SE,2025-10-19,18,2025-06-15,3.4,4.6,7.0,13.0,22.0,34.6,49.2,59.6,69.4,23,3.2266666666666675,3.2266666666666675,0.0,0.0,1.0,True,True,True,True
gru_negbin,dengue,4,SE,2025-10-26,19,2025-06-15,2.6,4.0,6.4,11.6,20.4,32.4,46.6,56.8,66.4,17,3.367777777777777,3.367777777777777,0.0,0.0,3.3999999999999986,True,True,True,True
gru_negbin,dengue,4,SE,2025-11-02,20,2025-06-15,2.2,3.6,5.8,10.6,19.0,30.2,43.8,53.8,63.2,18,2.941111111111111,2.941111111111111,0.0,0.0,1.0,True,True,True,True
gru_negbin,dengue,4,SE,2025-11-09,21,2025-06-15,1.8,3.0,5.0,9.2,17.2,27.8,40.6,49.6,58.6,19,2.857777777777778,2.857777777777778,0.0,0.0,1.8000000000000007,True,True,True,True
gru_negbin,dengue,4,SE,2025-11-16,22,2025-06-15,1.4,2.6,4.0,8.2,15.0,25.4,37.2,45.6,54.0,11,2.907777777777778,2.907777777777778,0.0,0.0,4.0,True,True,True,True
gru_negbin,dengue,4,SE,2025-11-23,23,2025-06-15,0.8,1.8,3.4,7.4,13.4,23.2,34.2,42.6,50.6,14,2.358888888888889,2.358888888888889,0.0,0.0,0.5999999999999996,True,True,True,True
gru_negbin,dengue,4,SE,2025-11-30,24,2025-06-15,0.8,1.6,3.0,6.4,12.6,21.6,32.4,40.4,47.8,16,2.5677777777777777,2.5677777777777777,0.0,0.0,3.4000000000000004,True,True,True,True
gru_negbin,dengue,4,SE,2025-12-07,25,2025-06-15,0.8,1.4,2.6,5.8,11.6,20.0,30.6,38.2,45.6,13,2.2244444444444444,2.2244444444444444,0.0,0.0,1.4000000000000004,True,True,True,True
gru_negbin,dengue,4,SE,2025-12-14,26,2025-06-15,0.6,1.0,2.4,5.6,11.0,19.4,29.6,36.6,44.2,11,2.008888888888889,2.008888888888889,0.0,0.0,0.0,True,True,True,True
gru_negbin,dengue,4,SE,2025-12-21,27,2025-06-15,0.4,1.0,2.4,5.2,10.6,19.0,29.0,36.2,43.6,11,2.0333333333333337,2.0333333333333337,0.0,0.0,0.40000000000000036,True,True,True,True
gru_negbin,dengue,4,SE,2025-12-28,28,2025-06-15,0.6,1.2,2.4,5.4,11.0,19.0,29.2,36.2,43.4,37,10.777777777777777,4.866666666666666,0.0,5.9111111111111105,26.0,False,False,False,True
gru_negbin,dengue,4,SE,2026-01-04,29,2025-06-15,0.6,1.2,2.6,5.6,11.0,19.6,29.8,37.0,44.4,17,2.6899999999999995,2.6899999999999995,0.0,0.0,6.0,True,True,True,True
gru_negbin,dengue,4,SE,2026-01-11,30,2025-06-15,1.0,1.4,2.8,6.0,11.8,20.4,30.6,38.0,45.4,16,2.537777777777778,2.537777777777778,0.0,0.0,4.199999999999999,True,True,True,True
gru_negbin,dengue,4,SE,2026-01-18,31,2025-06-15,1.0,1.6,3.4,6.4,12.6,21.8,32.2,40.2,47.6,15,2.45,2.45,0.0,0.0,2.4000000000000004,True,True,True,True
gru_negbin,dengue,4,SE,2026-01-25,32,2025-06-15,1.2,2.2,3.6,7.6,14.2,23.8,35.4,43.8,51.8,10,2.816666666666666,2.816666666666666,0.0,0.0,4.199999999999999,True,True,True,True
gru_negbin,dengue,4,SE,2026-02-01,33,2025-06-15,1.4,3.0,4.2,8.6,16.2,27.0,39.8,49.0,58.4,7,4.018888888888888,3.663333333333333,0.35555555555555546,0.0,9.2,False,True,True,True
gru_negbin,dengue,4,SE,2026-02-08,34,2025-06-15,2.0,3.4,5.2,10.4,18.6,31.0,45.8,56.2,66.4,4,6.302222222222223,4.613333333333333,1.688888888888889,0.0,14.600000000000001,False,False,True,True
gru_negbin,dengue,4,SE,2026-02-15,35,2025-06-15,2.6,4.0,6.4,12.2,22.0,36.2,53.2,64.8,76.8,8,5.949999999999999,5.016666666666667,0.9333333333333331,0.0,14.0,False,True,True,True
gru_negbin,dengue,4,SE,2026-02-22,36,2025-06-15,3.4,5.0,7.6,14.4,25.8,42.0,61.2,75.0,88.6,3,10.597777777777779,6.508888888888889,4.088888888888889,0.0,22.8,False,False,False,False
gru_negbin,dengue,4,SE,2026-03-01,37,2025-06-15,3.8,5.6,8.8,16.6,29.8,48.4,70.4,86.2,101.6,11,7.907777777777778,6.663333333333333,1.2444444444444447,0.0,18.8,False,True,True,True
gru_negbin,dengue,4,SE,2026-03-08,38,2025-06-15,4.2,6.4,10.4,19.2,34.4,55.6,81.0,99.2,117.0,15,8.337777777777777,7.404444444444445,0.9333333333333331,0.0,19.4,False,True,True,True
gru_negbin,dengue,4,SE,2026-03-15,39,2025-06-15,4.8,7.8,11.6,22.0,39.0,63.6,93.2,113.8,134.2,19,8.909999999999998,8.243333333333332,0.6666666666666666,0.0,20.0,False,True,True,True
gru_negbin,dengue,4,SE,2026-03-22,40,2025-06-15,5.4,8.6,13.4,24.8,44.4,72.2,106.2,130.2,153.2,12,13.623333333333333,10.467777777777776,3.155555555555556,0.0,32.4,False,False,True,True
gru_negbin,dengue,4,SE,2026-03-29,41,2025-06-15,6.4,9.6,15.0,28.2,50.4,82.2,120.6,147.8,174.6,33,9.75,9.75,0.0,0.0,17.4,True,True,True,True
gru_negbin,dengue,4,SE,2026-04-05,42,2025-06-15,7.6,11.6,17.6,32.0,57.4,93.2,135.8,166.4,196.4,38,10.951111111111112,10.951111111111112,0.0,0.0,19.4,True,True,True,True
gru_negbin,dengue,4,SE,2026-04-12,43,2025-06-15,9.0,13.4,19.8,36.4,64.2,104.0,151.2,184.8,217.6,31,14.627777777777778,13.427777777777777,1.1999999999999997,0.0,33.2,False,True,True,True
gru_negbin,dengue,4,SE,2026-04-19,44,2025-06-15,10.2,15.0,23.0,41.6,72.6,116.8,168.8,206.2,242.2,28,18.80888888888889,15.786666666666669,3.0222222222222226,0.0,44.599999999999994,False,True,True,True
gru_negbin,dengue,4,SE,2026-04-26,45,2025-06-15,12.0,17.6,26.2,46.8,81.2,129.8,187.2,227.8,267.4,56,14.743333333333332,14.743333333333332,0.0,0.0,25.200000000000003,True,True,True,True
gru_negbin,dengue,4,SE,2026-05-03,46,2025-06-15,13.6,19.6,29.2,51.8,89.2,142.0,204.0,248.2,291.0,42,20.398888888888887,18.221111111111114,2.177777777777777,0.0,47.2,False,True,True,True
gru_negbin,dengue,4,SE,2026-05-10,47,2025-06-15,14.8,21.4,32.0,56.8,97.6,154.8,222.2,270.0,316.6,33,26.576666666666664,21.287777777777777,5.288888888888888,0.0,64.6,False,True,True,True
gru_negbin,dengue,4,SE,2026-05-17,48,2025-06-15,16.2,23.2,34.4,60.6,105.0,166.8,239.8,291.6,342.2,33,29.70222222222223,23.25777777777778,6.444444444444445,0.0,72.0,False,False,True,True
gru_negbin,dengue,4,SE,2026-05-24,49,2025-06-15,16.4,24.0,35.6,63.6,110.4,176.2,254.0,309.6,363.2,26,36.07555555555555,25.58666666666667,10.488888888888889,0.0,84.4,False,False,True,True
gru_negbin,dengue,4,SE,2026-05-31,50,2025-06-15,17.0,24.6,36.6,65.4,114.2,183.2,265.2,323.6,380.2,56,25.520000000000003,23.431111111111115,2.0888888888888903,0.0,58.2,False,True,True,True
gru_negbin,dengue,4,SE,2026-06-07,51,2025-06-15,16.6,24.4,36.6,66.6,117.4,189.8,276.6,338.6,399.0,69,23.17111111111111,23.17111111111111,0.0,0.0,48.400000000000006,True,True,True,True
gru_negbin,dengue,4,SE,2026-06-14,52,2025-06-15,16.6,24.4,36.6,67.0,119.6,195.8,286.8,352.4,416.2,92,21.646666666666665,21.646666666666665,0.0,0.0,27.599999999999994,True,True,True,True
gru_negbin,dengue,4,SE,2026-06-21,53,2025-06-15,17.2,25.4,38.2,70.2,125.2,205.2,301.4,370.6,438.2,51,32.034444444444446,27.767777777777773,4.2666666666666675,0.0,74.2,False,True,True,True
gru_negbin,dengue,4,SP,2025-10-05,16,2025-06-15,673.8,744.6,832.4,995.4,1200.0,1431.8,1663.8,1813.6,1950.8,2058,461.9144444444446,157.02555555555557,0.0,304.8888888888889,858.0,False,False,False,False
gru_negbin,dengue,4,SP,2025-10-12,17,2025-06-15,678.4,753.4,846.2,1019.2,1238.4,1487.0,1737.2,1899.4,2047.4,2084,418.9722222222221,160.08333333333334,0.0,258.88888888888886,845.5999999999999,False,False,False,False
gru_negbin,dengue,4,SP,2025-10-19,18,2025-06-15,679.4,758.8,858.2,1043.2,1279.4,1548.6,1821.2,1998.2,2160.4,2164,420.3433333333333,169.76555555555555,0.0,250.57777777777775,884.5999999999999,False,False,False,False
gru_negbin,dengue,4,SP,2025-10-26,19,2025-06-15,682.4,767.4,874.8,1077.0,1336.2,1634.6,1938.0,2135.8,2317.8,2118,313.18333333333334,165.76111111111106,0.0,147.42222222222225,781.8,False,False,True,True
gru_negbin,dengue,4,SP,2025-11-02,20,2025-06-15,692.2,786.6,906.0,1132.8,1427.6,1770.0,2120.8,2350.8,2562.6,2118,244.2111111111111,166.8777777777778,0.0,77.33333333333333,690.4000000000001,False,True,True,True
gru_negbin,dengue,4,SP,2025-11-09,21,2025-06-15,697.6,802.2,936.6,1195.2,1535.4,1935.0,2349.2,2622.2,2874.8,2246,252.87555555555556,183.76444444444445,0.0,69.11111111111111,710.5999999999999,False,True,True,True
gru_negbin,dengue,4,SP,2025-11-16,22,2025-06-15,698.8,816.6,969.2,1266.8,1665.8,2141.6,2640.0,2970.8,3278.6,1957,156.35222222222222,156.35222222222222,0.0,0.0,291.20000000000005,True,True,True,True
gru_negbin,dengue,4,SP,2025-11-23,23,2025-06-15,692.4,824.2,997.6,1342.8,1814.6,2387.0,2994.2,3400.8,3781.0,2143,184.65666666666667,184.65666666666667,0.0,0.0,328.4000000000001,True,True,True,True
gru_negbin,dengue,4,SP,2025-11-30,24,2025-06-15,688.6,837.0,1036.0,1440.4,2005.2,2703.2,3454.0,3961.4,4438.0,2132,193.52333333333334,193.52333333333334,0.0,0.0,126.79999999999995,True,True,True,True
gru_negbin,dengue,4,SP,2025-12-07,25,2025-06-15,689.6,857.2,1085.4,1559.2,2235.6,3086.8,4014.0,4646.0,5242.0,1940,250.17999999999998,250.17999999999998,0.0,0.0,295.5999999999999,True,True,True,True
gru_negbin,dengue,4,SP,2025-12-14,26,2025-06-15,707.2,897.6,1160.6,1717.4,2529.6,3568.0,4712.2,5497.6,6241.8,1783,346.54999999999995,346.54999999999995,0.0,0.0,746.5999999999999,True,True,True,True
gru_negbin,dengue,4,SP,2025-12-21,27,2025-06-15,752.0,969.0,1273.0,1925.8,2892.2,4141.8,5530.4,6487.6,7397.4,1553,547.6011111111111,464.7566666666666,82.84444444444443,0.0,1339.1999999999998,False,True,True,True
gru_negbin,dengue,4,SP,2025-12-28,28,2025-06-15,832.4,1083.0,1436.4,2202.6,3346.4,4835.8,6499.0,7648.6,8742.8,1611,699.9777777777779,568.5111111111112,131.46666666666664,0.0,1735.4,False,True,True,True
gru_negbin,dengue,4,SP,2026-01-04,29,2025-06-15,805.4,1049.0,1392.8,2138.2,3252.2,4703.6,6324.6,7445.6,8512.6,1864,581.1866666666667,520.2533333333334,60.933333333333294,0.0,1388.1999999999998,False,True,True,True
gru_negbin,dengue,4,SP,2026-01-11,30,2025-06-15,922.2,1207.2,1611.2,2492.4,3815.4,5546.2,7485.0,8827.8,10107.4,1920,773.6866666666667,646.4866666666666,127.20000000000002,0.0,1895.4,False,True,True,True
gru_negbin,dengue,4,SP,2026-01-18,31,2025-06-15,1099.4,1436.4,1914.8,2956.6,4521.0,6566.6,8857.6,10444.4,11956.6,1914,1036.78,804.9133333333334,231.86666666666665,0.0,2607.0,False,False,True,True
gru_negbin,dengue,4,SP,2026-01-25,32,2025-06-15,1355.0,1759.6,2330.8,3570.4,5423.8,7840.2,10540.8,12409.4,14188.2,1849,1496.0822222222223,1006.482222222222,489.6000000000001,0.0,3574.8,False,False,True,True
gru_negbin,dengue,4,SP,2026-02-01,33,2025-06-15,1679.4,2163.6,2844.6,4313.2,6496.8,9333.0,12493.4,14676.0,16752.4,2142,1843.3499999999997,1199.927777777778,643.4222222222221,0.0,4354.8,False,False,False,True
gru_negbin,dengue,4,SP,2026-02-08,34,2025-06-15,2060.8,2633.0,3432.6,5146.8,7679.8,10953.6,14589.8,17096.0,19477.2,2298,2385.6177777777775,1425.9733333333334,959.6444444444444,0.0,5381.8,False,False,False,True
gru_negbin,dengue,4,SP,2026-02-15,35,2025-06-15,2459.6,3113.2,4020.6,5950.6,8779.2,12412.8,16431.0,19193.6,21814.2,2655,2739.1055555555554,1601.461111111111,1137.6444444444446,0.0,6124.200000000001,False,False,False,True
gru_negbin,dengue,4,SP,2026-02-22,36,2025-06-15,2910.4,3650.0,4668.8,6815.0,9930.8,13902.0,18270.2,21263.8,24098.2,2668,3454.638888888889,1816.372222222222,1638.2666666666669,0.0,7262.799999999999,False,False,False,False
gru_negbin,dengue,4,SP,2026-03-01,37,2025-06-15,3414.4,4236.8,5359.8,7698.8,11054.2,15291.4,19920.6,23079.8,26063.8,2901,4010.003333333333,1986.4922222222222,2023.5111111111114,0.0,8153.200000000001,False,False,False,False
gru_negbin,dengue,4,SP,2026-03-08,38,2025-06-15,3920.0,4806.8,6004.4,8466.6,11951.4,16303.6,21020.0,24223.0,27239.4,2821,4776.356666666667,2128.8455555555556,2647.511111111111,0.0,9130.4,False,False,False,False
gru_negbin,dengue,4,SP,2026-03-15,39,2025-06-15,4429.4,5368.8,6624.6,9174.4,12736.2,17136.6,21866.8,25063.8,28065.8,3396,4838.606666666667,2169.006666666666,2669.6,0.0,9340.2,False,False,False,False
gru_negbin,dengue,4,SP,2026-03-22,40,2025-06-15,4880.6,5851.4,7137.6,9720.2,13284.4,17645.0,22297.8,25428.0,28359.0,3360,5372.224444444445,2227.8244444444445,3144.4,0.0,9924.4,False,False,False,False
gru_negbin,dengue,4,SP,2026-03-29,41,2025-06-15,5162.2,6130.2,7402.8,9933.6,13389.8,17581.2,22024.6,25001.6,27782.6,3403,5531.857777777777,2194.791111111111,3337.0666666666675,0.0,9986.8,False,False,False,False
gru_negbin,dengue,4,SP,2026-04-05,42,2025-06-15,5342.0,6292.4,7534.2,9983.2,13298.4,17289.4,21497.0,24306.0,26924.4,3667,5325.015555555556,2106.3933333333334,3218.6222222222223,0.0,9631.4,False,False,False,False
gru_negbin,dengue,4,SP,2026-04-12,43,2025-06-15,5441.6,6366.0,7566.6,9919.2,13080.4,16862.2,20829.8,23470.6,25927.6,3462,5485.344444444444,2053.0333333333333,3432.3111111111116,0.0,9618.4,False,False,False,False
gru_negbin,dengue,4,SP,2026-04-19,44,2025-06-15,5335.4,6205.2,7330.2,9521.2,12446.0,15925.2,19560.0,21972.6,24213.4,3433,5166.844444444444,1909.0666666666666,3257.7777777777783,0.0,9013.0,False,False,False,False
gru_negbin,dengue,4,SP,2026-04-26,45,2025-06-15,5009.2,5802.8,6825.4,8808.8,11444.6,14568.4,17821.6,19977.2,21977.2,3239,4725.653333333333,1727.8311111111116,2997.8222222222225,0.0,8205.6,False,False,False,False
gru_negbin,dengue,4,SP,2026-05-03,46,2025-06-15,4518.2,5219.2,6120.4,7863.8,10173.0,12902.8,15739.6,17617.0,19356.8,3483,3632.6944444444443,1457.2277777777776,2175.4666666666662,0.0,6690.0,False,False,False,False
gru_negbin,dengue,4,SP,2026-05-10,47,2025-06-15,3920.2,4520.2,5290.6,6777.6,8743.6,11062.8,13470.0,15061.0,16535.2,2703,3433.012222222222,1278.2122222222222,2154.8000000000006,0.0,6040.6,False,False,False,False
gru_negbin,dengue,4,SP,2026-05-17,48,2025-06-15,3287.0,3785.8,4425.4,5659.4,7289.2,9210.4,11202.8,12519.2,13738.8,2340,2785.701111111111,1052.901111111111,1732.8,0.0,4949.2,False,False,False,False
gru_negbin,dengue,4,SP,2026-05-24,49,2025-06-15,2689.4,3095.0,3615.2,4617.6,5941.6,7502.0,9119.6,10188.4,11178.4,2150,2033.652222222222,829.8300000000002,1203.8222222222223,0.0,3791.6000000000004,False,False,False,False
gru_negbin,dengue,4,SP,2026-05-31,50,2025-06-15,2181.2,2506.0,2921.6,3723.2,4780.8,6026.6,7318.0,8170.6,8960.8,1731,1644.691111111111,665.1355555555556,979.5555555555555,0.0,3049.8,False,False,False,False
gru_negbin,dengue,4,SP,2026-06-07,51,2025-06-15,1749.8,2007.0,2336.8,2971.8,3809.6,4797.0,5820.2,6496.2,7122.2,1495,1201.3577777777778,515.7133333333333,685.6444444444446,0.0,2314.6,False,False,False,False
gru_negbin,dengue,4,SP,2026-06-14,52,2025-06-15,1401.6,1603.6,1862.4,2360.6,3017.4,3791.0,4592.8,5122.6,5613.0,1263,881.1722222222221,397.5722222222223,483.59999999999997,0.0,1754.4,False,False,False,False
gru_negbin,dengue,4,SP,2026-06-21,53,2025-06-15,1098.8,1254.4,1452.8,1834.8,2337.8,2928.8,3540.6,3944.8,4318.6,1132,543.5988888888888,288.93222222222226,254.66666666666666,0.0,1205.8000000000002,False,False,False,True
gru_negbin,dengue,4,TO,2025-10-05,16,2025-06-15,6.2,8.0,9.8,13.8,19.6,26.2,33.4,38.2,42.6,20,1.7955555555555551,1.7955555555555551,0.0,0.0,0.3999999999999986,True,True,True,True
gru_negbin,dengue,4,TO,2025-10-12,17,2025-06-15,6.2,8.0,10.4,14.6,21.0,28.6,36.6,42.2,47.2,29,2.945555555555555,2.8566666666666665,0.0,0.08888888888888857,8.0,False,True,True,True
gru_negbin,dengue,4,TO,2025-10-19,18,2025-06-15,6.2,8.4,10.6,16.0,22.8,31.6,41.2,47.8,53.6,37,5.025555555555555,3.8255555555555554,0.0,1.1999999999999997,14.2,False,True,True,True
gru_negbin,dengue,4,TO,2025-10-26,19,2025-06-15,6.6,8.6,11.4,17.2,25.6,36.2,47.8,55.6,63.4,34,3.6355555555555554,3.6355555555555554,0.0,0.0,8.399999999999999,True,True,True,True
gru_negbin,dengue,4,TO,2025-11-02,20,2025-06-15,6.6,9.0,12.0,19.0,29.0,42.2,56.6,66.8,76.0,35,3.974444444444445,3.974444444444445,0.0,0.0,6.0,True,True,True,True
gru_negbin,dengue,4,TO,2025-11-09,21,2025-06-15,6.8,9.0,12.6,20.4,32.4,48.6,66.8,79.4,91.4,45,5.423333333333334,5.423333333333334,0.0,0.0,12.600000000000001,True,True,True,True
gru_negbin,dengue,4,TO,2025-11-16,22,2025-06-15,6.6,9.0,13.0,22.2,36.6,56.4,78.6,94.6,109.8,46,5.926666666666666,5.926666666666666,0.0,0.0,9.399999999999999,True,True,True,True
gru_negbin,dengue,4,TO,2025-11-23,23,2025-06-15,5.8,9.0,13.2,24.2,41.0,65.0,93.0,113.0,132.0,83,14.563333333333333,10.563333333333333,0.0,4.0,42.0,False,True,True,True
gru_negbin,dengue,4,TO,2025-11-30,24,2025-06-15,6.0,9.4,14.6,26.2,47.0,75.8,110.2,134.8,158.4,87,14.053333333333333,11.564444444444442,0.0,2.4888888888888894,40.0,False,True,True,True
gru_negbin,dengue,4,TO,2025-12-07,25,2025-06-15,6.2,10.2,15.6,29.6,53.6,88.0,129.2,158.8,187.4,98,15.582222222222223,13.360000000000001,0.0,2.2222222222222223,44.4,False,True,True,True
gru_negbin,dengue,4,TO,2025-12-14,26,2025-06-15,7.4,11.6,18.2,34.2,62.0,101.8,149.2,183.6,216.6,96,13.517777777777777,13.517777777777777,0.0,0.0,34.0,True,True,True,True
gru_negbin,dengue,4,TO,2025-12-21,27,2025-06-15,9.6,14.4,22.0,41.0,73.0,118.2,172.0,210.4,248.0,117,16.013333333333335,16.013333333333335,0.0,0.0,44.0,True,True,True,True
gru_negbin,dengue,4,TO,2025-12-28,28,2025-06-15,12.4,18.4,27.8,49.8,86.0,136.4,196.4,239.0,279.8,162,26.62777777777778,20.93888888888889,0.0,5.688888888888887,76.0,False,True,True,True
gru_negbin,dengue,4,TO,2026-01-04,29,2025-06-15,12.4,18.6,27.6,49.4,86.0,137.2,197.8,240.6,282.0,263,79.71333333333332,32.291111111111114,0.0,47.422222222222224,177.0,False,False,False,True
gru_negbin,dengue,4,TO,2026-01-11,30,2025-06-15,16.6,23.8,34.4,60.0,100.8,157.4,223.2,270.0,314.8,406,194.26555555555555,47.91,0.0,146.35555555555553,305.2,False,False,False,False
gru_negbin,dengue,4,TO,2026-01-18,31,2025-06-15,21.8,30.2,42.6,71.8,117.6,179.6,251.2,301.6,350.2,460,221.81999999999996,53.50888888888888,0.0,168.31111111111107,342.4,False,False,False,False
gru_negbin,dengue,4,TO,2026-01-25,32,2025-06-15,28.2,38.4,53.0,86.6,137.8,206.4,284.6,339.2,391.4,585,315.38444444444445,66.85111111111112,0.0,248.53333333333336,447.2,False,False,False,False
gru_negbin,dengue,4,TO,2026-02-01,33,2025-06-15,36.8,48.8,66.4,104.4,162.6,239.0,325.0,384.8,442.4,765,456.9888888888888,86.14444444444445,0.0,370.8444444444445,602.4,False,False,False,False
gru_negbin,dengue,4,TO,2026-02-08,34,2025-06-15,46.2,60.2,80.2,123.4,187.0,270.0,362.8,426.8,487.8,741,397.3066666666666,82.50666666666666,0.0,314.8,554.0,False,False,False,False
gru_negbin,dengue,4,TO,2026-02-15,35,2025-06-15,54.8,70.4,92.6,139.2,207.6,296.2,393.6,461.0,524.8,741,367.94,81.62888888888887,0.0,286.31111111111113,533.4,False,False,False,False
gru_negbin,dengue,4,TO,2026-02-22,36,2025-06-15,61.6,78.4,101.2,150.2,221.0,312.0,411.6,480.0,544.8,775,384.94444444444446,84.58888888888889,0.0,300.3555555555556,554.0,False,False,False,False
gru_negbin,dengue,4,TO,2026-03-01,37,2025-06-15,67.8,85.0,109.2,160.0,233.0,325.8,427.2,497.0,562.6,736,330.91555555555556,79.49333333333334,0.0,251.42222222222225,503.0,False,False,False,False
gru_negbin,dengue,4,TO,2026-03-08,38,2025-06-15,72.8,91.2,116.4,168.8,244.2,338.8,442.6,513.4,580.2,718,298.4033333333333,76.84777777777778,0.0,221.55555555555554,473.8,False,False,False,False
gru_negbin,dengue,4,TO,2026-03-15,39,2025-06-15,77.2,96.0,122.2,176.0,253.0,350.0,456.0,528.2,596.4,768,335.6377777777777,81.99333333333334,0.0,253.64444444444447,515.0,False,False,False,False
gru_negbin,dengue,4,TO,2026-03-22,40,2025-06-15,80.8,100.4,127.0,182.2,261.0,360.2,468.0,541.4,610.8,740,296.22222222222223,78.53333333333335,0.0,217.6888888888889,479.0,False,False,False,False
gru_negbin,dengue,4,TO,2026-03-29,41,2025-06-15,85.2,105.6,134.0,191.6,273.4,376.4,488.6,564.6,636.6,780,316.77666666666664,82.5988888888889,0.0,234.17777777777778,506.6,False,False,False,False
gru_negbin,dengue,4,TO,2026-04-05,42,2025-06-15,91.2,112.6,141.4,200.6,284.4,389.2,502.4,579.2,652.0,904,427.46666666666664,95.64444444444445,0.0,331.8222222222222,619.6,False,False,False,False
gru_negbin,dengue,4,TO,2026-04-12,43,2025-06-15,96.6,118.8,148.2,208.2,292.6,397.6,510.6,587.6,659.4,845,360.4666666666667,88.28888888888889,0.0,272.1777777777777,552.4,False,False,False,False
gru_negbin,dengue,4,TO,2026-04-19,44,2025-06-15,100.2,122.2,151.8,212.0,295.8,399.4,510.6,586.0,656.8,821,336.36333333333334,84.98555555555556,0.0,251.3777777777778,525.2,False,False,False,False
gru_negbin,dengue,4,TO,2026-04-26,45,2025-06-15,99.8,121.8,151.2,210.8,294.0,396.6,506.8,581.6,651.6,795,313.93222222222215,82.06555555555556,0.0,231.86666666666665,501.0,False,False,False,False
gru_negbin,dengue,4,TO,2026-05-03,46,2025-06-15,95.4,116.8,145.0,202.4,282.6,382.0,488.6,561.2,628.6,824,360.24666666666667,85.66888888888889,0.0,274.5777777777778,541.4,False,False,False,False
gru_negbin,dengue,4,TO,2026-05-10,47,2025-06-15,87.8,107.4,134.2,187.6,262.8,355.6,455.4,523.2,586.6,712,279.81777777777774,73.77333333333335,0.0,206.04444444444442,449.2,False,False,False,False
gru_negbin,dengue,4,TO,2026-05-17,48,2025-06-15,77.0,94.6,118.0,166.2,233.4,316.8,406.6,467.6,524.6,700,314.23333333333335,73.25555555555556,0.0,240.97777777777776,466.6,False,False,False,False
gru_negbin,dengue,4,TO,2026-05-24,49,2025-06-15,66.0,81.4,101.6,143.8,202.8,276.4,355.6,409.0,459.2,723,385.92444444444453,76.63555555555554,0.0,309.2888888888889,520.2,False,False,False,False
gru_negbin,dengue,4,TO,2026-05-31,50,2025-06-15,55.4,68.6,86.2,122.2,173.4,236.8,305.2,352.0,395.6,634,344.42777777777775,67.44999999999999,0.0,276.9777777777778,460.6,False,False,False,False
gru_negbin,dengue,4,TO,2026-06-07,51,2025-06-15,45.6,56.6,71.4,101.8,144.4,197.4,255.0,294.2,331.0,549,307.10555555555555,58.57222222222222,0.0,248.53333333333336,404.6,False,False,False,False
gru_negbin,dengue,4,TO,2026-06-14,52,2025-06-15,37.6,46.6,58.8,83.8,118.8,162.4,209.6,241.6,271.6,488,289.2733333333333,52.20666666666666,0.0,237.06666666666666,369.2,False,False,False,False
gru_negbin,dengue,4,TO,2026-06-21,53,2025-06-15,31.0,38.4,48.2,68.4,96.6,131.6,169.6,195.0,219.0,363,202.32666666666668,38.593333333333334,0.0,163.73333333333332,266.4,False,False,False,False
